Transaction_Type,Age,Income,Transaction_Amount,Transactions_24h,Account_Age_Years,Distance_From_Home_Km,Device_Risk_Score,International_Transaction,Is_Fraud
ATM,24.0,88703.31,983.54,3.0,4.11,22.48,0.116,Yes,0
POS,30.0,113598.86,2368.21,4.0,9.8,77.79,0.042,No,0
Transfer,39.0,50010.26,138655.8,6.0,7.77,19.99,0.256,No,0
POS,29.0,33763.13,5675.63,7.0,4.4,18.55,0.378,Yes,0
Online,33.0,40728.36,5836.97,4.0,5.01,9.21,0.081,No,0
Transfer,41.0,55682.47,398.92,3.0,5.89,4.36,0.34,No,0
ATM,32.0,22271.8,,3.0,3.88,38.5,0.234,Yes,0
ATM,38.0,34779.84,1357.35,2.0,6.64,24.49,0.193,No,0
Online,54.0,85829.64,3166.36,6.0,6.47,14.42,0.269,No,0
POS,34.0,28109.09,977.64,3.0,1.66,24.12,0.172,No,0
POS,49.0,32123.93,3623.45,8.0,3.53,37.99,0.222,No,0
Transfer,42.0,,32060.98,5.0,3.64,22.56,0.355,No,1
POS,20.0,51114.92,2839.01,8.0,4.23,30.24,0.235,No,0
ATM,24.0,33967.72,1578.45,2.0,5.81,8.56,0.187,No,0
POS,27.0,46585.83,1982.05,4.0,5.54,17.33,0.102,No,1
Online,27.0,59159.39,575.37,5.0,2.84,52.76,0.271,No,0
POS,35.0,108778.73,10646.74,7.0,9.02,45.33,0.156,No,0
Online,43.0,42514.81,3418.4,3.0,5.02,9.46,0.142,No,0
ATM,50.0,44171.45,875.81,4.0,9.39,7.9,0.529,Yes,0
POS,39.0,89480.08,904.81,10.0,9.32,7.87,0.193,No,0
ATM,31.0,35146.95,2538.5,2.0,1.82,32.75,0.266,Yes,0
POS,18.0,24796.53,6348.93,6.0,3.53,2.13,0.173,No,0
Transfer,37.0,50363.89,120814.03,7.0,3.75,18.78,0.602,Yes,0
Transfer,36.0,73035.18,7611.8,3.0,5.94,38.38,0.138,No,0
ATM,38.0,,2281.1,,7.18,10.39,0.086,Yes,0
Online,59.0,43077.7,986.14,1.0,5.44,15.22,0.276,No,0
POS,50.0,23450.35,1566.12,4.0,3.35,3.98,0.209,No,0
Online,45.0,43833.41,14365.72,6.0,9.95,13.39,0.03,No,0
Online,25.0,78381.05,623.8,3.0,3.68,52.39,0.167,No,0
POS,30.0,25824.14,1202.49,5.0,7.23,19.5,0.201,No,0
ATM,35.0,40307.04,6481.0,5.0,4.89,12.61,0.212,No,0
Transfer,27.0,37799.44,3104.17,2.0,4.8,16.89,0.28,No,0
Online,42.0,32874.44,1133.21,4.0,7.02,28.44,0.519,No,0
POS,40.0,50311.21,6560.61,4.0,9.63,16.33,0.15,No,0
POS,24.0,54934.95,6879.78,3.0,5.91,20.49,0.407,Yes,1
Online,49.0,54676.53,3482.26,8.0,3.53,9.92,0.24,No,1
Online,37.0,28994.27,1355.13,5.0,9.44,13.02,0.295,No,0
POS,,21455.26,1580.89,3.0,6.48,90.97,0.024,No,0
,35.0,50639.77,3323.33,2.0,5.51,62.99,0.052,No,0
POS,39.0,35837.65,673.25,3.0,8.08,32.58,0.301,No,0
POS,47.0,102914.96,9431.69,,5.97,49.9,0.263,No,0
ATM,32.0,105076.84,13687.73,2.0,12.37,20.26,0.211,No,0
ATM,45.0,110219.4,1974.54,1.0,5.01,8.01,0.311,No,0
Online,38.0,,3569.39,7.0,8.45,8.58,0.162,Yes,0
ATM,22.0,58141.44,8183.28,3.0,6.33,40.91,0.454,Yes,0
ATM,20.0,66592.44,17669.7,5.0,6.32,72.1,0.106,No,0
,48.0,63302.31,11861.19,5.0,3.91,5.68,0.143,No,0
Online,49.0,38366.45,440.76,5.0,3.93,2.69,0.119,Yes,0
POS,40.0,80020.81,1823.46,4.0,6.49,14.14,0.537,,0
Online,52.0,45009.62,4124.64,4.0,2.4,9.77,0.453,Yes,0
Online,48.0,47670.38,1525.12,5.0,3.27,28.81,0.406,No,0
Online,44.0,22525.26,14865.71,1.0,5.05,20.04,0.358,Yes,0
ATM,26.0,60147.91,12751.72,6.0,8.72,15.14,0.179,No,0
POS,55.0,40023.92,1105.57,3.0,5.24,25.77,0.21,No,0
ATM,42.0,55468.37,2125.25,5.0,5.19,2.0,0.083,No,0
ATM,32.0,50022.04,1181.44,3.0,1.82,16.28,0.053,No,0
POS,29.0,48817.26,2056.82,3.0,10.09,6.21,0.243,No,0
POS,39.0,44083.76,1995.43,7.0,8.32,26.91,0.296,No,0
,18.0,64112.05,,1.0,8.66,40.93,0.54,No,0
Online,44.0,41147.4,1028.22,7.0,0.64,20.82,0.05,No,0
POS,26.0,23378.66,182.6,3.0,6.05,18.46,0.238,No,0
POS,40.0,58130.62,502.45,5.0,2.19,14.29,0.093,No,0
POS,30.0,31268.46,894.03,5.0,7.31,12.49,0.168,No,0
ATM,33.0,24797.55,1297.71,9.0,5.97,22.91,0.238,No,0
POS,28.0,28407.49,3014.59,7.0,6.56,36.36,0.279,Yes,0
POS,34.0,51119.3,849.16,3.0,2.85,9.66,0.118,Yes,0
POS,57.0,43087.33,744.67,3.0,1.88,15.23,0.302,No,0
Online,51.0,,986.93,7.0,3.08,36.1,0.261,Yes,0
Online,40.0,37864.63,819.25,7.0,5.92,12.04,0.215,No,0
POS,36.0,76158.49,1435.91,3.0,4.27,13.28,0.124,No,0
Online,45.0,36729.47,1375.76,3.0,5.76,38.81,0.139,No,0
POS,48.0,41770.82,4979.59,4.0,1.93,51.89,0.207,No,0
Transfer,27.0,,,5.0,4.98,3.96,0.19,No,0
Online,35.0,64369.03,1748.39,1.0,9.19,26.84,0.206,No,0
Online,18.0,71268.22,1449.57,6.0,6.0,24.77,0.23,No,0
Online,48.0,15000.0,,2.0,6.18,36.37,0.138,No,0
Online,59.0,98174.63,2142.58,8.0,6.21,41.24,0.268,No,0
POS,37.0,59921.94,7149.11,6.0,3.46,7.64,0.207,Yes,0
POS,18.0,136227.58,789.72,7.0,9.9,5.27,0.219,Yes,0
ATM,43.0,31646.13,2379.58,4.0,6.07,26.72,0.139,No,0
,26.0,,1405.51,4.0,5.53,10.19,0.133,No,0
POS,29.0,45146.41,733.63,4.0,7.06,23.67,0.385,Yes,0
ATM,43.0,39755.37,2336.79,6.0,7.82,5.91,0.463,No,0
Online,39.0,60389.26,14142.98,6.0,1.26,65.78,0.105,Yes,0
Online,31.0,72994.22,1065.43,6.0,5.17,13.35,0.125,No,1
Online,29.0,43266.56,2200.83,1.0,11.71,9.05,0.496,No,0
ATM,37.0,40380.37,673.05,4.0,9.97,3.08,0.188,No,0
POS,31.0,56933.64,581.04,4.0,4.68,25.28,0.358,No,0
Online,24.0,40097.52,1137.73,5.0,7.18,12.45,0.181,,0
POS,32.0,38616.15,1594.1,6.0,4.02,31.31,0.375,No,0
Online,40.0,71763.3,1666.47,1.0,6.06,29.18,0.184,No,0
POS,34.0,79325.73,1994.25,1.0,3.63,27.18,0.257,No,0
POS,20.0,73291.69,480.93,3.0,3.57,4.58,0.238,No,1
POS,47.0,41719.1,1336.89,2.0,3.22,1.07,0.531,No,0
Online,,17180.2,4129.06,0.0,10.05,26.8,0.458,No,0
POS,31.0,42096.72,,4.0,3.56,18.26,0.214,No,0
POS,29.0,31994.74,1752.68,6.0,8.43,46.46,0.099,No,0
Online,38.0,42448.27,3350.58,3.0,3.71,15.56,0.592,No,0
Online,42.0,33270.52,1143.42,4.0,3.36,23.86,0.048,No,0
Transfer,48.0,44581.97,3517.73,3.0,6.17,2.0,0.3,No,0
Transfer,28.0,28190.6,546.16,6.0,1.1,57.42,0.187,No,0
POS,42.0,25288.24,6078.39,4.0,6.99,11.26,0.221,Yes,0
Online,38.0,,3604.17,3.0,4.59,12.68,0.123,No,0
Transfer,18.0,29087.73,2643.11,1.0,3.35,35.93,0.218,No,0
ATM,57.0,45006.72,7699.14,6.0,2.7,75.41,0.276,No,0
ATM,20.0,69144.2,1798.48,3.0,10.91,18.18,0.344,No,0
POS,41.0,67904.3,1347.75,6.0,4.9,83.36,0.432,No,0
Online,40.0,64350.47,9863.44,7.0,4.77,17.46,0.154,No,0
Online,39.0,51570.63,15753.41,9.0,7.62,2.99,0.641,No,0
,31.0,62331.32,1249.64,2.0,2.48,9.42,0.353,No,0
POS,45.0,83475.41,2231.22,4.0,8.4,31.06,0.169,No,0
Online,19.0,54484.85,7108.8,3.0,4.89,40.11,0.318,No,0
Online,35.0,19686.27,2312.08,4.0,0.85,22.9,0.038,Yes,0
,30.0,35474.8,4530.71,5.0,3.41,67.87,0.26,No,0
Online,29.0,61561.03,5455.88,6.0,1.71,37.83,0.519,No,0
Transfer,41.0,33935.76,1424.74,8.0,5.24,16.46,0.07,Yes,0
ATM,48.0,93289.75,3802.15,3.0,2.62,32.6,0.19,Yes,0
ATM,32.0,43738.62,2484.57,4.0,2.29,7.9,0.407,No,0
POS,45.0,46759.83,,8.0,5.88,21.4,0.1,No,0
POS,37.0,74649.02,929.26,6.0,5.13,10.2,0.129,,0
POS,26.0,41445.53,1301.96,7.0,8.63,50.87,0.183,Yes,0
POS,33.0,,6326.9,4.0,8.49,12.05,0.069,No,0
Online,33.0,67442.01,6538.11,8.0,5.18,7.83,0.415,No,0
POS,28.0,23199.73,5292.04,5.0,6.5,20.1,0.132,No,0
Online,41.0,39578.19,3882.2,4.0,0.78,9.9,0.253,No,0
POS,39.0,65351.57,3777.71,5.0,7.09,23.58,0.051,No,0
Online,19.0,46348.2,3299.76,4.0,6.23,34.69,0.277,,0
Online,18.0,87091.8,3758.0,4.0,7.86,35.27,0.101,No,0
Online,41.0,22142.46,4021.49,6.0,4.08,18.98,0.596,No,0
POS,27.0,21034.45,613.77,3.0,4.11,49.87,0.144,No,0
Online,39.0,63625.95,1134.33,3.0,4.13,65.98,0.38,No,0
Transfer,45.0,66438.44,893.48,2.0,9.3,11.78,0.16,No,0
POS,22.0,41252.02,7564.27,7.0,5.85,26.17,0.354,No,0
Online,20.0,53884.34,13070.93,8.0,0.51,19.6,0.291,No,0
POS,54.0,62928.91,285.72,5.0,6.93,0.29,0.067,No,0
Online,40.0,31200.19,11954.47,2.0,3.61,26.58,0.122,No,0
Transfer,31.0,32739.45,2726.48,3.0,8.25,30.64,0.113,No,0
POS,,49010.73,6882.7,,6.62,8.66,0.152,Yes,0
ATM,30.0,67592.87,,4.0,8.72,17.19,0.214,No,0
Online,23.0,26628.49,10555.91,4.0,8.12,15.96,0.271,No,0
POS,46.0,41164.9,3083.4,7.0,7.81,12.7,0.366,No,0
POS,,40316.31,639.44,2.0,8.4,12.95,0.494,,0
Transfer,48.0,54311.94,2249.29,4.0,7.45,10.49,0.245,No,0
POS,32.0,44824.2,4186.84,6.0,2.92,34.89,0.02,,0
POS,25.0,35198.9,2014.42,2.0,1.57,34.41,0.198,No,0
Online,31.0,,4826.02,2.0,2.51,12.39,0.43,No,0
Online,18.0,35304.01,2341.04,5.0,7.19,7.11,0.09,Yes,0
POS,35.0,39457.3,1378.2,4.0,0.1,24.68,0.2,No,0
POS,34.0,21987.82,843.93,2.0,4.95,7.95,0.164,No,0
Online,45.0,,1689.57,2.0,4.2,28.06,0.276,No,0
ATM,18.0,56763.68,3067.5,6.0,8.67,38.98,0.353,No,0
Transfer,49.0,51983.86,352.36,2.0,4.65,40.5,0.288,No,0
Online,45.0,58935.59,1145.93,1.0,3.89,30.02,0.511,No,0
POS,50.0,57662.35,339.46,2.0,8.95,18.01,0.144,,0
Online,35.0,115138.28,1348.8,3.0,4.72,58.86,0.301,Yes,0
POS,47.0,32140.79,8278.03,8.0,4.24,23.12,0.063,No,0
Online,20.0,21713.23,763.51,5.0,3.53,45.05,0.154,Yes,0
POS,,28047.9,5050.31,0.0,5.86,25.84,0.041,Yes,0
ATM,28.0,32786.58,43168.71,7.0,4.01,21.05,0.155,No,0
,18.0,29026.68,10695.56,3.0,4.02,26.15,0.061,No,0
Online,24.0,46937.17,2857.09,6.0,9.35,35.39,0.613,No,0
Transfer,36.0,79071.87,5898.66,4.0,5.15,14.29,0.289,No,0
Online,,89972.95,635.47,2.0,3.66,36.45,0.255,No,0
Online,40.0,56463.89,518.34,2.0,2.01,60.11,0.075,No,0
POS,18.0,117946.95,2572.78,4.0,5.6,28.16,0.384,No,1
POS,18.0,38332.37,3724.38,3.0,3.32,54.9,0.287,No,0
ATM,51.0,21585.65,7468.51,4.0,3.9,31.23,0.452,No,0
ATM,46.0,72283.26,1415.56,5.0,2.45,12.05,0.267,,0
Online,,19673.94,3033.41,4.0,5.59,11.84,0.149,No,0
Transfer,36.0,32037.63,2931.17,4.0,1.09,6.71,0.271,,0
Online,47.0,56866.87,2192.18,2.0,6.23,25.07,0.125,No,1
POS,41.0,42973.81,2325.22,,3.36,3.81,0.176,No,0
Online,38.0,41294.68,1063.52,5.0,7.15,13.35,0.369,No,0
Transfer,48.0,26451.34,3306.86,6.0,6.46,30.45,0.272,No,0
Online,28.0,44781.78,3038.43,4.0,5.31,9.87,0.201,No,0
Online,36.0,70690.46,1610.07,3.0,7.54,11.29,0.195,No,0
POS,36.0,45406.17,,3.0,9.67,52.38,0.152,Yes,0
Transfer,33.0,30971.3,6987.5,3.0,8.81,31.1,0.368,No,0
Transfer,32.0,25668.64,4921.76,6.0,1.07,22.47,0.162,No,0
ATM,37.0,31260.18,881.48,5.0,3.18,13.69,0.115,No,0
Transfer,36.0,53689.24,2761.95,8.0,3.55,14.27,0.176,No,0
Transfer,24.0,52524.7,1004.87,5.0,6.92,40.78,0.151,No,0
POS,45.0,31388.27,2753.42,7.0,3.43,31.67,0.335,No,0
Online,,16640.19,1008.79,5.0,3.32,17.47,0.507,No,0
ATM,34.0,54362.16,8966.13,6.0,2.8,5.7,0.109,No,0
POS,33.0,30044.94,5471.88,4.0,5.9,3.9,0.252,No,0
POS,40.0,61358.92,,2.0,6.9,14.02,0.278,No,0
Online,,32021.68,7156.44,1.0,1.37,29.45,0.204,No,0
ATM,46.0,28849.92,1907.3,6.0,3.46,27.12,0.36,No,0
Online,29.0,48211.13,1633.43,6.0,0.1,24.82,0.313,No,0
Transfer,49.0,130012.05,14267.93,,0.1,4.99,0.231,No,0
Online,31.0,63037.26,2119.48,5.0,6.45,35.31,0.347,Yes,0
Online,35.0,47844.74,645.14,5.0,5.95,22.69,0.656,No,0
ATM,,52886.37,6846.64,2.0,5.52,8.37,0.207,Yes,0
Online,33.0,20463.86,2886.56,2.0,9.76,37.59,0.192,No,0
Online,50.0,27156.31,11271.02,2.0,0.1,7.4,0.174,No,0
,36.0,15000.0,3187.57,4.0,0.1,24.74,0.019,No,0
Transfer,41.0,98013.55,2450.49,3.0,1.63,10.75,0.333,No,0
Online,37.0,89477.41,11500.74,9.0,0.1,15.27,0.254,No,0
Online,45.0,53700.96,536.78,6.0,3.16,26.76,0.09,Yes,0
ATM,28.0,47820.97,1392.26,3.0,6.75,20.45,0.593,No,0
Transfer,25.0,22386.25,1029.35,3.0,5.89,17.95,0.376,Yes,0
POS,29.0,40771.26,278.37,,8.08,8.93,0.087,Yes,0
Online,37.0,100810.13,5986.26,2.0,6.11,10.1,0.342,No,0
Online,34.0,47741.44,1431.71,2.0,3.79,10.64,0.313,Yes,0
Online,44.0,34902.96,6182.1,5.0,3.42,40.1,0.296,No,0
Online,50.0,20399.91,3689.08,5.0,6.31,71.37,0.16,No,0
POS,25.0,83746.98,4587.95,3.0,0.41,9.05,0.176,No,0
Online,28.0,43602.95,1585.49,4.0,0.1,54.73,0.116,No,0
POS,20.0,20412.19,1164.21,5.0,6.17,7.97,0.063,No,0
POS,58.0,29688.0,2734.78,4.0,5.7,24.81,0.135,No,0
POS,39.0,25324.45,6268.01,2.0,9.71,7.64,0.352,No,0
Online,41.0,42409.73,2377.17,5.0,7.09,43.0,0.224,Yes,0
ATM,21.0,49400.72,1239.06,4.0,5.93,35.33,0.367,Yes,0
ATM,36.0,35881.25,753.73,,4.06,41.23,0.273,No,0
ATM,42.0,63837.03,3066.25,4.0,2.57,12.94,0.122,No,0
Online,33.0,46624.38,1436.52,4.0,4.16,9.28,0.318,No,0
Online,48.0,72580.99,2326.93,8.0,7.87,40.04,0.207,No,0
Transfer,61.0,38318.21,,10.0,6.39,17.27,0.132,No,0
POS,26.0,177161.01,1602.97,7.0,7.8,17.44,0.243,No,0
Online,25.0,34905.44,3353.8,3.0,5.32,12.76,0.247,No,0
POS,26.0,29969.01,4352.69,2.0,2.3,16.25,0.101,No,0
POS,54.0,28355.68,,1.0,8.48,40.2,0.374,No,0
Transfer,47.0,40924.92,5334.84,1.0,8.21,11.7,0.541,No,0
Online,35.0,20756.74,12304.6,4.0,5.56,11.47,0.101,No,0
Transfer,36.0,51378.29,1102.62,3.0,6.67,9.49,0.34,No,0
Online,,19092.12,504.26,2.0,6.5,16.09,0.151,No,0
POS,46.0,48395.87,2464.18,4.0,3.59,42.51,0.232,Yes,0
POS,32.0,24498.19,5896.26,8.0,4.22,9.36,0.238,No,0
Online,33.0,37904.9,5040.23,5.0,2.27,10.87,0.125,No,0
Online,43.0,59068.97,8395.3,5.0,4.21,54.88,0.31,No,0
POS,34.0,126910.16,197.85,2.0,8.09,10.66,0.62,No,0
Transfer,33.0,27703.6,,3.0,7.52,19.25,0.158,Yes,0
POS,36.0,42056.74,3496.47,1.0,6.68,62.32,0.149,,0
Transfer,45.0,32491.26,533.81,5.0,7.88,16.43,0.272,Yes,0
ATM,54.0,,5154.24,5.0,3.9,75.68,0.192,No,0
POS,42.0,32619.96,2961.73,5.0,1.48,8.87,0.179,Yes,0
ATM,45.0,65202.15,3660.21,3.0,4.53,72.93,0.247,No,0
Online,34.0,36126.89,6789.65,1.0,4.77,15.9,0.398,Yes,0
Online,28.0,123823.01,3844.2,4.0,7.03,2.0,0.137,No,0
ATM,43.0,,573.19,4.0,6.53,2.96,0.163,No,0
ATM,38.0,,2166.83,3.0,8.03,13.06,0.327,No,0
Online,20.0,38154.56,495.91,4.0,0.1,22.91,0.036,No,0
POS,32.0,31369.35,4784.36,5.0,2.61,17.15,0.126,No,0
POS,35.0,64501.82,10117.44,3.0,4.73,46.7,0.087,No,0
Transfer,30.0,21524.93,722.41,3.0,6.44,26.86,0.13,No,0
POS,52.0,24612.01,1277.4,4.0,11.28,15.17,0.373,No,0
POS,41.0,34483.01,1034.5,2.0,2.07,21.43,0.326,,0
POS,51.0,61190.29,1587.86,6.0,2.87,13.74,0.324,No,0
POS,39.0,78377.71,3776.18,3.0,3.73,27.81,0.33,No,0
POS,37.0,83755.89,1605.16,,2.76,9.77,0.055,No,1
Transfer,26.0,57115.37,4800.98,4.0,2.34,28.15,0.501,No,0
POS,36.0,43352.41,7254.85,2.0,5.14,16.66,0.452,No,0
Online,36.0,64344.03,7523.64,8.0,7.95,13.37,0.143,No,0
Online,21.0,26886.85,817.18,6.0,5.36,45.8,0.411,No,0
ATM,30.0,19620.34,9996.35,3.0,2.42,61.87,0.061,,0
ATM,,54770.37,10830.47,4.0,4.41,22.15,0.323,No,0
Online,41.0,28620.04,11810.28,7.0,1.88,14.48,0.199,No,0
Online,41.0,43696.78,2135.02,4.0,7.95,14.78,0.479,No,0
POS,30.0,47488.84,1178.74,5.0,9.41,14.66,0.279,No,0
Online,41.0,50315.66,934.31,0.0,0.21,0.75,0.557,No,0
ATM,34.0,68625.81,830.7,7.0,5.69,30.28,0.21,Yes,0
Online,18.0,65437.55,2529.4,2.0,2.67,24.8,0.414,Yes,0
Online,31.0,49127.18,5836.57,1.0,5.19,20.52,0.064,Yes,0
Transfer,48.0,36883.18,9233.6,3.0,4.74,36.29,0.237,No,0
Online,18.0,47235.96,1538.39,10.0,0.98,7.26,0.242,No,0
Online,37.0,34410.71,2405.13,8.0,8.63,2.12,0.186,Yes,1
Online,53.0,,2252.64,3.0,4.54,14.18,0.169,No,0
Online,28.0,146180.26,1324.47,6.0,3.59,31.97,0.331,Yes,0
Online,36.0,48844.8,5217.61,2.0,5.35,21.79,0.382,No,0
Online,,55106.78,3593.54,5.0,2.39,17.33,0.397,,0
Online,54.0,32759.6,2880.93,8.0,4.45,63.64,0.152,No,0
Online,35.0,71214.43,3577.26,6.0,0.1,49.28,0.133,No,0
POS,37.0,63356.98,4626.23,4.0,0.1,34.45,0.039,No,0
POS,51.0,63559.16,4580.13,3.0,2.09,16.51,0.452,Yes,0
POS,43.0,49568.9,1080.91,3.0,3.4,105.25,0.372,No,0
Online,26.0,71668.26,6126.47,6.0,0.1,7.86,0.117,No,0
POS,29.0,79751.92,3227.34,2.0,3.51,42.01,0.108,,0
Transfer,41.0,51113.93,1618.78,2.0,3.4,44.19,0.4,No,0
Transfer,29.0,42737.93,3159.84,1.0,4.82,13.38,0.225,No,0
Online,18.0,,3528.13,0.0,6.84,50.98,0.227,No,0
Online,35.0,29958.29,7374.84,2.0,10.14,7.28,0.264,Yes,0
,20.0,32576.15,878.21,6.0,6.28,27.01,0.403,Yes,0
Online,54.0,43933.51,9405.32,8.0,2.05,40.37,0.203,No,1
POS,38.0,20553.92,2558.59,2.0,7.0,26.06,0.103,No,0
POS,26.0,65305.77,1507.02,4.0,9.2,4.9,0.198,No,0
Online,28.0,29176.14,1461.6,7.0,1.64,39.79,0.269,No,0
POS,18.0,36397.19,918.44,3.0,1.81,49.33,0.159,No,0
POS,24.0,40881.87,438.4,7.0,0.74,23.28,0.212,No,0
Online,47.0,45802.63,4921.88,6.0,3.31,3.5,0.238,No,0
ATM,61.0,38552.41,18122.91,6.0,6.12,22.23,0.303,Yes,0
Online,44.0,43656.21,,4.0,9.45,12.39,0.541,No,0
Transfer,35.0,43808.6,966.44,6.0,7.68,21.27,0.23,No,0
Online,31.0,36800.03,5300.89,4.0,6.16,33.94,0.084,No,0
ATM,25.0,31776.44,2388.47,3.0,5.14,6.71,0.54,No,0
Transfer,59.0,73209.54,5758.69,5.0,6.17,56.46,0.089,Yes,0
Transfer,34.0,17455.94,2258.2,4.0,6.35,15.9,0.396,No,0
ATM,59.0,41021.27,1398.87,4.0,8.91,23.64,0.216,No,0
ATM,51.0,36439.66,1994.61,4.0,4.94,13.59,0.351,Yes,0
POS,18.0,54332.29,230.89,4.0,5.79,33.93,0.581,No,0
ATM,29.0,23388.18,796.77,1.0,3.77,56.44,0.169,No,0
Online,29.0,35936.7,6453.16,0.0,5.34,10.3,0.181,Yes,0
POS,35.0,42974.23,104870.25,5.0,4.23,30.7,0.181,No,0
POS,35.0,72834.93,10200.7,6.0,1.43,11.63,0.615,Yes,0
Transfer,69.0,,,3.0,7.62,33.34,0.282,No,0
,24.0,26419.25,261.9,4.0,9.46,20.87,0.102,No,0
POS,39.0,36136.3,1324.83,2.0,4.89,38.73,0.223,Yes,0
POS,43.0,67046.45,9402.23,,6.0,25.17,0.17,No,0
Online,36.0,26214.53,12671.37,3.0,7.58,78.8,0.098,No,0
Online,37.0,43435.3,9766.31,4.0,4.57,13.69,0.509,No,0
POS,25.0,44815.69,1973.95,1.0,5.57,6.1,0.392,No,0
POS,37.0,37828.4,676.86,5.0,4.35,12.75,0.042,No,0
Online,42.0,151373.58,2400.46,1.0,3.35,12.93,0.21,No,0
POS,40.0,37372.43,2537.29,2.0,6.56,18.81,0.165,No,0
POS,,55094.88,11963.44,1.0,6.54,14.97,0.111,No,0
Online,52.0,31875.16,3139.56,1.0,7.77,23.65,0.135,No,0
POS,46.0,57062.61,2542.05,5.0,4.99,3.79,0.033,No,0
POS,37.0,66587.5,2690.66,3.0,1.4,14.9,0.134,No,0
Online,23.0,34538.64,3729.04,,8.32,14.76,0.089,No,0
Transfer,29.0,43905.81,4677.35,3.0,2.8,35.32,0.177,Yes,0
Transfer,34.0,30077.78,1211.37,3.0,2.74,9.07,0.155,,0
POS,39.0,26888.02,868.2,4.0,3.4,8.67,0.291,No,0
Online,31.0,71752.34,9843.87,5.0,0.1,20.52,0.449,No,0
POS,26.0,35070.56,484.45,7.0,4.35,36.91,0.149,No,0
ATM,23.0,15188.48,12858.93,3.0,6.86,0.63,0.176,No,0
POS,18.0,99591.1,369.95,3.0,3.7,34.14,0.423,No,0
ATM,33.0,31365.85,1393.4,7.0,9.01,30.43,0.308,No,0
POS,20.0,40277.57,6607.1,6.0,8.83,19.01,0.327,Yes,0
POS,25.0,94167.06,2500.85,5.0,7.67,22.99,0.443,No,0
Online,32.0,42219.35,670.2,2.0,0.1,42.15,0.303,No,0
ATM,21.0,41811.07,,9.0,9.3,12.85,0.088,No,0
Online,40.0,25893.31,2673.25,4.0,4.29,5.56,0.605,No,0
POS,44.0,21563.18,2014.24,2.0,10.04,30.56,0.345,No,0
Transfer,30.0,41753.73,1339.6,9.0,3.19,28.69,0.279,No,0
Online,31.0,52980.66,2414.96,4.0,4.58,2.3,0.553,No,0
POS,42.0,51632.38,1397.06,,5.27,58.12,0.27,,0
Online,28.0,36237.52,28526.21,2.0,2.2,27.32,0.163,No,0
ATM,27.0,45412.1,1966.54,5.0,0.14,9.6,0.079,No,0
Online,49.0,19686.2,1720.36,5.0,0.1,29.03,0.163,No,0
Transfer,46.0,55353.38,1454.49,,13.86,26.18,0.145,No,0
Online,43.0,48390.09,14779.51,6.0,0.1,14.41,0.334,No,0
Transfer,46.0,,485.4,3.0,0.1,22.79,0.392,No,0
ATM,18.0,45151.72,3581.29,7.0,6.72,22.94,0.063,No,1
POS,51.0,29443.15,1967.97,1.0,0.73,20.96,0.124,No,0
ATM,40.0,43984.49,602.23,7.0,0.17,19.57,0.1,No,0
ATM,47.0,38828.42,1102.1,0.0,0.1,26.4,0.352,No,0
Transfer,40.0,54722.83,3432.35,3.0,5.88,23.49,0.106,No,0
Online,37.0,45547.87,1053.27,3.0,1.79,12.92,0.336,No,0
POS,33.0,25525.72,3240.91,8.0,6.93,7.92,0.254,Yes,0
Online,40.0,21554.36,14089.7,1.0,4.77,22.7,0.369,No,0
POS,33.0,50651.62,2965.04,3.0,5.26,33.95,0.189,No,0
Online,46.0,83852.9,584.37,5.0,3.64,22.03,0.159,No,0
POS,19.0,46635.83,1071.97,4.0,4.17,12.72,0.255,No,0
POS,30.0,64886.94,1879.27,1.0,2.32,3.56,0.265,Yes,0
POS,58.0,70982.02,1757.79,1.0,2.6,59.4,0.315,No,0
POS,29.0,50740.22,2910.44,3.0,1.72,27.84,0.121,,1
ATM,33.0,31191.37,3416.9,5.0,9.54,26.36,0.1,No,0
ATM,26.0,49133.99,14109.08,3.0,3.81,14.5,0.573,No,0
POS,40.0,77466.48,2490.72,5.0,0.1,3.73,0.449,No,0
POS,28.0,57117.65,789.86,4.0,5.78,12.01,0.403,No,0
Transfer,34.0,63015.01,7925.59,2.0,2.59,53.18,0.077,No,0
Online,45.0,36543.99,8840.25,1.0,4.87,6.37,0.376,No,0
Online,28.0,41083.37,3154.2,3.0,4.19,2.9,0.404,No,0
Online,45.0,42658.87,,7.0,9.47,58.85,0.093,No,0
POS,45.0,43972.32,4659.17,2.0,3.85,9.76,0.198,No,0
POS,48.0,76114.88,2024.27,3.0,7.45,17.42,0.49,No,0
ATM,38.0,15649.43,320.01,3.0,7.13,26.66,0.43,Yes,0
POS,72.0,45622.67,4391.91,9.0,0.9,71.79,0.064,No,0
Online,48.0,,6101.55,1.0,5.56,52.32,0.127,No,0
Transfer,40.0,24275.97,10563.22,8.0,2.73,19.16,0.521,No,0
ATM,26.0,60883.23,1203.86,2.0,1.37,12.66,0.272,No,0
Online,35.0,32480.42,3134.46,2.0,1.39,7.22,0.091,No,0
POS,52.0,38320.99,3203.01,3.0,7.46,28.15,0.419,No,0
Online,55.0,103400.97,2722.83,8.0,12.93,22.14,0.17,No,0
Online,52.0,70891.51,2804.28,2.0,2.58,3.42,0.149,No,0
Online,45.0,58275.49,2594.59,3.0,5.65,17.34,0.176,No,0
Transfer,22.0,53410.75,3089.6,6.0,5.93,22.57,0.4,No,0
POS,41.0,41785.8,5243.41,3.0,3.41,30.0,0.021,Yes,0
POS,22.0,110651.13,8470.4,6.0,9.22,8.54,0.555,No,1
ATM,20.0,64562.77,1173.46,,11.59,23.08,0.399,Yes,0
POS,39.0,32116.34,2104.31,4.0,3.21,7.01,0.275,No,0
Transfer,42.0,23965.53,1638.34,8.0,10.2,26.71,0.158,,0
ATM,46.0,58075.25,1419.95,4.0,3.36,16.89,0.053,Yes,0
POS,41.0,43882.75,496.71,2.0,2.09,75.49,0.054,No,0
POS,42.0,,2561.3,3.0,4.58,10.05,0.028,No,0
Transfer,25.0,54572.29,4037.44,7.0,7.61,13.72,0.589,No,0
ATM,35.0,39869.05,2140.82,7.0,4.69,3.66,0.466,Yes,0
Transfer,19.0,57137.56,2477.71,5.0,7.21,19.83,0.247,No,0
Online,18.0,,3798.96,3.0,5.68,15.23,0.296,No,0
Transfer,44.0,34224.57,10251.36,2.0,9.06,21.4,0.185,No,0
POS,28.0,59826.14,1643.0,5.0,6.59,19.0,0.103,No,0
Online,46.0,35967.12,774.67,5.0,9.59,76.42,0.327,No,0
POS,48.0,37035.08,,4.0,2.43,28.56,0.072,No,0
POS,29.0,35415.17,16442.21,4.0,4.39,35.62,0.054,No,0
Online,42.0,74858.6,783.01,6.0,5.0,21.9,0.253,No,0
POS,29.0,39662.45,4789.5,6.0,2.44,24.56,0.272,No,0
ATM,18.0,83451.19,7958.21,7.0,1.98,21.28,0.059,Yes,1
Online,37.0,100406.88,234.75,1.0,6.15,21.58,0.182,No,0
POS,31.0,32273.26,3767.88,5.0,7.0,12.66,0.627,Yes,0
POS,31.0,15000.0,4570.86,9.0,5.34,34.98,0.132,,0
Online,58.0,72001.85,1913.54,2.0,8.18,79.64,0.314,Yes,0
Transfer,19.0,38581.59,1309.77,1.0,1.69,21.86,0.663,No,0
ATM,40.0,30474.14,1384.9,5.0,3.83,8.97,0.211,Yes,0
Online,25.0,34526.92,1799.88,3.0,1.46,40.79,0.015,No,0
Transfer,46.0,37337.43,1848.17,1.0,5.42,58.54,0.187,No,0
Transfer,39.0,80672.63,1530.38,3.0,6.46,13.3,0.126,Yes,0
Online,40.0,48357.56,1771.48,,9.03,7.22,0.553,No,0
,26.0,80180.62,8224.21,7.0,1.47,32.39,0.446,No,0
Online,28.0,56208.14,742.2,1.0,6.12,22.4,0.645,No,0
Transfer,46.0,39154.24,434.84,2.0,9.31,30.3,0.395,,0
POS,55.0,37750.61,8356.8,4.0,1.99,20.61,0.224,No,0
POS,41.0,57938.75,2063.23,7.0,1.29,17.35,0.247,No,0
Online,26.0,65095.41,,2.0,0.58,9.54,0.189,No,0
Transfer,40.0,70472.26,2236.86,3.0,6.87,27.52,0.469,Yes,0
Online,63.0,40003.63,3081.97,8.0,2.82,6.2,0.086,No,0
Online,37.0,48691.53,1480.29,1.0,6.43,34.88,0.328,Yes,0
Online,52.0,58526.56,4146.32,9.0,4.35,33.27,0.467,No,0
ATM,28.0,37859.36,,5.0,10.4,26.75,0.456,No,0
Online,36.0,27002.77,1848.67,4.0,7.36,48.07,0.322,No,0
Transfer,43.0,31306.96,272.97,4.0,2.59,16.14,0.142,No,0
POS,40.0,40374.43,8073.02,4.0,4.09,15.68,0.322,No,0
Online,28.0,60621.87,2096.36,6.0,7.36,14.75,0.081,No,0
Online,27.0,79297.16,4886.1,5.0,1.79,23.21,0.334,No,0
Online,47.0,24445.38,4026.37,4.0,8.55,18.52,0.147,No,0
POS,49.0,34393.14,4332.33,2.0,4.25,14.34,0.079,No,0
ATM,53.0,38306.68,2480.64,7.0,7.43,15.34,0.099,No,0
Online,56.0,64346.67,3685.91,2.0,4.41,25.88,0.09,No,0
ATM,37.0,,956.0,4.0,3.43,44.89,0.128,No,0
Online,,37087.61,775.0,2.0,2.94,12.41,0.443,Yes,0
ATM,51.0,23837.64,2259.59,4.0,10.2,1.97,0.267,No,0
Transfer,44.0,55935.31,1266.83,,4.11,31.88,0.333,No,0
ATM,25.0,41847.54,10399.47,5.0,14.24,9.0,0.009,No,0
POS,25.0,33526.7,3638.0,1.0,5.46,44.8,0.106,No,0
ATM,41.0,40040.1,1221.17,3.0,2.45,35.79,0.189,No,0
Online,34.0,74724.68,1905.51,7.0,0.24,38.01,0.281,No,0
Online,36.0,28630.24,2855.64,4.0,8.7,21.38,0.178,No,0
Online,48.0,30812.35,2335.64,4.0,4.42,43.23,0.171,No,0
POS,44.0,79057.55,3280.63,3.0,7.47,27.31,0.167,Yes,0
ATM,51.0,46560.9,,2.0,11.97,25.73,0.08,Yes,0
POS,18.0,60828.1,622.28,1.0,7.01,22.63,0.195,No,0
Transfer,39.0,53917.27,290.95,1.0,6.01,29.44,0.459,No,0
Online,44.0,,1720.61,3.0,8.68,5.21,0.519,No,0
ATM,19.0,38471.89,4378.84,5.0,7.41,14.2,0.178,No,0
Online,29.0,65422.33,1740.06,5.0,1.21,14.22,0.078,No,0
Online,27.0,75922.57,8609.4,6.0,9.0,18.96,0.164,No,0
ATM,36.0,73299.02,2385.49,4.0,4.86,8.58,0.125,No,0
Transfer,,26395.68,9713.21,3.0,9.62,11.91,0.126,No,0
POS,58.0,80953.3,7910.53,6.0,6.52,6.69,0.281,No,0
Online,27.0,38305.43,7153.33,6.0,8.57,11.79,0.384,No,0
POS,,32037.25,750.35,3.0,4.33,9.9,0.229,No,0
Online,42.0,41698.49,2543.22,5.0,0.45,11.55,0.18,No,0
Transfer,40.0,65409.68,,4.0,6.69,36.31,0.075,Yes,0
ATM,40.0,57390.07,3282.6,6.0,7.93,19.39,0.339,No,0
Online,39.0,40114.53,4352.07,3.0,3.33,16.95,0.072,No,0
Online,55.0,65602.39,624.01,4.0,4.39,47.82,0.073,,0
Online,48.0,47923.2,17031.77,5.0,0.1,26.14,0.108,No,1
Transfer,24.0,34772.45,1133.05,3.0,4.53,27.68,0.344,Yes,1
POS,45.0,32721.97,340.23,5.0,1.25,22.69,0.117,No,0
ATM,46.0,54123.48,1759.74,4.0,6.55,36.92,0.218,No,0
POS,39.0,43359.66,216.28,6.0,6.0,40.93,0.147,No,0
POS,48.0,24232.27,844.65,5.0,5.05,25.38,0.227,No,0
Online,38.0,65883.31,32291.45,0.0,8.97,36.61,0.131,No,0
Transfer,38.0,36253.6,1709.58,0.0,5.72,29.4,0.036,Yes,0
Online,37.0,92122.23,599.6,7.0,5.58,26.09,0.176,No,0
POS,18.0,23934.41,2564.05,5.0,5.96,15.83,0.275,Yes,0
POS,35.0,41485.49,1018.66,4.0,3.25,11.31,0.196,No,0
POS,29.0,32840.83,5934.66,7.0,7.97,5.34,0.515,No,0
Transfer,23.0,29012.37,1027.11,5.0,2.25,56.8,0.26,No,1
Online,52.0,36147.46,,1.0,6.27,36.87,0.162,No,0
POS,42.0,99824.93,793.92,,8.66,14.58,0.25,No,0
POS,36.0,47998.95,33626.65,2.0,1.92,4.41,0.298,No,0
POS,30.0,31512.8,4136.77,2.0,0.97,29.53,0.083,No,0
Online,39.0,19762.37,2161.46,6.0,1.87,16.27,0.27,Yes,0
Online,47.0,20739.69,1865.13,2.0,10.45,38.21,0.044,No,0
Online,27.0,35348.43,1437.19,3.0,3.17,9.29,0.621,No,0
Online,36.0,33835.24,1168.1,5.0,1.4,14.14,0.04,No,0
,46.0,40684.19,1136.43,7.0,6.1,17.58,0.073,No,0
POS,18.0,16186.54,13391.49,6.0,0.1,32.45,0.255,Yes,1
POS,35.0,43181.22,1438.61,6.0,2.14,12.1,0.124,No,0
POS,31.0,71460.22,297.27,2.0,9.24,29.8,0.032,Yes,0
POS,35.0,93404.64,779.05,3.0,2.13,5.66,0.418,No,0
Online,30.0,19185.63,6321.87,4.0,4.22,19.53,0.284,No,1
POS,38.0,31375.76,1942.48,7.0,5.88,51.85,0.387,Yes,0
Online,57.0,30638.5,2186.3,6.0,5.88,66.68,0.044,No,1
Online,32.0,48049.76,8053.49,2.0,3.4,42.57,0.16,No,0
POS,39.0,25991.38,1149.27,6.0,6.64,4.28,0.128,No,0
POS,58.0,95935.97,,,9.34,18.12,0.541,No,0
Online,30.0,45890.02,1281.98,3.0,1.82,19.99,0.166,No,0
POS,56.0,42574.12,4446.72,5.0,3.55,38.98,0.087,Yes,0
,36.0,,1690.72,2.0,4.68,22.31,0.279,No,0
ATM,56.0,44676.21,1963.53,2.0,7.1,8.76,0.039,No,0
POS,,53882.14,5677.01,4.0,5.1,43.03,0.193,No,0
POS,39.0,32098.31,5282.06,2.0,4.62,61.26,0.125,,0
Online,35.0,24286.89,2118.83,2.0,0.35,35.0,0.073,No,0
ATM,29.0,34192.28,1559.97,3.0,1.6,11.66,0.256,Yes,0
POS,37.0,120397.84,12372.03,4.0,5.58,70.85,0.027,No,0
POS,46.0,59830.88,4506.95,4.0,3.46,37.19,0.181,Yes,0
POS,36.0,50917.32,1690.71,2.0,3.97,33.09,0.368,No,0
POS,33.0,28999.96,1301.1,1.0,4.81,59.52,0.266,,0
POS,33.0,,6967.02,6.0,12.03,37.89,0.185,Yes,0
ATM,47.0,24427.28,2805.81,3.0,3.51,18.67,0.647,No,0
Transfer,49.0,22230.99,2122.8,5.0,9.16,54.64,0.205,No,0
Transfer,29.0,34993.53,2804.61,2.0,8.94,9.6,0.101,,0
POS,29.0,108438.52,,0.0,7.41,11.21,0.209,No,0
POS,,105711.63,2362.22,1.0,2.46,13.52,0.349,No,0
ATM,53.0,36730.44,8330.95,7.0,5.41,22.84,0.38,No,0
Online,49.0,33224.01,8807.73,7.0,3.83,25.38,0.24,No,0
ATM,22.0,21509.6,4255.36,3.0,11.04,17.72,0.235,No,0
POS,33.0,46608.19,9884.91,3.0,6.23,18.43,0.423,No,0
Online,26.0,48403.31,2521.33,1.0,4.36,26.3,0.173,Yes,0
Online,33.0,64197.41,4985.94,1.0,10.35,9.62,0.166,No,0
ATM,,67794.49,6826.06,5.0,3.94,31.14,0.249,No,0
Online,20.0,41174.64,6926.32,2.0,6.65,1.74,0.195,,0
Online,18.0,57793.43,6248.18,6.0,7.11,20.64,0.266,No,0
Online,27.0,32831.06,4699.61,3.0,6.04,13.44,0.196,Yes,0
Online,39.0,57301.78,17697.42,2.0,4.68,68.95,0.131,No,0
Online,43.0,35816.48,1457.31,2.0,7.51,16.67,0.407,No,0
ATM,41.0,55335.73,2140.57,4.0,3.11,22.92,0.088,No,0
Online,49.0,53356.09,91161.41,2.0,8.34,17.33,0.322,Yes,1
ATM,18.0,46415.07,1730.18,6.0,4.16,8.13,0.304,No,1
Transfer,49.0,64341.53,342.16,4.0,9.01,7.83,0.175,No,0
POS,33.0,22197.57,9886.36,6.0,8.14,6.59,0.129,No,0
Online,44.0,27867.2,896.06,4.0,6.65,20.4,0.441,No,0
POS,21.0,39850.53,2962.71,,4.73,16.15,0.406,No,0
Online,36.0,,603.16,4.0,8.31,4.21,0.51,No,0
POS,39.0,37471.23,4650.65,3.0,6.71,63.01,0.039,No,0
Transfer,49.0,38018.73,1139.85,6.0,0.1,33.1,0.089,No,0
Transfer,19.0,81127.35,802.78,7.0,2.55,23.26,0.036,Yes,1
ATM,36.0,47980.88,3036.28,5.0,5.51,2.64,0.33,No,0
Online,24.0,71514.9,1240.55,3.0,5.84,27.66,0.302,Yes,0
POS,42.0,51542.98,,4.0,7.12,22.3,0.223,Yes,0
ATM,45.0,35361.1,2968.57,6.0,9.65,37.91,0.311,No,0
POS,,47790.89,5563.79,3.0,6.76,11.41,0.278,No,0
POS,30.0,62483.61,1102.84,4.0,0.1,14.14,0.072,No,0
Online,46.0,76991.35,927.83,3.0,5.59,24.9,0.262,Yes,0
Online,51.0,42398.92,2559.4,4.0,8.65,13.68,0.315,No,0
POS,18.0,21440.52,4286.81,4.0,5.33,27.38,0.129,No,0
Online,43.0,20772.95,10794.6,3.0,5.61,7.91,0.316,No,0
Online,47.0,38852.67,856.38,1.0,3.52,19.2,0.314,No,0
ATM,33.0,15714.86,1819.07,2.0,7.85,11.57,0.126,No,0
Transfer,23.0,100933.26,8101.72,5.0,3.94,36.62,0.207,No,0
POS,46.0,58867.1,17982.25,4.0,6.78,73.28,0.187,,0
ATM,23.0,33805.12,926.07,,6.29,61.63,0.193,No,0
Transfer,34.0,27311.86,1194.2,6.0,5.16,3.67,0.679,No,0
Online,36.0,,3659.74,3.0,6.45,29.11,0.318,No,0
POS,44.0,27262.87,,4.0,5.61,11.41,0.262,No,0
POS,29.0,28458.89,1170.06,5.0,8.83,7.72,0.249,No,0
Online,28.0,31880.25,3192.36,6.0,7.03,28.54,0.158,Yes,0
ATM,37.0,47370.6,11771.85,3.0,8.12,7.72,0.26,Yes,0
POS,47.0,59502.68,674.9,4.0,2.71,44.71,0.062,No,0
POS,61.0,76966.09,11185.57,2.0,2.52,28.97,0.054,No,0
Online,19.0,72016.81,1407.09,7.0,5.19,38.57,0.476,Yes,0
Online,39.0,,3532.77,,7.25,24.94,0.2,,0
,24.0,71228.81,12269.81,4.0,6.59,6.87,0.267,Yes,0
Online,47.0,33271.88,3461.2,5.0,2.75,15.66,0.435,Yes,0
Online,26.0,19831.52,1856.7,2.0,7.34,50.14,0.04,No,0
Online,29.0,33269.91,5126.72,4.0,3.12,18.67,0.161,No,0
POS,30.0,31307.11,2102.49,5.0,7.02,17.66,0.137,No,0
POS,,33861.15,4210.75,6.0,5.86,53.88,0.382,No,0
POS,40.0,29222.64,2037.27,5.0,4.32,24.34,0.271,No,0
Online,41.0,36567.62,5914.72,3.0,3.39,46.58,0.542,Yes,0
Online,36.0,59481.79,620.06,2.0,5.4,18.91,0.078,No,0
ATM,21.0,97370.98,907.35,5.0,5.25,9.36,0.236,Yes,0
POS,44.0,,611.01,3.0,1.86,2.09,0.314,,0
POS,35.0,25208.52,2362.83,10.0,6.81,18.58,0.441,No,0
POS,49.0,31516.51,541.59,3.0,8.47,22.34,0.407,Yes,0
ATM,28.0,63513.11,1251.65,3.0,7.58,43.57,0.272,No,0
Online,18.0,41035.44,825.95,7.0,5.95,0.2,0.356,No,0
POS,36.0,32486.13,,2.0,3.65,30.91,0.289,No,0
POS,50.0,62127.72,928.31,2.0,5.39,20.9,0.13,No,0
Online,38.0,69202.58,690.56,8.0,4.61,18.06,0.157,No,0
ATM,34.0,44621.71,3204.73,5.0,5.37,71.0,0.138,No,0
POS,26.0,31167.12,13505.7,,7.81,29.13,0.074,No,0
ATM,,50819.91,2226.04,1.0,4.68,55.31,0.147,No,0
Transfer,25.0,40515.79,2405.05,4.0,0.1,11.14,0.284,No,0
,28.0,40374.83,9088.85,5.0,7.4,15.05,0.354,No,0
Transfer,42.0,35733.28,6016.59,,6.19,43.85,0.112,No,0
POS,18.0,68231.41,3825.56,5.0,5.45,9.75,0.445,No,0
,50.0,50355.54,1396.47,5.0,1.48,10.23,0.201,Yes,0
Online,43.0,71717.0,3944.21,3.0,2.5,8.64,0.131,No,0
POS,46.0,82105.85,641.15,1.0,2.85,13.41,0.179,No,0
POS,42.0,55323.84,1339.93,4.0,3.25,25.09,0.35,No,0
Online,34.0,35828.65,10462.04,,3.53,30.68,0.11,No,0
POS,24.0,71866.43,9191.54,6.0,1.45,23.44,0.147,Yes,0
Transfer,34.0,55490.49,3872.02,4.0,11.45,16.11,0.132,No,0
POS,25.0,145209.57,363.11,1.0,9.51,21.52,0.21,No,0
Online,41.0,51738.84,746.82,3.0,5.83,55.68,0.138,No,0
Online,45.0,61597.55,1267.21,3.0,4.9,21.05,0.404,No,0
Online,52.0,51282.69,2105.58,0.0,10.48,15.16,0.141,Yes,0
Online,40.0,43037.34,715.97,3.0,9.87,1.64,0.137,No,0
Transfer,46.0,40053.11,1954.19,9.0,2.78,19.61,0.145,Yes,0
POS,33.0,51370.92,14637.49,2.0,5.74,42.5,0.034,No,0
Online,31.0,56894.1,3732.68,6.0,4.45,4.09,0.128,No,0
POS,,75651.48,3111.54,5.0,4.19,6.64,0.242,Yes,0
Online,32.0,51709.69,903.69,3.0,4.5,13.79,0.185,No,0
Online,39.0,36538.35,485.44,4.0,4.74,12.18,0.216,No,1
ATM,24.0,38844.95,732.05,,5.63,22.55,0.08,,0
POS,26.0,24812.33,466.22,5.0,5.65,66.19,0.372,No,0
Transfer,43.0,95031.53,2694.81,1.0,9.31,8.19,0.029,No,0
POS,46.0,35273.58,3669.94,7.0,2.58,11.95,0.304,No,0
POS,25.0,69547.55,952.18,5.0,7.9,18.35,0.606,No,0
ATM,43.0,50963.53,2898.55,3.0,1.77,11.16,0.152,No,0
Transfer,30.0,,10862.15,0.0,5.71,22.46,0.35,No,0
ATM,36.0,42683.44,17707.5,4.0,8.13,29.95,0.123,No,0
Transfer,52.0,31568.29,5401.63,,6.71,12.24,0.352,No,0
ATM,45.0,29102.43,2098.98,,4.05,38.14,0.311,No,0
Transfer,45.0,97951.45,5229.91,4.0,5.85,15.48,0.245,No,0
Online,57.0,,9661.03,4.0,9.96,11.07,0.424,No,1
ATM,28.0,74666.61,335.9,3.0,3.22,5.2,0.461,,0
POS,25.0,83920.56,11005.11,5.0,6.7,32.18,0.149,No,0
POS,28.0,37404.14,1450.2,2.0,7.9,25.61,0.23,No,0
POS,33.0,54447.67,1464.23,3.0,3.84,7.76,0.031,No,0
Transfer,18.0,45920.76,1753.06,7.0,10.21,9.94,0.148,No,0
Transfer,34.0,26733.47,3443.11,7.0,11.22,24.05,0.401,No,1
Online,30.0,41396.51,822.86,2.0,8.28,30.72,0.346,,0
ATM,45.0,58617.92,1880.39,,8.29,26.28,0.197,No,0
ATM,40.0,35948.93,4227.32,5.0,0.1,32.06,0.554,Yes,0
Online,29.0,38880.12,3110.74,4.0,1.04,80.14,0.174,No,0
Online,42.0,41622.77,3658.69,1.0,4.75,38.62,0.299,Yes,0
Online,44.0,116378.83,1808.18,5.0,3.03,32.78,0.24,No,0
ATM,28.0,19714.23,5002.81,8.0,6.88,13.24,0.253,No,0
POS,31.0,56396.21,,2.0,0.1,7.03,0.256,No,0
Transfer,18.0,40151.5,6771.55,0.0,6.86,50.21,0.159,No,0
POS,24.0,33729.33,3833.97,1.0,4.47,13.8,0.426,Yes,0
Transfer,28.0,39710.61,6392.87,5.0,3.37,28.14,0.34,No,0
POS,37.0,60763.05,5973.61,8.0,10.72,4.94,0.462,No,0
,26.0,62345.91,36335.62,3.0,4.08,3.16,0.1,Yes,0
Online,,48929.0,8451.62,0.0,0.15,38.37,0.423,No,0
POS,23.0,73581.68,2287.7,8.0,6.37,10.85,0.586,No,0
ATM,38.0,79649.63,1004.62,5.0,6.15,27.97,0.15,No,0
Transfer,41.0,,1925.43,5.0,4.48,10.96,0.196,No,0
ATM,40.0,35194.01,1794.1,4.0,12.05,30.23,0.425,Yes,0
Online,36.0,56213.74,,1.0,5.63,19.24,0.149,No,0
POS,19.0,56334.25,1241.15,0.0,8.04,16.67,0.286,Yes,0
Online,29.0,31175.37,8235.61,2.0,5.97,26.07,0.025,Yes,0
Online,32.0,22207.17,,5.0,8.81,29.18,0.144,No,0
POS,32.0,18109.08,488.59,,4.01,11.78,0.114,No,0
ATM,37.0,46437.04,2184.04,1.0,1.81,28.13,0.072,Yes,0
ATM,52.0,51458.74,1076.52,3.0,7.3,29.76,0.245,Yes,0
Transfer,45.0,26439.54,710.39,3.0,5.9,37.86,0.119,No,0
ATM,25.0,72051.2,1322.1,3.0,7.39,46.65,0.246,No,0
ATM,43.0,48190.44,1167.43,5.0,3.15,19.84,0.346,No,0
Online,43.0,82592.28,2525.46,6.0,6.44,11.04,0.22,No,0
Online,27.0,53165.18,1344.23,5.0,0.22,8.84,0.309,No,0
POS,,27849.43,1458.13,8.0,3.56,12.53,0.273,No,0
Transfer,34.0,55306.42,,3.0,2.89,13.4,0.34,No,0
Online,20.0,60837.86,,1.0,6.49,15.19,0.179,No,0
POS,41.0,35171.35,10881.2,2.0,3.55,19.39,0.463,No,0
POS,38.0,23516.93,,4.0,0.88,22.93,0.109,No,0
Online,33.0,47077.53,3132.51,5.0,3.3,23.96,0.14,Yes,0
POS,36.0,28682.36,2081.53,3.0,6.8,34.31,0.066,No,0
Transfer,28.0,74519.58,4045.23,3.0,5.39,50.0,0.468,,0
POS,43.0,37465.97,3693.26,1.0,2.76,24.12,0.176,No,0
Online,36.0,97781.26,9413.44,4.0,7.52,13.43,0.301,No,0
Transfer,38.0,,378.17,7.0,9.7,33.81,0.383,No,0
Online,40.0,47814.1,1977.42,2.0,7.73,32.34,0.203,No,0
Transfer,23.0,,3509.52,4.0,0.1,12.32,0.147,No,0
Online,26.0,30145.2,2435.15,6.0,5.71,32.72,0.032,Yes,0
POS,18.0,41888.95,977.38,2.0,4.57,8.78,0.354,No,0
POS,42.0,37535.85,681.76,5.0,0.1,7.11,0.24,No,0
Online,23.0,33081.26,5599.14,5.0,1.13,9.27,0.116,No,0
Transfer,37.0,50236.54,1172.77,6.0,7.4,34.33,0.12,No,0
Online,40.0,25121.47,432.31,3.0,5.56,16.45,0.094,No,0
Online,43.0,42808.07,5887.69,4.0,5.24,37.31,0.201,No,0
Online,23.0,56761.59,3956.16,5.0,3.05,53.04,0.367,No,0
ATM,35.0,40848.51,2226.47,4.0,8.25,51.2,0.255,No,0
ATM,54.0,,1001.74,5.0,1.31,12.0,0.261,No,0
Transfer,,71539.23,2231.89,1.0,2.34,17.02,0.033,No,0
Online,47.0,62506.97,8430.69,2.0,4.05,19.84,0.588,No,0
POS,40.0,28166.36,497.38,6.0,0.42,58.25,0.239,No,0
Online,25.0,25136.33,,4.0,2.36,11.8,0.428,No,0
POS,44.0,29320.78,1334.46,3.0,8.18,41.61,0.391,,0
Transfer,34.0,57514.4,2434.27,5.0,2.47,27.98,0.104,Yes,0
ATM,42.0,50941.11,1521.96,4.0,7.34,1.63,0.412,No,0
POS,29.0,64212.62,4754.57,5.0,6.9,15.98,0.215,No,0
POS,34.0,38857.26,7427.02,5.0,4.49,8.3,0.1,No,0
Transfer,38.0,29681.74,3303.75,2.0,0.74,15.54,0.164,Yes,0
POS,39.0,,4378.57,1.0,5.19,1.75,0.293,No,0
Online,41.0,35079.28,3281.79,3.0,0.1,60.73,0.271,No,0
POS,30.0,,2523.88,2.0,3.41,14.35,0.393,Yes,0
Online,21.0,22403.03,685.73,6.0,5.73,15.67,0.088,No,0
Online,54.0,34821.95,894.31,1.0,7.61,56.77,0.301,No,0
Online,63.0,70873.09,647.51,1.0,4.54,5.98,0.282,No,0
POS,,32600.87,2154.99,4.0,3.18,28.78,0.153,No,0
POS,21.0,64922.17,3153.68,2.0,2.94,10.76,0.053,No,0
Online,27.0,15763.6,586.86,5.0,3.6,3.26,0.158,No,0
POS,42.0,34985.59,2688.24,2.0,6.87,31.45,0.06,No,0
Transfer,,41660.48,1041.93,1.0,6.05,47.6,0.544,No,0
ATM,23.0,98573.81,858.21,2.0,4.93,18.93,0.202,No,0
POS,35.0,26591.3,1337.69,6.0,6.89,34.96,0.17,No,0
,38.0,60862.03,,3.0,5.0,11.76,0.648,No,0
Transfer,46.0,72405.47,4585.73,2.0,1.0,29.51,0.12,Yes,1
Online,32.0,32524.45,2113.38,2.0,1.67,20.36,0.321,No,0
Online,19.0,38037.66,5649.15,2.0,6.81,12.94,0.569,No,0
Transfer,43.0,47961.35,1604.47,3.0,0.88,7.95,0.159,Yes,0
POS,48.0,23103.73,1666.3,5.0,3.86,46.99,0.041,No,0
ATM,35.0,36666.59,16275.7,1.0,4.66,20.96,0.12,No,0
POS,40.0,79910.95,493.23,2.0,1.9,14.78,0.05,Yes,0
POS,31.0,56931.98,9031.98,3.0,0.1,16.38,0.325,No,0
Online,27.0,41935.15,13076.47,5.0,1.48,30.17,0.106,No,0
Online,47.0,47348.97,5376.88,6.0,0.1,34.15,0.296,No,1
Online,40.0,58444.05,1796.46,5.0,6.83,20.46,0.06,No,0
Online,41.0,,10414.43,7.0,6.19,28.35,0.246,Yes,0
Transfer,53.0,35032.5,1812.18,4.0,2.72,15.5,0.347,No,0
Online,24.0,89773.24,1234.3,4.0,0.9,17.14,0.051,Yes,0
POS,30.0,81371.02,1695.58,6.0,8.5,31.81,0.025,No,0
ATM,38.0,61033.84,1413.54,1.0,6.32,15.06,0.238,Yes,0
ATM,30.0,30794.33,,4.0,3.14,7.37,0.102,Yes,0
POS,45.0,28433.32,7585.96,8.0,8.56,30.62,0.348,Yes,0
POS,34.0,38849.33,1153.55,4.0,5.41,26.79,0.204,No,0
Transfer,25.0,46247.47,2426.97,4.0,5.95,38.28,0.147,No,1
POS,37.0,20304.47,590.09,9.0,1.87,30.29,0.271,No,0
ATM,38.0,56220.1,2578.23,5.0,0.45,26.25,0.184,No,0
Transfer,,80320.15,786.91,2.0,0.29,6.38,0.134,No,0
ATM,40.0,58327.63,767.82,2.0,11.25,20.03,0.22,No,0
Online,41.0,33196.31,2241.18,2.0,2.52,13.49,0.15,No,0
POS,40.0,,7194.11,1.0,5.2,30.12,0.426,No,0
Online,34.0,51500.73,3883.37,5.0,6.38,60.63,0.15,No,0
POS,28.0,42000.26,,3.0,4.94,33.68,0.04,No,0
Transfer,39.0,54928.43,2195.42,7.0,4.54,5.95,0.246,No,0
POS,32.0,58994.08,1787.2,5.0,4.47,25.16,0.08,No,0
POS,55.0,73553.51,5514.78,2.0,6.44,13.56,0.391,No,0
Online,,27037.02,1423.49,6.0,1.88,32.4,0.195,No,0
Transfer,,49719.19,5758.78,7.0,3.68,36.23,0.008,Yes,0
Online,40.0,38210.06,8604.09,4.0,0.1,19.58,0.242,No,1
Online,35.0,43046.32,1077.78,4.0,0.1,15.19,0.144,No,1
Online,22.0,66396.64,1248.38,2.0,1.11,26.2,0.069,Yes,0
Online,34.0,69725.71,1448.6,6.0,7.56,12.28,0.344,No,0
POS,37.0,84433.32,576.56,5.0,4.18,36.97,0.389,No,0
POS,39.0,54498.77,1563.44,4.0,7.09,30.46,0.659,No,0
Online,41.0,42826.41,9186.55,4.0,6.15,14.69,0.16,No,0
Online,46.0,40159.83,878.72,5.0,5.78,8.38,0.029,No,0
Online,28.0,20615.08,9407.31,3.0,2.17,24.25,0.438,No,0
POS,,82231.9,1620.68,3.0,5.22,41.76,0.295,No,0
Online,52.0,38931.68,20703.99,3.0,5.76,35.2,0.234,No,1
POS,44.0,56504.27,1264.25,4.0,11.6,7.25,0.175,No,0
Online,32.0,61081.62,2164.76,3.0,3.96,28.29,0.061,No,0
Online,35.0,25694.33,1006.13,1.0,7.2,30.46,0.614,No,0
POS,35.0,29700.28,1256.83,1.0,4.63,17.31,0.055,Yes,0
POS,36.0,90271.47,9530.24,5.0,2.89,21.03,0.206,No,0
Online,41.0,51282.96,4018.17,1.0,7.61,33.94,0.17,No,0
Online,64.0,34653.51,6994.39,5.0,10.67,22.74,0.43,No,0
Transfer,38.0,42512.85,,5.0,5.79,2.62,0.303,No,0
Online,43.0,73366.62,4812.03,3.0,2.95,10.41,0.255,No,0
POS,18.0,68518.52,946.34,4.0,6.4,14.49,0.148,No,0
POS,31.0,23264.43,656.37,6.0,5.84,10.67,0.579,No,0
Online,50.0,93886.84,3174.2,5.0,11.65,36.79,0.277,No,0
POS,40.0,69507.11,3141.9,4.0,7.23,27.52,0.235,Yes,0
ATM,,42015.92,2636.99,,2.2,6.34,0.093,No,0
ATM,43.0,,5123.56,0.0,8.82,27.1,0.633,No,0
Online,57.0,72310.29,5988.6,2.0,7.33,38.76,0.333,No,0
Online,,55759.89,10870.15,3.0,7.81,17.41,0.167,,0
,53.0,23351.31,760.29,2.0,6.33,25.84,0.35,No,0
POS,18.0,40537.5,11226.84,4.0,8.02,22.01,0.406,Yes,0
POS,46.0,183725.04,16421.68,2.0,6.32,7.93,0.125,Yes,0
Online,36.0,45335.4,1733.36,1.0,4.24,27.17,0.59,No,0
Online,18.0,32226.07,471.33,3.0,5.4,13.29,0.536,,0
Transfer,41.0,28583.77,626.75,2.0,4.65,52.15,0.299,No,0
Online,49.0,99893.74,1575.29,7.0,6.02,7.47,0.603,No,0
POS,40.0,65901.04,18735.73,4.0,5.24,20.24,0.339,No,0
,42.0,84775.8,2543.07,5.0,4.06,40.27,0.101,No,0
Online,31.0,50317.14,1348.65,4.0,4.46,14.68,0.231,No,0
Online,18.0,79120.43,1259.72,5.0,4.99,26.8,0.176,No,0
Online,44.0,30720.14,666.02,4.0,0.1,124.13,0.253,No,0
Transfer,55.0,48415.91,5994.65,2.0,8.07,38.31,0.151,No,0
Online,48.0,51204.97,2280.11,7.0,6.04,27.81,0.284,No,0
Online,18.0,83827.71,20411.94,4.0,3.17,35.03,0.333,No,0
Online,19.0,51942.73,4685.63,5.0,6.77,28.86,0.39,Yes,0
Online,27.0,33959.96,5732.93,2.0,3.48,10.02,0.45,Yes,0
POS,18.0,46316.38,1962.43,4.0,3.48,26.22,0.17,No,0
Online,36.0,21163.47,839.68,2.0,6.12,76.94,0.105,No,0
POS,40.0,15835.06,1043.63,5.0,9.29,46.19,0.015,No,0
POS,20.0,65415.95,635.75,2.0,5.84,16.43,0.004,No,0
ATM,45.0,38016.78,6213.26,2.0,2.67,17.99,0.073,No,0
Online,43.0,40005.81,1701.27,4.0,3.94,80.41,0.468,No,1
Transfer,30.0,65404.33,6480.46,4.0,7.55,20.22,0.371,Yes,0
POS,34.0,84378.88,2863.96,1.0,6.21,14.9,0.237,No,0
Online,18.0,57235.94,1865.39,5.0,7.88,10.29,0.049,No,0
ATM,32.0,107157.02,776.23,4.0,6.18,23.3,0.221,No,0
Transfer,36.0,56422.76,3380.16,2.0,7.31,14.16,0.435,No,0
Online,38.0,51555.48,2009.04,6.0,11.04,22.59,0.082,No,0
Transfer,40.0,50140.92,6162.45,5.0,0.94,27.27,0.349,Yes,0
POS,39.0,25233.93,1222.48,1.0,12.22,50.1,0.158,No,0
POS,33.0,69190.38,4629.27,7.0,7.81,17.72,0.115,No,0
Transfer,39.0,15000.0,12898.86,4.0,12.87,2.51,0.031,No,0
POS,47.0,34565.25,3283.29,7.0,2.05,17.01,0.26,No,0
ATM,35.0,45466.74,5482.62,3.0,6.15,17.19,0.298,Yes,0
Online,39.0,31540.41,4429.03,4.0,5.48,16.12,0.17,No,0
ATM,34.0,36721.86,16682.87,2.0,7.65,19.57,0.345,No,0
POS,29.0,102964.21,3624.99,5.0,6.41,3.71,0.622,No,0
Online,42.0,73956.22,5034.17,3.0,6.07,7.77,0.219,Yes,0
POS,30.0,33050.61,2410.94,1.0,7.34,15.55,0.179,No,0
Online,40.0,36428.72,1152.46,7.0,4.68,38.26,0.498,No,0
Online,36.0,25330.54,746.85,4.0,3.45,20.57,0.069,Yes,0
Online,33.0,61800.39,8874.79,4.0,6.36,30.49,0.607,No,0
Online,32.0,40216.54,912.04,3.0,3.45,6.8,0.094,No,0
Online,30.0,18573.81,5270.66,3.0,4.62,11.39,0.076,Yes,0
Online,18.0,47087.85,3789.78,5.0,0.68,0.53,0.168,,0
ATM,40.0,54828.11,6259.35,4.0,5.17,3.15,0.236,No,0
ATM,39.0,69413.12,1494.18,6.0,2.21,72.26,0.113,No,0
ATM,45.0,43538.81,1133.78,6.0,4.9,6.38,0.075,Yes,0
Online,,38052.26,3649.76,7.0,1.74,9.14,0.257,No,0
Transfer,57.0,110000.14,1866.28,2.0,4.94,11.03,0.713,No,0
POS,32.0,45133.57,729.98,4.0,7.7,58.27,0.099,No,0
Online,26.0,62206.86,17371.25,3.0,3.21,6.62,0.191,No,1
Online,25.0,,1133.02,2.0,2.2,18.5,0.137,Yes,0
POS,18.0,61382.32,925.57,2.0,7.34,11.79,0.321,No,0
Online,53.0,23374.12,1962.37,4.0,7.74,14.06,0.172,No,0
POS,51.0,36551.86,8750.84,2.0,6.27,5.2,0.215,Yes,0
Transfer,43.0,26126.21,286.38,2.0,3.6,12.1,0.251,No,0
Online,26.0,34275.28,8054.04,4.0,3.11,32.06,0.111,No,0
Online,56.0,78994.17,1004.83,3.0,4.01,18.35,0.169,No,0
Transfer,32.0,34162.07,3257.03,3.0,4.82,26.55,0.282,No,0
POS,33.0,62170.32,1271.61,4.0,0.1,7.36,0.354,No,0
Online,52.0,89070.82,18323.93,7.0,2.05,34.85,0.11,No,0
Transfer,43.0,44445.01,2831.8,7.0,8.75,19.34,0.278,Yes,0
Transfer,60.0,70376.38,1231.46,5.0,5.62,14.33,0.339,No,0
POS,39.0,57148.39,1850.03,,8.68,16.02,0.492,No,0
POS,32.0,47420.71,2734.44,4.0,8.05,21.32,0.231,Yes,0
Online,29.0,63073.74,2986.1,2.0,4.06,20.68,0.281,No,0
,18.0,102990.28,3876.97,10.0,4.11,50.1,0.313,No,0
POS,33.0,33780.76,2496.49,7.0,7.9,21.97,0.359,No,0
Online,49.0,29224.93,630.73,1.0,7.28,21.35,0.484,No,0
POS,43.0,28462.88,1778.95,2.0,7.96,17.72,0.083,No,0
ATM,36.0,70397.31,4585.73,5.0,4.96,24.76,0.104,No,0
Online,,74804.49,1279.42,8.0,5.43,37.31,0.182,No,0
POS,38.0,35339.31,4899.2,3.0,4.23,3.09,0.205,No,0
Online,47.0,17209.41,2580.57,5.0,4.84,2.67,0.267,No,0
Transfer,41.0,33215.68,2010.84,5.0,2.94,17.18,0.199,No,0
Online,38.0,57581.24,8251.83,6.0,4.78,10.42,0.082,Yes,0
POS,27.0,43668.94,439.62,8.0,4.52,20.48,0.202,No,0
POS,46.0,48804.33,1272.48,6.0,3.62,20.85,0.106,No,0
POS,18.0,,8573.87,6.0,7.37,16.98,0.131,No,0
POS,40.0,71022.92,15585.48,7.0,0.77,44.45,0.295,No,0
ATM,64.0,52515.0,24588.61,4.0,6.01,9.52,0.185,No,0
POS,19.0,58590.41,2629.11,5.0,2.23,11.35,0.217,No,0
ATM,33.0,48339.16,,3.0,2.46,53.4,0.195,Yes,0
Transfer,,56975.89,5661.67,2.0,2.71,6.35,0.66,No,0
,31.0,55313.65,8947.43,3.0,6.41,16.09,0.261,No,0
POS,47.0,29637.16,3419.12,5.0,0.1,14.76,0.317,No,0
Online,41.0,53225.67,6311.92,2.0,5.51,27.96,0.098,No,0
ATM,38.0,64253.82,3959.29,4.0,5.14,18.62,0.083,No,0
POS,45.0,75677.14,,3.0,2.09,5.48,0.732,No,0
POS,36.0,54266.7,997.92,4.0,5.55,12.96,0.184,No,0
Online,71.0,29145.48,1798.72,5.0,1.36,11.7,0.217,No,0
Transfer,38.0,31235.95,1482.19,1.0,4.87,31.85,0.038,Yes,0
POS,38.0,36997.33,761.39,2.0,1.25,53.23,0.378,No,0
POS,18.0,49004.95,479.35,8.0,11.15,44.49,0.22,No,0
Online,30.0,42591.57,1636.67,3.0,7.58,18.16,0.196,No,0
Transfer,49.0,27139.31,1920.16,4.0,5.74,38.84,0.317,No,0
Online,21.0,27066.27,2776.88,2.0,2.13,39.33,0.289,No,0
Online,18.0,17502.22,4358.07,5.0,4.17,61.07,0.531,No,0
Transfer,36.0,15000.0,3017.45,3.0,4.3,0.22,0.13,No,0
Transfer,51.0,42409.0,1933.59,2.0,5.73,14.15,0.764,No,0
Online,36.0,127838.3,1001.17,,6.2,30.73,0.342,Yes,0
POS,32.0,101009.37,6009.61,5.0,5.67,10.83,0.189,No,0
ATM,18.0,28975.72,2257.98,4.0,6.03,5.69,0.373,No,0
Transfer,41.0,48140.27,1620.12,5.0,4.49,7.14,0.112,No,0
POS,43.0,23280.16,2074.74,6.0,6.03,25.51,0.17,Yes,0
POS,18.0,24933.52,,6.0,3.09,11.69,0.449,No,0
ATM,48.0,26253.51,1470.52,2.0,1.81,7.27,0.153,No,0
ATM,44.0,40657.69,1424.52,2.0,10.54,54.19,0.319,No,0
ATM,48.0,41452.81,1875.65,5.0,6.25,25.14,0.547,Yes,0
POS,42.0,50419.52,4816.49,3.0,10.42,48.42,0.386,Yes,0
Online,,60649.41,3756.18,6.0,4.18,14.45,0.309,No,0
Transfer,42.0,38670.08,11740.31,7.0,12.23,35.55,0.271,No,0
Transfer,,45739.09,8398.22,1.0,5.24,8.58,0.077,No,0
ATM,18.0,27507.17,17684.92,4.0,8.44,11.67,0.127,No,0
Online,19.0,24572.77,4373.0,3.0,5.1,14.01,0.19,Yes,1
Online,28.0,22922.64,4303.36,3.0,5.49,11.85,0.376,No,0
ATM,35.0,,1535.53,3.0,4.65,6.81,0.103,No,0
Online,40.0,38652.21,5710.49,8.0,3.52,12.57,0.663,No,0
Transfer,40.0,19388.08,1297.16,3.0,7.94,4.53,0.132,No,0
POS,48.0,43740.41,574.55,2.0,4.97,20.39,0.069,Yes,0
ATM,49.0,25653.83,11503.07,5.0,7.49,41.91,0.271,No,0
Transfer,26.0,94995.83,716.85,4.0,7.71,10.56,0.283,No,0
POS,39.0,34681.03,3877.31,3.0,9.24,16.9,0.624,No,0
Online,27.0,61150.63,1036.61,4.0,6.26,39.3,0.293,No,0
POS,34.0,73456.68,7713.39,2.0,0.47,55.1,0.233,No,0
POS,40.0,29281.17,8839.59,2.0,4.04,37.18,0.059,Yes,0
POS,18.0,46566.61,4243.84,2.0,4.92,20.82,0.403,No,0
POS,63.0,57726.89,8694.19,4.0,5.04,28.56,0.217,No,0
Transfer,,47401.71,2518.41,3.0,8.96,30.48,0.283,No,0
POS,29.0,52939.93,23346.93,4.0,8.41,28.89,0.231,No,0
Online,57.0,,5272.24,2.0,4.57,11.6,0.364,No,0
POS,32.0,57741.65,1015.86,2.0,12.29,34.13,0.139,No,1
POS,37.0,36157.65,2680.22,4.0,3.95,41.43,0.338,Yes,0
Online,31.0,52663.13,2146.39,5.0,4.2,1.58,0.1,Yes,0
Online,54.0,68078.23,1946.18,,1.72,14.11,0.242,No,0
POS,35.0,60802.22,476.71,3.0,0.32,26.8,0.165,No,0
Online,38.0,52645.79,3680.89,4.0,1.46,22.79,0.193,,0
Transfer,49.0,60076.59,625.34,4.0,8.04,27.21,0.448,Yes,0
Online,42.0,61340.94,200.06,5.0,7.22,7.76,0.2,No,0
Online,,88202.74,1772.3,5.0,2.35,1.46,0.395,No,0
ATM,48.0,44315.73,1173.98,4.0,5.3,21.53,0.168,No,0
Transfer,64.0,48445.68,,3.0,7.42,18.08,0.219,No,0
Online,39.0,68449.25,112.27,3.0,0.1,40.84,0.298,No,1
Online,37.0,36089.0,1067.64,1.0,10.32,27.04,0.108,No,0
Online,38.0,24675.04,2101.49,4.0,8.16,1.62,0.164,No,0
POS,50.0,56183.1,1325.96,5.0,7.43,27.53,0.198,No,0
POS,29.0,41015.57,3682.66,4.0,8.61,49.31,0.455,No,0
Online,33.0,26134.99,10063.87,6.0,0.1,39.82,0.155,No,0
Online,19.0,56368.27,4189.82,6.0,4.34,27.1,0.327,Yes,0
POS,23.0,85684.53,6977.46,2.0,8.78,12.78,0.407,Yes,0
Transfer,30.0,21612.64,7579.27,6.0,4.98,16.56,0.342,No,0
POS,35.0,71286.63,902.51,8.0,7.23,16.22,0.683,No,0
POS,55.0,15000.0,3878.33,3.0,9.34,30.62,0.37,Yes,0
Online,42.0,37582.31,6762.87,5.0,7.11,29.25,0.058,No,0
Online,26.0,103017.06,1616.61,2.0,4.23,20.32,0.363,No,0
Online,28.0,38819.27,1133.9,2.0,6.73,37.76,0.273,No,0
ATM,51.0,46858.61,4249.06,2.0,0.1,10.41,0.315,No,0
Transfer,48.0,63430.97,568.17,4.0,6.47,35.6,0.547,,0
Transfer,36.0,20785.37,842.22,4.0,7.25,55.8,0.208,No,0
Transfer,31.0,46483.86,1283.43,3.0,5.45,45.76,0.02,No,0
Transfer,48.0,46319.28,3922.8,1.0,8.48,35.84,0.263,Yes,0
Transfer,25.0,104032.87,,2.0,5.84,12.49,0.124,Yes,0
Online,40.0,25805.28,7019.29,2.0,5.44,24.47,0.343,No,0
Online,61.0,37900.71,994.44,1.0,10.5,30.27,0.251,Yes,0
Online,38.0,29633.41,942.53,3.0,2.13,23.55,0.279,No,0
POS,,28252.37,4221.55,9.0,9.18,30.1,0.177,No,0
Online,41.0,74738.38,1124.82,0.0,8.94,66.73,0.231,No,0
ATM,31.0,45542.94,1367.23,2.0,7.54,44.71,0.06,,0
POS,21.0,35045.85,390.44,3.0,3.79,59.49,0.22,No,0
POS,44.0,35645.82,3343.9,5.0,6.03,43.16,0.25,No,0
Online,48.0,34925.26,,2.0,2.59,16.75,0.221,No,0
Online,33.0,36359.34,893.15,4.0,3.31,8.4,0.201,No,0
Online,32.0,25474.1,6944.81,3.0,5.39,16.39,0.268,No,0
Transfer,25.0,40054.23,2355.83,,2.35,22.75,0.158,No,0
POS,34.0,38283.52,427.79,5.0,4.3,41.36,0.111,No,0
ATM,30.0,,1021.8,7.0,1.69,36.55,0.221,No,0
Online,25.0,48251.81,960.62,1.0,6.96,10.35,0.288,No,0
POS,57.0,50129.66,1821.69,3.0,9.9,24.0,0.076,No,0
POS,41.0,35028.82,3803.06,1.0,11.59,49.46,0.054,No,0
ATM,42.0,42173.92,15882.43,6.0,1.9,10.68,0.032,No,0
ATM,46.0,118871.51,597.59,4.0,2.43,18.71,0.407,No,0
,44.0,116846.07,1539.59,3.0,4.85,15.91,0.138,,0
Transfer,31.0,28003.29,1020.52,2.0,7.47,38.62,0.034,Yes,0
Online,39.0,29819.46,703.5,3.0,4.72,61.11,0.244,No,0
Transfer,33.0,27936.41,2750.38,9.0,8.23,15.06,0.585,No,1
Online,41.0,72409.45,2503.7,2.0,6.94,12.44,0.313,No,0
,40.0,37612.04,407.58,3.0,0.1,6.62,0.212,No,0
ATM,32.0,50124.8,2545.79,3.0,5.51,21.84,0.033,No,0
Online,21.0,110531.2,748.93,3.0,1.62,40.23,0.302,No,0
POS,38.0,44788.59,2529.74,2.0,3.65,4.26,0.105,No,0
POS,34.0,61835.3,8897.65,6.0,4.11,19.64,0.046,No,0
Online,18.0,56874.77,3972.35,0.0,7.56,27.1,0.187,No,0
ATM,,34534.7,2985.62,3.0,5.25,36.51,0.324,No,0
Transfer,47.0,72478.16,1473.33,3.0,3.94,26.05,0.536,No,0
Transfer,64.0,30701.06,2672.88,4.0,11.63,7.92,0.249,Yes,0
Online,32.0,82237.25,4390.95,3.0,2.66,12.92,0.382,No,0
POS,30.0,34546.61,3976.72,3.0,6.2,52.98,0.144,No,0
,24.0,36291.26,2263.86,4.0,7.34,32.92,0.443,Yes,0
Online,38.0,27573.16,3107.03,0.0,5.84,14.87,0.447,Yes,0
Online,38.0,29688.08,670.14,6.0,2.64,19.4,0.657,No,0
Transfer,27.0,37137.18,1199.56,2.0,2.49,9.32,0.102,No,0
Transfer,34.0,15067.73,5072.58,5.0,7.2,3.68,0.134,No,0
ATM,18.0,,5802.7,4.0,8.47,20.59,0.241,No,0
POS,46.0,35804.52,2745.3,6.0,5.18,12.05,0.343,No,0
POS,28.0,64210.55,10971.01,5.0,1.38,27.79,0.335,No,0
POS,36.0,54434.81,4154.99,3.0,5.36,70.5,0.745,Yes,0
POS,20.0,32727.83,1980.13,5.0,9.88,26.54,0.238,No,1
POS,30.0,36609.75,738.26,4.0,2.31,26.53,0.244,No,0
Online,33.0,40491.19,10538.38,9.0,4.38,39.82,0.051,,0
Online,36.0,,5401.13,5.0,5.51,6.52,0.24,No,0
Transfer,41.0,31081.89,,4.0,8.6,30.26,0.261,No,0
POS,52.0,32549.77,21826.79,3.0,3.74,9.11,0.079,No,0
Transfer,44.0,27080.11,690.29,1.0,6.78,39.23,0.327,No,0
,47.0,23097.97,692.09,5.0,9.51,26.46,0.478,No,0
POS,52.0,51666.73,142.71,6.0,0.89,7.21,0.42,No,0
Online,42.0,49302.21,6262.96,3.0,1.4,26.8,0.111,No,0
Online,36.0,80150.44,4820.0,2.0,5.05,5.62,0.343,No,0
Online,47.0,71901.46,2756.8,3.0,8.27,6.98,0.178,No,0
Online,48.0,132338.76,733.56,1.0,6.33,5.1,0.352,No,0
Transfer,43.0,43528.67,2287.04,5.0,8.54,41.05,0.117,No,0
Online,20.0,40021.8,3007.16,1.0,0.23,28.52,0.05,No,0
POS,27.0,25067.21,5468.57,5.0,6.37,22.87,0.383,No,0
POS,33.0,61566.79,3284.71,2.0,0.1,10.12,0.169,No,0
POS,45.0,47465.49,4855.4,5.0,9.31,30.55,0.229,Yes,1
POS,36.0,60324.14,2208.16,5.0,8.9,23.35,0.124,No,0
Online,49.0,26951.98,8148.0,2.0,4.35,13.64,0.219,,0
Transfer,50.0,52714.17,4702.15,3.0,0.1,24.98,0.221,No,0
ATM,49.0,49353.19,762.89,3.0,4.7,28.69,0.086,No,0
ATM,49.0,47905.4,,5.0,8.68,7.74,0.222,No,0
POS,25.0,33088.73,8515.28,7.0,6.57,48.62,0.23,No,0
Online,41.0,76850.24,3981.93,6.0,10.88,18.49,0.236,No,0
Transfer,29.0,113216.39,3310.2,8.0,4.44,29.64,0.529,Yes,0
Online,18.0,27303.3,13130.03,2.0,11.42,17.36,0.407,No,0
Online,33.0,62231.56,488.2,2.0,0.1,26.74,0.165,No,0
Online,,15000.0,8649.62,1.0,3.05,15.33,0.345,No,0
ATM,41.0,60796.79,1552.84,9.0,1.44,16.39,0.055,,0
POS,58.0,19396.51,7474.28,8.0,7.54,15.09,0.106,No,0
ATM,38.0,35531.77,2819.8,2.0,1.69,22.66,0.33,No,0
ATM,63.0,24923.26,721.35,4.0,8.35,33.9,0.507,No,0
Online,38.0,40838.99,,7.0,7.39,34.4,0.091,Yes,0
Transfer,36.0,65635.69,6944.98,1.0,5.87,33.05,0.133,No,0
POS,22.0,19508.91,2026.04,4.0,4.99,24.39,0.092,Yes,0
POS,48.0,38278.82,1342.86,8.0,2.17,13.82,0.187,No,0
Online,30.0,35717.71,1333.92,0.0,7.13,33.43,0.273,No,0
Transfer,29.0,91664.43,4751.87,3.0,3.79,22.48,0.405,No,0
Online,50.0,54650.31,14395.65,5.0,7.61,12.35,0.265,No,0
Online,49.0,26493.91,293.88,4.0,9.8,18.28,0.126,No,0
POS,48.0,36400.41,41139.77,7.0,4.38,36.19,0.345,No,0
Online,,90641.25,3064.97,5.0,9.27,8.19,0.685,No,0
Online,35.0,62061.57,4466.1,2.0,5.88,50.44,0.5,No,0
POS,35.0,29768.7,1616.12,4.0,7.1,75.66,0.184,No,0
POS,45.0,39904.17,2491.23,3.0,1.34,13.88,0.169,No,0
Transfer,53.0,40482.24,3030.73,4.0,3.25,15.39,0.38,,0
Online,40.0,35324.28,875.64,4.0,3.21,17.5,0.083,No,0
ATM,58.0,20844.02,1116.96,6.0,9.34,13.42,0.266,No,0
POS,46.0,33172.88,8173.18,2.0,4.25,61.91,0.065,No,0
POS,33.0,84082.81,529.38,4.0,7.19,17.48,0.056,No,0
POS,45.0,37907.44,3885.8,3.0,5.08,7.44,0.209,Yes,0
POS,55.0,42956.95,1725.94,8.0,4.23,23.56,0.038,No,0
Transfer,58.0,47937.55,956.56,5.0,0.89,10.34,0.208,No,0
Online,49.0,122098.26,17961.36,6.0,0.1,5.78,0.01,No,0
Online,36.0,45180.07,962.51,12.0,4.29,11.46,0.223,No,0
POS,34.0,73621.56,807.5,5.0,4.46,12.5,0.305,No,0
ATM,42.0,34380.22,2073.67,3.0,2.67,17.57,0.687,No,0
Online,54.0,,1159.2,3.0,5.74,4.08,0.196,No,0
POS,41.0,,2516.0,5.0,11.2,58.56,0.143,Yes,0
Transfer,,31763.02,2920.31,1.0,9.78,25.79,0.237,No,0
ATM,37.0,41058.16,3161.19,4.0,5.25,31.49,0.212,No,0
Transfer,32.0,67106.8,2208.69,4.0,5.36,21.9,0.657,Yes,1
,34.0,31390.28,1238.78,2.0,7.11,43.99,0.253,Yes,0
POS,37.0,45001.8,4757.36,0.0,5.92,15.18,0.292,No,0
Online,55.0,61904.48,2235.8,5.0,7.11,21.79,0.052,No,0
Transfer,33.0,31051.68,1522.99,3.0,6.01,9.53,0.149,No,0
POS,37.0,73670.22,,6.0,5.46,18.58,0.083,No,0
ATM,26.0,46500.36,2214.39,3.0,3.22,20.41,0.188,No,0
POS,44.0,41777.48,7450.47,2.0,6.23,10.33,0.312,No,0
POS,51.0,18228.68,8526.08,2.0,0.1,25.53,0.215,No,0
ATM,54.0,38036.14,9060.86,1.0,5.94,27.14,0.52,No,0
POS,38.0,,4990.06,1.0,0.1,31.92,0.066,No,0
Transfer,42.0,98698.3,2498.42,1.0,5.94,26.75,0.248,No,0
POS,34.0,58102.73,2344.91,6.0,2.21,19.14,0.298,No,0
POS,42.0,74698.48,1958.48,1.0,8.98,36.09,0.031,Yes,0
Online,39.0,26116.45,286.33,8.0,5.41,21.66,0.46,No,0
POS,37.0,42503.75,5129.96,7.0,5.15,2.98,0.171,No,0
POS,38.0,77944.61,3192.35,4.0,6.36,6.1,0.363,No,0
Online,41.0,30180.09,5707.69,1.0,2.55,9.36,0.353,No,0
Online,33.0,69478.17,2223.96,3.0,8.51,11.47,0.365,No,0
POS,33.0,62593.13,4860.38,3.0,7.22,25.61,0.227,No,0
POS,55.0,50921.65,630.52,2.0,3.49,45.2,0.176,No,0
POS,66.0,38812.65,776.49,2.0,1.97,28.94,0.456,No,0
Online,23.0,28870.77,210.15,5.0,3.88,24.66,0.436,No,0
Online,22.0,100041.31,2185.71,3.0,4.68,3.91,0.307,No,1
Online,25.0,,1154.61,4.0,1.75,1.87,0.192,No,1
ATM,35.0,52454.17,1012.99,0.0,3.63,49.53,0.199,No,0
Transfer,46.0,,,2.0,3.23,14.54,0.465,No,0
,,,1633.6,4.0,4.39,25.98,0.09,No,0
POS,38.0,48462.26,,2.0,4.42,28.18,0.226,No,0
Online,42.0,53871.77,31850.64,4.0,6.46,73.39,0.464,No,0
Online,28.0,62621.94,2409.16,3.0,5.09,59.39,0.185,No,0
Online,33.0,31644.06,846.31,3.0,6.21,82.03,0.058,No,0
Online,36.0,23259.04,1279.48,6.0,5.75,31.7,0.197,No,0
POS,19.0,46739.46,2102.54,4.0,4.42,53.1,0.064,No,0
Transfer,23.0,20499.79,2098.13,5.0,7.05,7.81,0.092,No,0
Online,24.0,38900.81,9193.12,2.0,0.1,74.34,0.198,Yes,0
POS,44.0,35784.94,2309.11,5.0,3.92,35.44,0.188,No,0
ATM,,56145.65,,9.0,3.29,16.43,0.192,No,1
Transfer,43.0,109818.74,1622.34,8.0,5.36,38.05,0.258,Yes,0
POS,18.0,18757.56,3829.47,4.0,3.1,45.58,0.111,No,0
Online,20.0,125216.69,6946.73,2.0,6.65,29.76,0.052,No,0
,43.0,40519.31,8260.15,6.0,7.18,47.44,0.368,No,0
Online,18.0,52624.22,9282.8,2.0,0.85,19.46,0.495,No,0
Transfer,49.0,23807.2,1904.61,4.0,5.67,29.69,0.354,No,0
POS,18.0,70474.76,2486.31,5.0,1.16,9.08,0.077,No,0
POS,45.0,45847.7,209.48,6.0,6.44,16.57,0.41,Yes,0
Online,26.0,43772.34,2055.01,3.0,3.6,14.2,0.42,No,1
POS,48.0,18818.48,7445.02,9.0,2.59,7.61,0.372,No,0
Transfer,,46519.48,6129.59,3.0,0.1,2.98,0.207,No,0
POS,18.0,65843.8,2292.87,5.0,4.72,17.01,0.059,No,0
POS,44.0,40460.94,13673.1,2.0,1.53,9.57,0.289,No,0
Transfer,18.0,,1702.82,6.0,0.55,23.96,0.029,No,0
Transfer,41.0,74923.33,1221.59,4.0,5.56,26.57,0.591,Yes,0
Online,34.0,33722.64,1565.38,7.0,7.91,60.12,0.595,No,0
POS,37.0,92246.44,813.69,2.0,6.18,13.54,0.158,No,0
POS,26.0,45926.63,,1.0,0.71,45.8,0.22,No,0
POS,45.0,46018.7,3336.0,6.0,4.59,25.78,0.313,No,0
Online,20.0,47049.68,4600.98,2.0,7.04,28.88,0.137,No,0
Online,50.0,46425.76,1651.89,6.0,4.59,23.12,0.075,No,0
Transfer,31.0,15000.0,2358.95,6.0,5.98,40.83,0.141,No,0
Transfer,21.0,41396.01,283.05,3.0,3.69,23.01,0.307,Yes,0
ATM,54.0,24358.64,3641.94,2.0,3.85,22.53,0.157,No,0
Transfer,35.0,,2759.73,1.0,3.02,9.32,0.242,No,1
,57.0,91872.32,831.74,2.0,6.84,10.73,0.44,No,1
ATM,49.0,66025.08,2251.58,5.0,7.03,25.96,0.436,No,0
ATM,27.0,,1931.78,5.0,3.33,15.41,0.212,No,0
POS,35.0,28589.96,14593.89,4.0,7.26,5.5,0.232,No,0
POS,37.0,,865.16,3.0,0.72,14.22,0.435,No,0
Online,53.0,107861.86,3482.38,6.0,4.49,36.29,0.144,No,0
POS,41.0,32956.01,839.9,4.0,0.94,24.16,0.278,No,1
Online,38.0,15590.23,1431.06,3.0,1.6,12.61,0.372,No,0
Online,34.0,71538.59,3297.32,5.0,0.9,20.11,0.173,No,0
POS,35.0,88401.5,2023.7,5.0,3.03,38.98,0.053,No,0
POS,50.0,94946.12,2485.07,7.0,6.86,9.14,0.385,No,0
Online,36.0,71802.49,3486.9,7.0,4.76,8.42,0.469,No,0
ATM,32.0,77273.13,1525.93,0.0,3.25,23.56,0.619,No,0
Transfer,30.0,46084.78,6052.29,3.0,4.48,14.39,0.113,No,0
Online,30.0,17678.15,1841.92,3.0,0.1,23.55,0.128,No,0
Online,21.0,45568.15,2267.63,6.0,6.72,21.05,0.517,No,1
Online,28.0,59523.44,,6.0,0.1,23.5,0.385,No,0
ATM,,42342.49,3137.08,5.0,2.88,61.63,0.503,No,0
ATM,34.0,41483.11,4761.29,6.0,4.76,6.94,0.278,No,0
Online,44.0,29160.33,3432.38,5.0,6.34,32.68,0.191,No,0
ATM,18.0,28670.83,3996.11,3.0,5.72,27.85,0.214,No,0
Online,42.0,102907.38,1805.65,1.0,4.85,31.6,0.296,No,0
POS,34.0,104597.36,858.58,3.0,9.37,3.62,0.302,Yes,0
Transfer,31.0,44946.43,599.69,7.0,11.04,35.01,0.137,No,0
Online,38.0,51077.71,470.28,4.0,5.02,17.12,0.328,No,0
Online,31.0,,14570.77,3.0,4.7,22.82,0.401,No,1
POS,18.0,60088.66,273.49,3.0,4.52,18.79,0.338,No,0
POS,46.0,99335.66,8248.36,5.0,3.17,10.21,0.262,Yes,0
Transfer,39.0,22612.63,1100.12,9.0,6.13,17.56,0.342,Yes,0
,33.0,55446.02,8188.51,4.0,8.81,21.0,0.222,No,0
Online,25.0,57352.85,276.31,3.0,0.1,29.64,0.057,No,0
Online,20.0,57058.98,1976.24,6.0,4.49,26.32,0.158,No,0
ATM,38.0,94248.08,10700.76,2.0,9.47,19.32,0.243,Yes,0
Online,54.0,112490.72,5101.32,6.0,6.18,21.67,0.247,No,0
Transfer,38.0,40511.86,1784.3,2.0,6.24,21.48,0.138,Yes,0
POS,21.0,60921.77,358.19,2.0,0.2,29.08,0.123,No,0
Online,38.0,46738.47,666.18,4.0,7.11,34.81,0.092,No,0
ATM,35.0,33859.2,10028.57,6.0,8.03,37.17,0.138,No,0
Online,46.0,50832.14,1764.82,3.0,5.6,15.96,0.289,Yes,0
POS,43.0,60875.89,2326.74,3.0,3.03,17.08,0.105,No,0
POS,18.0,49614.36,3319.54,7.0,6.33,14.84,0.155,Yes,0
POS,42.0,30269.21,679.4,4.0,1.89,21.13,0.18,No,0
POS,25.0,36527.31,3756.85,6.0,1.49,72.85,0.242,Yes,0
POS,20.0,36653.33,1643.25,3.0,7.41,15.86,0.106,No,0
Transfer,,30801.48,3353.46,9.0,8.29,31.62,0.193,No,0
Transfer,41.0,51818.92,1402.48,7.0,2.77,32.06,0.166,No,0
POS,18.0,54315.68,518.49,2.0,1.5,27.02,0.17,No,0
Online,44.0,69926.55,1630.55,3.0,2.37,3.39,0.43,No,0
ATM,44.0,30591.81,4744.89,4.0,5.59,19.72,0.049,No,0
Transfer,37.0,34701.99,3707.47,4.0,1.51,28.88,0.145,No,0
Online,26.0,90578.67,2578.54,7.0,8.85,11.55,0.316,Yes,0
POS,25.0,41789.26,6137.53,3.0,3.61,4.11,0.189,,0
POS,47.0,45614.31,2039.48,0.0,6.1,29.32,0.252,Yes,0
Online,19.0,41590.25,2644.72,3.0,2.77,35.83,0.224,No,0
POS,48.0,74927.9,1547.32,2.0,6.75,18.7,0.106,No,0
POS,34.0,76246.87,6507.2,5.0,7.0,13.89,0.345,No,0
ATM,35.0,74262.5,3346.18,4.0,0.1,50.4,0.08,Yes,0
ATM,18.0,45541.22,,5.0,2.96,36.67,0.17,No,0
ATM,34.0,30388.56,,6.0,4.53,8.71,0.101,Yes,0
POS,43.0,107019.21,7547.77,1.0,3.42,23.1,0.22,Yes,0
Online,21.0,66155.07,1187.95,5.0,7.61,9.65,0.579,No,0
ATM,41.0,,2686.81,3.0,3.21,16.26,0.157,No,0
ATM,37.0,85402.98,26282.16,6.0,7.14,45.52,0.14,Yes,0
,29.0,35362.02,5572.26,4.0,6.45,45.75,0.315,No,0
Transfer,45.0,84900.42,12521.41,2.0,4.68,13.53,0.411,No,0
Online,18.0,87522.03,1459.61,5.0,7.27,30.91,0.353,No,0
Transfer,40.0,29725.2,7295.57,3.0,0.39,8.9,0.261,No,0
Online,54.0,58466.49,2567.57,7.0,4.81,71.0,0.211,No,0
Online,52.0,63984.98,3604.95,1.0,2.68,4.07,0.391,No,0
POS,40.0,145965.7,18861.68,5.0,4.68,15.83,0.091,Yes,0
Online,33.0,32221.28,1892.02,3.0,3.59,30.84,0.627,No,0
Online,29.0,,2548.6,5.0,5.18,10.29,0.089,No,0
Online,33.0,45352.63,1013.16,6.0,5.03,8.79,0.424,Yes,0
POS,42.0,25740.06,6078.51,4.0,5.42,20.2,0.25,No,0
ATM,27.0,42634.69,1427.13,6.0,5.54,12.49,0.139,No,0
Online,44.0,45049.94,6951.8,4.0,6.72,3.46,0.28,No,0
POS,59.0,27942.87,480.17,0.0,1.22,20.17,0.411,No,1
ATM,35.0,51787.08,4327.24,2.0,6.53,30.01,0.318,No,0
Online,21.0,69246.78,1313.37,2.0,0.46,17.71,0.155,Yes,0
Online,21.0,50091.57,5190.39,4.0,0.1,19.76,0.023,No,0
Transfer,45.0,35262.94,2466.33,5.0,10.92,27.04,0.334,No,0
ATM,35.0,42091.68,1463.68,3.0,2.18,58.41,0.263,Yes,0
,46.0,44908.09,1698.48,12.0,3.66,15.18,0.033,No,1
ATM,30.0,49623.14,1068.12,5.0,0.1,25.71,0.274,No,0
Online,45.0,74149.72,5778.12,3.0,3.64,19.87,0.063,No,0
POS,34.0,50857.9,876.04,4.0,5.62,8.3,0.059,No,0
ATM,28.0,23937.57,1914.03,6.0,5.73,33.56,0.404,No,0
Online,,34939.5,3530.82,5.0,1.38,48.95,0.102,No,0
ATM,23.0,48490.7,12550.81,6.0,3.67,30.04,0.291,No,0
POS,58.0,74628.2,2476.86,4.0,6.11,2.39,0.182,No,0
ATM,35.0,80696.35,1961.64,5.0,5.72,15.89,0.1,No,0
POS,43.0,100010.07,3286.84,3.0,5.38,29.96,0.028,No,0
POS,30.0,47724.22,314.37,2.0,7.28,40.25,0.116,Yes,0
Online,24.0,63443.62,754.01,2.0,4.67,5.16,0.215,Yes,0
Online,33.0,23386.4,,4.0,9.18,8.1,0.429,No,0
ATM,,54604.11,1225.47,7.0,4.12,26.32,0.103,No,0
Online,30.0,27737.73,504.32,3.0,7.08,21.92,0.194,No,1
Online,26.0,43751.24,5894.79,2.0,7.19,20.22,0.539,No,0
Online,38.0,,3241.54,4.0,0.1,56.33,0.503,No,0
Online,41.0,51586.6,,0.0,6.32,59.9,0.41,No,0
ATM,54.0,30506.71,1248.95,6.0,3.08,9.74,0.616,No,0
POS,40.0,54063.95,2706.57,6.0,1.97,3.87,0.196,No,0
Transfer,43.0,35658.18,4181.79,7.0,3.73,19.22,0.253,No,0
Online,44.0,29204.64,1918.21,3.0,5.49,33.09,0.449,No,0
POS,23.0,115940.29,102593.19,1.0,0.31,42.81,0.363,Yes,0
POS,25.0,72728.11,1127.76,4.0,5.08,15.38,0.212,Yes,0
POS,24.0,52570.44,,2.0,4.35,11.68,0.18,No,0
Transfer,21.0,,7836.47,5.0,8.11,27.39,0.496,No,0
Transfer,45.0,39126.78,,2.0,3.1,17.23,0.228,No,0
Transfer,39.0,90087.31,9429.84,5.0,8.57,21.12,0.354,Yes,0
Online,37.0,51656.83,3326.3,3.0,6.16,30.16,0.047,Yes,0
Online,18.0,15000.0,2580.3,0.0,4.9,18.09,0.141,No,0
POS,59.0,133765.04,1596.0,4.0,8.82,6.04,0.278,No,0
Online,26.0,48863.98,410.17,4.0,10.77,11.94,0.222,No,0
ATM,59.0,52519.19,651.41,3.0,4.37,12.45,0.098,No,0
POS,20.0,73381.74,2113.27,9.0,2.78,12.55,0.243,No,0
POS,27.0,55483.95,2243.42,8.0,6.29,3.2,0.218,Yes,0
ATM,18.0,62977.11,10262.68,2.0,0.73,65.84,0.344,No,0
ATM,40.0,37188.03,9310.01,2.0,1.1,8.04,0.069,Yes,0
Online,24.0,25874.41,1258.35,6.0,8.92,34.39,0.269,No,0
Online,24.0,51048.04,5666.75,4.0,6.72,10.5,0.264,No,0
POS,21.0,85703.11,1551.5,3.0,2.43,15.26,0.295,No,0
POS,45.0,33621.02,4947.62,,14.41,20.71,0.088,No,0
Online,44.0,32428.95,5597.44,8.0,0.85,13.1,0.065,No,0
POS,56.0,77954.18,8657.13,7.0,6.86,52.87,0.088,No,0
ATM,28.0,36631.27,1527.52,,2.61,127.52,0.296,No,0
ATM,38.0,37408.97,6893.61,7.0,10.34,3.62,0.012,Yes,0
POS,22.0,38044.16,384.23,6.0,3.41,41.0,0.196,No,0
,32.0,43703.19,9138.59,,4.15,23.2,0.335,Yes,0
Online,30.0,22165.24,2438.23,6.0,0.1,15.9,0.2,No,0
POS,41.0,35302.7,2490.7,7.0,11.25,36.48,0.12,No,0
Online,47.0,49915.33,325.91,1.0,3.15,43.54,0.174,No,0
POS,47.0,49755.43,1694.9,2.0,6.44,19.18,0.123,No,0
POS,27.0,75774.31,9696.55,3.0,5.01,48.66,0.107,No,0
Online,,102964.99,1631.65,7.0,3.35,2.76,0.303,No,0
Online,36.0,88879.37,5102.62,1.0,0.1,32.95,0.241,No,0
Online,32.0,67914.94,2587.9,5.0,4.32,21.16,0.286,No,1
Transfer,28.0,42086.71,7235.21,7.0,4.18,24.24,0.107,No,0
POS,30.0,33997.31,3027.67,3.0,5.96,40.4,0.028,No,0
Online,55.0,45363.5,984.6,7.0,11.44,30.6,0.22,No,1
Transfer,39.0,58567.09,2645.19,4.0,6.93,66.96,0.277,Yes,0
POS,38.0,65139.72,12397.66,3.0,7.58,74.53,0.264,No,0
POS,33.0,59563.98,4112.11,2.0,4.08,17.99,0.08,No,0
Transfer,63.0,42611.9,2225.19,10.0,1.06,7.06,0.088,No,0
Online,50.0,64119.63,23855.97,8.0,4.16,20.38,0.252,No,0
Online,28.0,79364.81,7968.58,4.0,2.8,9.71,0.263,No,0
POS,33.0,66868.95,5657.74,6.0,4.85,14.65,0.073,No,0
Online,34.0,44356.38,3433.68,4.0,3.52,22.65,0.125,No,0
POS,38.0,30920.85,5189.12,5.0,0.1,5.04,0.357,No,0
Online,,30592.57,5360.32,7.0,8.8,29.44,0.257,No,0
Online,41.0,33119.25,281.81,4.0,4.58,19.24,0.201,No,0
Online,52.0,50518.84,3710.72,5.0,4.01,11.32,0.177,No,0
POS,22.0,56858.98,2128.64,7.0,1.69,1.59,0.415,No,0
Online,24.0,23810.41,1516.67,3.0,3.57,39.51,0.558,No,0
,31.0,35868.69,2056.19,4.0,2.41,43.74,0.403,No,0
Transfer,31.0,50206.32,527.53,1.0,1.42,40.68,0.52,No,1
Online,58.0,30018.28,411.35,8.0,5.49,9.65,0.218,No,0
POS,47.0,54703.04,8695.39,1.0,3.59,27.55,0.167,No,0
Online,46.0,39186.01,3968.74,3.0,7.25,44.87,0.326,,0
POS,,32496.21,223.86,6.0,3.92,25.76,0.205,No,0
Online,33.0,,1404.82,7.0,5.34,24.15,0.336,No,0
POS,20.0,53687.95,6030.58,1.0,5.26,61.36,0.484,No,0
Online,45.0,30717.25,1889.43,4.0,6.15,58.52,0.106,,0
Transfer,41.0,,8682.38,3.0,2.48,14.65,0.593,No,0
Transfer,50.0,55540.79,7142.35,5.0,7.7,12.71,0.21,No,0
Online,34.0,31935.62,643.77,5.0,1.46,10.64,0.08,Yes,0
Online,,21341.89,2166.18,3.0,5.13,3.4,0.077,No,0
Online,38.0,22538.03,1597.12,4.0,1.39,52.76,0.139,No,0
POS,46.0,37283.08,623.16,6.0,4.64,25.48,0.161,No,0
Online,20.0,24862.84,583.92,6.0,7.67,14.89,0.127,No,0
Transfer,44.0,38481.89,1116.58,4.0,6.67,22.08,0.297,No,0
ATM,36.0,95191.13,1317.01,7.0,8.18,55.94,0.249,No,0
ATM,24.0,24198.56,3318.53,3.0,4.09,5.38,0.306,No,0
POS,18.0,39626.19,7102.91,3.0,7.73,51.55,0.345,No,0
Transfer,34.0,117471.95,4178.43,5.0,2.92,20.59,0.412,No,0
Online,52.0,54072.25,5294.47,6.0,3.62,28.89,0.233,No,0
POS,54.0,38137.08,1914.91,5.0,5.39,30.09,0.472,,0
Online,40.0,41932.67,4568.98,6.0,7.55,58.1,0.134,No,0
Transfer,58.0,54591.36,2155.27,3.0,3.36,10.18,0.328,No,0
POS,36.0,96520.93,1607.72,5.0,7.09,83.68,0.444,Yes,0
ATM,46.0,35437.78,16666.35,7.0,5.69,6.65,0.242,No,0
,31.0,32000.06,243.12,2.0,6.01,11.9,0.206,No,0
Transfer,30.0,24196.27,384.04,4.0,2.44,33.61,0.315,No,1
POS,29.0,47136.88,3665.59,3.0,3.85,53.51,0.322,No,0
POS,18.0,23905.37,94838.94,5.0,4.72,10.61,0.348,Yes,0
Transfer,50.0,36523.66,594.11,6.0,6.01,5.83,0.07,No,0
POS,29.0,29896.9,870.82,2.0,2.58,55.46,0.039,Yes,0
POS,27.0,72967.79,991.92,5.0,1.12,15.21,0.224,Yes,0
POS,23.0,35797.72,6102.07,5.0,0.1,16.1,0.482,No,0
Online,34.0,53800.41,8403.94,4.0,7.24,23.06,0.273,No,0
Online,55.0,21863.55,12882.29,7.0,7.83,19.8,0.316,Yes,0
,59.0,47743.39,510.32,4.0,0.1,34.37,0.208,No,0
Online,18.0,26186.4,637.1,3.0,5.23,6.98,0.137,No,0
Transfer,32.0,37155.83,594.92,2.0,3.87,5.12,0.127,No,0
POS,25.0,121717.6,9071.59,5.0,8.65,28.6,0.035,No,0
POS,47.0,68452.56,,1.0,4.37,29.78,0.029,No,0
POS,39.0,42473.35,2708.76,4.0,6.64,34.28,0.235,No,0
POS,29.0,189840.9,3145.33,4.0,3.72,32.96,0.114,No,0
POS,37.0,29809.7,2362.01,4.0,2.94,5.22,0.31,No,0
Transfer,31.0,76021.02,814.77,2.0,7.3,32.59,0.546,No,0
Transfer,54.0,,4176.46,6.0,8.24,31.6,0.039,No,0
POS,42.0,40322.0,2075.4,2.0,1.19,6.15,0.22,Yes,0
Online,43.0,24536.38,752.74,2.0,8.43,43.62,0.282,No,0
POS,18.0,50523.4,4439.65,5.0,2.08,10.31,0.191,Yes,0
POS,35.0,46147.79,1633.14,4.0,0.1,9.23,0.327,No,0
POS,59.0,39181.84,3138.59,2.0,5.03,34.89,0.347,Yes,0
POS,51.0,73559.03,2206.29,,6.52,7.59,0.089,No,0
POS,18.0,34864.46,6096.22,3.0,0.45,17.69,0.317,No,0
Online,33.0,52130.27,3115.7,5.0,0.1,15.6,0.286,No,0
Online,23.0,65099.2,1033.13,4.0,3.52,13.44,0.055,No,0
POS,55.0,23085.69,3449.72,2.0,3.11,11.03,0.085,No,0
Online,39.0,32132.76,3564.34,2.0,9.11,76.16,0.304,No,0
Online,28.0,46104.01,4168.78,6.0,5.04,33.46,0.235,No,0
ATM,36.0,59753.72,7043.92,7.0,7.2,12.18,0.042,No,0
POS,18.0,85303.84,1350.27,6.0,5.63,12.47,0.235,No,0
Online,24.0,40834.06,4875.52,1.0,9.71,26.64,0.433,No,0
POS,36.0,39026.88,445.51,3.0,2.32,15.53,0.378,No,0
ATM,45.0,30386.37,2217.33,6.0,4.74,27.88,0.036,Yes,0
Online,18.0,52203.8,1899.58,1.0,0.29,8.19,0.127,No,0
ATM,32.0,39368.25,10634.85,4.0,7.43,22.99,0.277,No,0
Transfer,47.0,39779.35,2138.18,4.0,8.34,36.44,0.183,No,0
POS,20.0,43138.36,4591.83,1.0,7.62,22.05,0.473,No,0
POS,39.0,57679.11,429.35,8.0,4.63,16.46,0.118,No,0
Online,37.0,34917.35,1758.63,3.0,0.53,29.97,0.155,Yes,0
Transfer,55.0,31791.26,1072.43,6.0,4.74,2.54,0.305,No,0
POS,33.0,54649.41,29719.45,,2.97,36.37,0.32,No,0
Transfer,34.0,15000.0,1283.38,6.0,7.77,3.07,0.836,No,0
POS,45.0,34295.27,2690.08,5.0,3.72,40.66,0.035,,0
Online,21.0,26804.59,2837.34,3.0,3.66,15.95,0.156,No,0
,34.0,77333.61,510.08,6.0,11.52,38.48,0.418,No,0
POS,31.0,36901.15,1477.36,2.0,7.4,44.62,0.354,Yes,0
POS,34.0,34964.74,3747.38,7.0,8.23,16.81,0.146,Yes,1
Online,45.0,44026.09,2723.76,4.0,3.46,42.32,0.174,Yes,0
ATM,42.0,34423.69,250.54,0.0,1.7,25.34,0.306,No,0
Transfer,28.0,37542.39,1418.07,8.0,8.2,29.81,0.121,,0
,38.0,47010.09,6938.69,2.0,9.48,49.38,0.353,No,0
POS,52.0,37216.21,4501.96,2.0,1.14,27.42,0.28,No,0
Online,27.0,37096.2,8451.33,2.0,3.45,38.55,0.396,No,0
ATM,38.0,28562.41,932.99,7.0,2.26,72.14,0.297,No,1
Online,34.0,26774.76,8999.96,6.0,6.44,38.32,0.275,No,0
Transfer,35.0,46244.8,2391.41,3.0,8.26,15.61,0.562,No,0
POS,18.0,51657.36,12286.65,5.0,3.9,25.95,0.096,No,0
POS,52.0,23664.88,2508.27,8.0,3.89,12.4,0.16,Yes,0
Online,27.0,63347.54,322.65,10.0,0.1,26.83,0.525,No,0
Online,47.0,63464.71,5844.76,5.0,2.14,17.35,0.25,Yes,0
ATM,29.0,,1604.44,4.0,9.52,28.8,0.043,,0
POS,29.0,51501.58,1716.11,6.0,6.48,38.89,0.193,No,0
POS,49.0,59940.32,584.61,5.0,7.78,12.03,0.309,No,0
Transfer,47.0,120292.24,12660.54,1.0,3.9,22.49,0.349,Yes,0
Transfer,38.0,39290.3,1484.67,10.0,4.18,9.56,0.266,No,0
Transfer,,28109.32,12077.29,6.0,5.06,12.57,0.414,,0
Online,33.0,22563.54,1624.25,5.0,5.97,25.18,0.069,No,0
POS,36.0,99158.12,988.61,2.0,9.13,16.35,0.286,No,0
Transfer,29.0,99744.98,9354.15,3.0,2.98,55.41,0.141,No,0
POS,46.0,29683.54,,7.0,4.59,4.32,0.275,Yes,0
Online,28.0,32439.22,2346.02,4.0,2.62,63.12,0.05,No,0
ATM,52.0,38895.03,693.96,5.0,0.1,38.37,0.203,No,0
POS,33.0,78067.83,1581.96,7.0,7.76,33.2,0.216,Yes,0
POS,36.0,25213.42,3838.13,6.0,10.24,36.67,0.032,Yes,0
Transfer,44.0,18572.53,681.89,4.0,7.3,36.14,0.066,No,0
POS,36.0,119348.05,1458.2,5.0,5.69,15.38,0.344,No,0
POS,33.0,51791.73,1641.88,3.0,10.56,39.76,0.323,No,0
,36.0,55210.24,2671.74,3.0,6.38,26.71,0.285,No,0
POS,,41032.51,10977.53,8.0,7.41,5.13,0.357,No,0
Online,29.0,55493.49,1852.13,6.0,5.42,12.74,0.349,No,0
ATM,,22766.04,1253.31,3.0,5.88,9.65,0.229,No,0
ATM,36.0,30822.6,38964.9,2.0,4.6,18.98,0.428,No,0
Online,46.0,47180.64,1621.1,4.0,7.5,3.12,0.169,No,0
Online,35.0,16195.96,2066.04,3.0,1.73,35.45,0.108,No,0
Transfer,56.0,39272.7,1747.95,,6.26,39.85,0.187,No,0
Online,34.0,38198.2,1895.57,1.0,2.44,15.01,0.219,No,0
POS,33.0,39269.65,2702.14,2.0,6.53,29.17,0.214,No,0
POS,34.0,35116.66,6278.22,7.0,12.18,56.83,0.269,No,0
POS,22.0,28746.36,3744.46,4.0,7.1,16.16,0.399,No,0
Online,25.0,19821.12,7340.35,5.0,8.52,16.17,0.174,No,0
POS,30.0,,7101.59,5.0,7.71,18.12,0.375,Yes,0
POS,48.0,39315.02,3079.73,4.0,0.1,33.48,0.168,No,0
POS,36.0,24234.71,3642.25,7.0,4.6,15.92,0.035,No,0
Online,31.0,46284.29,7576.32,1.0,6.34,18.37,0.275,No,0
POS,49.0,39406.66,822.9,4.0,0.1,32.63,0.245,No,0
POS,53.0,36569.03,30401.8,2.0,4.15,31.31,0.352,Yes,0
Online,50.0,17048.46,1497.36,1.0,4.76,14.38,0.432,No,0
Online,27.0,61185.36,1760.02,5.0,1.31,9.3,0.336,No,0
Online,31.0,25836.53,744.08,1.0,2.09,16.74,0.103,No,0
Online,56.0,46299.64,766.55,3.0,9.01,19.83,0.23,No,0
Online,39.0,31278.84,6621.52,3.0,0.1,25.49,0.425,No,0
Transfer,33.0,37778.33,24203.18,3.0,5.81,22.22,0.277,No,0
POS,44.0,75580.18,1417.72,6.0,8.49,7.45,0.279,No,0
ATM,47.0,57162.08,3538.16,6.0,4.92,15.62,0.518,Yes,0
Transfer,30.0,74827.13,3115.71,2.0,9.23,3.35,0.366,No,0
Online,38.0,52213.23,6797.37,3.0,3.72,25.4,0.335,No,0
POS,,53781.37,22988.76,3.0,2.28,8.9,0.292,No,1
Transfer,23.0,20189.24,11441.7,2.0,4.97,5.7,0.244,No,0
POS,36.0,39008.37,,4.0,3.86,17.35,0.263,No,0
POS,24.0,40668.49,4242.1,5.0,3.28,28.28,0.337,No,0
POS,25.0,78047.04,4684.92,3.0,4.46,21.79,0.156,No,0
Online,30.0,35832.64,2450.27,3.0,2.62,60.9,0.188,No,0
POS,41.0,,835.57,6.0,2.49,4.34,0.117,No,0
Transfer,32.0,49811.87,84947.03,2.0,1.63,4.1,0.289,Yes,0
Transfer,29.0,75763.47,7880.91,1.0,6.25,13.5,0.095,No,0
Online,37.0,42371.57,8737.28,1.0,2.0,38.71,0.142,No,0
ATM,23.0,65311.4,2031.4,7.0,1.27,14.47,0.251,No,0
Online,41.0,20894.23,3245.75,7.0,1.78,10.32,0.415,No,0
Transfer,,21766.1,8277.61,7.0,5.62,29.62,0.071,No,0
Online,35.0,16105.45,454.76,3.0,7.01,15.69,0.14,Yes,0
Transfer,34.0,64094.32,1599.9,11.0,7.25,48.51,0.02,,0
ATM,40.0,60935.3,18805.74,5.0,5.64,17.78,0.122,No,0
Online,18.0,67372.36,3372.31,3.0,6.61,39.14,0.097,No,0
Online,42.0,33176.76,808.22,9.0,4.84,18.92,0.345,No,0
ATM,70.0,34920.22,2811.09,5.0,6.37,28.4,0.1,,0
Online,35.0,42614.35,6942.95,7.0,6.32,43.15,0.112,No,1
POS,35.0,86170.44,195.88,6.0,2.81,4.07,0.187,No,0
Transfer,44.0,96436.54,2981.95,4.0,1.77,2.84,0.044,No,0
POS,54.0,64320.37,,3.0,9.06,4.62,0.327,No,0
POS,47.0,52228.14,483.98,5.0,5.38,9.31,0.34,No,0
POS,18.0,82071.0,2713.44,4.0,8.16,44.44,0.241,Yes,0
Online,42.0,40106.3,2181.06,5.0,1.7,66.48,0.489,No,0
Transfer,64.0,37740.69,2440.49,3.0,3.78,19.95,0.014,No,0
Online,43.0,,1764.79,,0.87,15.18,0.343,No,1
Online,23.0,28969.43,900.28,5.0,6.94,27.39,0.242,No,0
Online,39.0,41592.02,583.62,5.0,3.16,11.94,0.301,No,0
Transfer,22.0,27216.65,1253.08,3.0,3.34,26.29,0.099,No,0
Online,50.0,71372.74,5903.48,4.0,10.87,43.27,0.072,No,0
Transfer,25.0,57473.38,3156.18,4.0,7.0,27.57,0.517,,0
ATM,37.0,85624.0,2332.91,6.0,6.96,8.32,0.43,No,0
ATM,27.0,21617.11,883.84,2.0,1.39,19.43,0.309,No,0
Transfer,30.0,105892.68,1720.09,4.0,0.1,71.63,0.15,No,0
ATM,52.0,22176.84,5224.97,3.0,7.91,29.79,0.617,No,0
Transfer,37.0,26243.64,4141.57,4.0,0.1,14.14,0.405,No,0
Online,30.0,34031.71,1551.3,2.0,3.5,11.67,0.147,No,0
ATM,,81055.72,183.58,2.0,2.57,13.8,0.313,No,0
POS,18.0,49807.75,1273.09,4.0,2.22,36.1,0.398,No,0
POS,22.0,40323.7,1542.8,4.0,3.68,24.81,0.203,Yes,0
,37.0,31499.77,1009.23,4.0,1.83,9.05,0.404,No,0
Transfer,47.0,24227.58,1653.86,3.0,1.35,41.6,0.209,No,0
ATM,30.0,74914.3,5656.7,7.0,5.77,70.19,0.339,No,0
POS,53.0,64460.34,2408.48,6.0,8.2,25.74,0.272,No,0
POS,28.0,82703.77,6726.04,5.0,0.1,46.99,0.124,No,0
POS,33.0,53797.7,553.17,5.0,5.59,7.96,0.22,No,1
POS,24.0,15000.0,1842.69,2.0,6.62,18.45,0.193,No,0
,47.0,,359.61,3.0,6.34,7.15,0.531,Yes,0
Online,59.0,55470.68,1631.85,3.0,4.34,37.16,0.068,No,0
Online,18.0,38102.88,878.65,4.0,3.21,21.21,0.099,No,0
ATM,32.0,34994.24,9002.87,5.0,7.28,2.85,0.259,Yes,0
POS,50.0,27390.89,3765.96,4.0,6.01,8.09,0.062,No,0
Transfer,20.0,68929.06,6897.23,3.0,0.1,19.34,0.391,No,0
POS,42.0,55254.47,1627.33,4.0,4.34,4.7,0.188,Yes,0
Online,49.0,56384.74,901.74,2.0,5.17,8.56,0.202,No,0
Online,37.0,33836.55,873.48,4.0,1.72,44.48,0.115,No,0
Online,42.0,48715.24,3260.01,5.0,4.27,11.28,0.284,Yes,0
Transfer,55.0,24647.32,15278.59,7.0,6.47,25.5,0.362,No,0
Online,57.0,42446.31,3776.03,5.0,2.52,40.11,0.231,No,0
POS,35.0,15000.0,1718.62,7.0,5.7,35.25,0.157,No,0
Transfer,30.0,22220.39,2069.94,4.0,2.03,58.3,0.023,No,0
Transfer,26.0,,2422.96,2.0,1.29,42.25,0.243,No,0
Online,47.0,131035.16,18971.41,1.0,6.85,24.85,0.321,No,0
Online,21.0,20011.92,8583.99,2.0,8.52,5.37,0.127,No,0
Online,33.0,25714.4,3242.19,3.0,1.45,20.06,0.06,,0
Online,37.0,49610.93,2789.95,1.0,7.86,35.46,0.1,No,0
Online,30.0,99773.52,3372.47,4.0,4.96,9.89,0.24,No,0
POS,39.0,49286.0,4098.28,5.0,0.1,44.92,0.285,Yes,0
Transfer,64.0,61721.13,1653.83,5.0,0.7,21.25,0.378,No,0
POS,35.0,38657.5,1074.88,5.0,6.82,35.32,0.315,No,0
POS,31.0,35761.89,7018.23,9.0,0.13,35.16,0.558,Yes,1
Online,47.0,46695.39,2555.57,4.0,3.14,36.34,0.338,No,0
ATM,39.0,33462.73,6456.06,7.0,4.76,14.4,0.229,Yes,0
POS,52.0,62338.78,12967.54,6.0,6.34,58.83,0.102,No,0
Transfer,,21842.12,4207.65,5.0,5.55,50.78,0.113,Yes,0
Transfer,33.0,67165.29,3578.13,1.0,9.71,23.25,0.495,No,1
Online,18.0,45803.17,50000.0,3.0,2.55,7.62,0.35,No,0
Online,18.0,40855.36,3075.02,7.0,5.3,14.9,0.24,No,0
Online,18.0,21484.24,840.08,8.0,6.36,14.36,0.234,Yes,0
POS,40.0,28955.43,1887.15,5.0,7.14,5.01,0.25,No,0
Transfer,21.0,77173.46,11798.54,6.0,8.15,12.03,0.357,No,0
POS,50.0,40968.07,685.32,3.0,3.7,0.21,0.315,No,0
ATM,36.0,,1178.02,3.0,6.95,30.89,0.185,No,0
,33.0,30291.68,,5.0,2.22,18.52,0.238,No,0
Online,27.0,44415.47,1905.36,3.0,4.77,36.75,0.341,No,0
Online,43.0,24268.86,2239.03,7.0,6.5,16.55,0.165,No,0
POS,27.0,47068.76,7313.07,4.0,7.93,4.7,0.262,No,0
POS,25.0,53167.69,,2.0,6.71,7.31,0.181,No,0
POS,49.0,51984.16,575.62,4.0,5.27,20.52,0.131,No,0
Online,40.0,29965.58,623.38,6.0,4.76,20.38,0.358,No,0
ATM,33.0,38580.21,4473.05,6.0,6.65,11.97,0.28,No,0
Online,43.0,57305.69,3239.51,1.0,11.57,11.55,0.119,No,0
Transfer,36.0,,1250.73,1.0,7.56,38.07,0.244,No,0
Online,40.0,39542.46,784.66,,6.14,3.29,0.085,No,0
Online,27.0,105977.09,1907.36,5.0,0.89,26.89,0.192,No,0
POS,59.0,29333.12,7635.5,3.0,2.47,16.93,0.753,No,0
POS,30.0,73174.78,1083.8,,4.03,37.99,0.307,No,0
POS,53.0,,1288.66,4.0,7.73,74.21,0.314,No,0
POS,34.0,60419.63,760.16,5.0,2.19,6.39,0.42,No,0
Transfer,45.0,,1731.31,6.0,6.93,33.57,0.181,No,0
POS,44.0,35766.02,,5.0,5.36,32.4,0.211,No,0
POS,49.0,26018.24,20727.47,2.0,6.06,10.4,0.344,No,0
POS,27.0,18540.69,,0.0,4.35,14.02,0.179,No,0
Online,48.0,34119.24,2369.34,7.0,3.21,17.96,0.039,No,0
POS,,57023.35,5925.28,2.0,2.08,31.44,0.099,No,0
Online,33.0,27708.24,5015.37,8.0,6.83,22.49,0.313,No,0
,36.0,47006.66,1403.02,4.0,4.77,52.49,0.235,No,0
Online,30.0,23156.35,24986.88,9.0,1.77,9.53,0.145,No,0
Transfer,32.0,40504.49,2439.78,2.0,5.67,20.05,0.376,No,0
POS,55.0,26856.09,3166.62,2.0,15.27,26.15,0.316,No,0
Transfer,25.0,43448.28,4338.98,4.0,4.4,16.13,0.232,No,0
POS,26.0,35915.78,3533.06,5.0,9.96,8.27,0.262,Yes,0
Online,54.0,26337.6,11492.43,2.0,0.1,45.63,0.216,Yes,0
ATM,,33453.94,1385.94,5.0,4.19,25.36,0.423,No,0
POS,59.0,29556.15,5472.16,3.0,7.86,3.29,0.142,No,0
ATM,31.0,,2947.21,4.0,5.05,12.5,0.401,Yes,0
POS,37.0,73251.45,6679.3,3.0,3.07,10.03,0.548,No,0
POS,29.0,38266.84,2016.38,5.0,4.92,61.1,0.332,No,0
Transfer,38.0,16704.21,1760.99,4.0,7.96,17.19,0.497,No,0
POS,18.0,33994.07,5198.47,4.0,11.43,53.99,0.125,No,0
Online,44.0,67916.75,3576.14,5.0,8.2,29.44,0.341,No,0
POS,40.0,31946.13,1100.76,4.0,3.49,28.24,0.156,No,0
POS,35.0,88291.8,9601.34,1.0,4.3,12.11,0.223,No,0
Transfer,32.0,30605.04,5200.74,5.0,4.32,17.01,0.062,Yes,1
POS,26.0,,2321.21,4.0,2.4,6.13,0.06,No,0
POS,44.0,71747.27,1565.27,3.0,4.53,41.45,0.244,No,0
ATM,23.0,55105.51,3598.16,2.0,4.18,41.73,0.399,No,0
POS,42.0,24243.3,,3.0,1.4,28.25,0.094,No,0
ATM,59.0,29445.81,507.74,1.0,7.51,22.39,0.102,No,0
POS,52.0,76187.27,3639.96,5.0,6.26,18.95,0.141,No,0
Online,19.0,31330.35,4801.1,5.0,3.08,60.81,0.041,No,0
ATM,30.0,69805.79,,2.0,5.44,46.16,0.118,No,0
,41.0,37078.39,3041.89,4.0,2.11,25.46,0.165,No,0
Online,35.0,47957.22,5007.32,1.0,3.34,14.24,0.113,Yes,0
POS,21.0,24116.93,4469.02,2.0,7.06,13.1,0.163,No,0
ATM,40.0,34224.51,5577.49,3.0,6.41,57.61,0.07,No,0
Transfer,36.0,30349.34,1801.69,6.0,3.46,10.83,0.379,No,0
Online,57.0,49808.33,883.72,10.0,5.93,20.02,0.045,Yes,0
Online,33.0,46927.38,413.35,3.0,4.78,32.24,0.45,No,0
Transfer,49.0,55415.26,7452.23,2.0,2.01,39.2,0.183,No,0
Online,22.0,36086.81,5049.84,8.0,4.5,27.06,0.274,Yes,1
Online,25.0,29608.43,8042.82,5.0,6.3,22.98,0.074,No,0
Online,44.0,48856.65,1210.64,4.0,5.92,21.9,0.281,Yes,0
POS,48.0,28313.75,5585.24,3.0,0.1,18.15,0.181,Yes,0
Transfer,25.0,73109.08,556.33,3.0,5.5,8.34,0.074,No,0
ATM,36.0,42739.67,1047.91,4.0,5.08,35.91,0.426,No,0
ATM,21.0,38857.52,2835.64,3.0,0.1,14.51,0.239,Yes,0
Online,34.0,,4852.52,4.0,2.58,6.96,0.096,No,0
POS,45.0,43479.89,13400.65,6.0,6.47,9.12,0.189,No,0
POS,31.0,21339.06,1966.44,3.0,9.15,25.26,0.096,No,0
Online,33.0,27910.95,1051.84,3.0,0.1,34.61,0.185,No,0
Online,24.0,72430.78,999.14,3.0,7.94,24.6,0.094,No,0
Online,29.0,46731.13,1256.64,2.0,0.1,19.5,0.347,No,0
Online,55.0,21114.44,23041.97,9.0,9.19,20.84,0.36,No,0
POS,37.0,52726.22,5329.0,,4.28,11.14,0.314,No,0
ATM,25.0,34987.68,7605.13,8.0,2.86,42.25,0.248,No,0
Online,33.0,30360.35,1968.57,5.0,6.06,9.27,0.128,No,0
POS,18.0,26882.35,2495.88,4.0,2.11,27.61,0.361,No,0
ATM,25.0,,5030.68,6.0,6.55,40.28,0.489,No,0
ATM,51.0,18581.9,1507.56,2.0,4.63,25.9,0.314,No,0
ATM,34.0,30869.64,1868.21,4.0,0.1,32.84,0.259,No,0
POS,57.0,47499.52,1273.27,2.0,2.57,12.03,0.292,No,0
ATM,35.0,91553.72,1598.07,2.0,5.57,26.95,0.393,No,0
,36.0,57737.03,2625.49,,8.2,38.62,0.232,No,0
POS,43.0,30751.89,1099.2,6.0,5.99,36.09,0.01,No,0
Online,18.0,89556.66,3327.66,5.0,8.15,38.93,0.427,No,0
POS,38.0,24455.54,3323.01,3.0,2.32,17.25,0.267,No,0
POS,35.0,50706.99,2089.75,2.0,7.18,43.82,0.21,No,0
Online,52.0,56045.6,,5.0,7.23,23.81,0.308,No,0
ATM,47.0,30270.1,2776.67,3.0,0.11,16.53,0.171,No,0
Online,24.0,61594.92,1508.91,4.0,8.3,58.25,0.143,No,0
Online,50.0,35709.33,2619.24,4.0,5.98,3.42,0.33,Yes,0
Online,33.0,61527.03,7496.36,3.0,4.16,22.5,0.258,Yes,0
POS,26.0,19665.08,714.16,2.0,4.1,12.64,0.193,No,0
Online,38.0,52321.2,21972.18,2.0,1.89,35.94,0.188,No,0
POS,34.0,37382.94,2325.11,1.0,6.89,11.81,0.091,Yes,0
,53.0,75492.19,3773.98,4.0,5.91,5.14,0.243,No,0
ATM,40.0,44118.15,1177.67,4.0,6.75,15.65,0.287,No,1
Transfer,38.0,78950.08,7834.23,6.0,5.24,16.99,0.201,No,0
POS,46.0,56547.91,2204.86,5.0,5.62,13.74,0.071,Yes,0
POS,48.0,42490.63,1685.69,3.0,4.11,7.11,0.374,No,0
Transfer,45.0,64142.92,1406.04,7.0,8.23,19.36,0.09,No,0
Transfer,52.0,64327.6,1911.33,5.0,6.82,4.12,0.433,No,0
POS,43.0,55646.66,3798.62,5.0,5.52,19.34,0.372,No,0
Transfer,38.0,16040.66,,3.0,4.6,19.96,0.469,No,0
Transfer,,28919.33,2402.31,5.0,0.1,54.32,0.241,No,0
ATM,35.0,83890.31,1227.36,6.0,0.1,25.15,0.506,No,0
POS,36.0,25571.71,1158.49,,3.9,4.36,0.579,No,0
Online,55.0,66938.21,1576.83,4.0,8.81,29.89,0.288,No,0
,54.0,61840.98,3961.28,3.0,2.89,59.98,0.161,No,0
POS,36.0,32462.12,4847.92,5.0,3.0,11.92,0.411,No,0
POS,31.0,18334.94,5547.43,4.0,2.08,20.02,0.283,No,0
POS,52.0,34836.02,2496.34,2.0,1.13,17.15,0.041,No,0
POS,,114636.84,3668.76,6.0,2.26,20.88,0.326,No,0
POS,39.0,30514.06,,6.0,5.84,20.36,0.249,No,0
ATM,32.0,31476.67,,2.0,3.52,19.76,0.606,No,0
Online,40.0,28724.5,2014.49,5.0,3.39,12.98,0.325,No,0
Online,36.0,77735.77,1717.66,0.0,3.12,18.16,0.184,Yes,0
ATM,29.0,40340.28,884.48,5.0,5.71,22.54,0.314,No,0
ATM,37.0,33953.93,1417.5,3.0,6.17,24.29,0.032,No,0
Transfer,39.0,85006.34,2861.6,1.0,0.1,27.26,0.151,No,0
Transfer,32.0,58406.95,804.97,4.0,2.72,47.4,0.469,Yes,0
Transfer,46.0,29754.54,1228.15,6.0,4.73,32.69,0.221,Yes,1
Online,50.0,25946.84,11753.99,5.0,6.32,24.36,0.136,No,0
POS,47.0,75780.35,503.38,2.0,5.38,16.73,0.799,,0
Online,33.0,45341.25,2081.54,6.0,7.47,77.46,0.212,No,0
POS,44.0,22411.71,778.79,6.0,0.76,4.2,0.191,No,0
Transfer,37.0,20171.29,1178.99,5.0,6.25,27.02,0.1,No,0
Online,22.0,27233.42,,2.0,11.15,36.92,0.174,No,0
POS,43.0,25761.84,931.2,4.0,5.14,22.68,0.492,No,0
Online,38.0,17920.19,4438.08,,5.27,12.37,0.091,No,0
Online,65.0,27436.78,9654.67,1.0,6.56,29.63,0.475,No,0
Online,52.0,,5800.64,4.0,3.36,9.07,0.349,No,0
Online,44.0,36541.77,6965.04,7.0,2.16,37.08,0.242,Yes,0
Transfer,,96396.7,629.11,5.0,5.17,8.29,0.164,No,0
POS,38.0,,1960.54,6.0,0.1,50.69,0.133,No,0
ATM,25.0,41731.4,3989.68,4.0,6.19,29.7,0.764,No,0
POS,18.0,56589.72,5974.39,6.0,6.69,23.48,0.091,No,0
Online,26.0,40442.02,14434.83,6.0,0.19,18.93,0.189,No,0
,35.0,53878.49,7281.45,8.0,5.49,20.59,0.414,No,0
ATM,18.0,51056.82,6127.45,3.0,4.35,9.98,0.321,,0
Online,30.0,47552.17,34809.36,4.0,9.43,22.33,0.41,No,0
Transfer,33.0,156267.96,2752.75,3.0,8.93,15.66,0.246,No,0
Online,34.0,67807.25,1872.42,5.0,7.52,14.59,0.154,No,0
POS,29.0,27657.24,2985.15,5.0,8.63,74.25,0.249,No,0
ATM,32.0,53157.67,1001.24,6.0,3.9,15.9,0.176,No,0
,55.0,31512.39,2674.93,1.0,5.78,17.72,0.351,Yes,0
,43.0,55007.82,444.61,4.0,4.24,42.32,0.132,Yes,0
Transfer,30.0,24235.73,1472.22,2.0,2.01,9.93,0.473,No,0
Online,35.0,27334.83,2227.67,4.0,5.25,49.83,0.155,No,0
POS,36.0,52531.92,6461.92,2.0,4.75,17.25,0.274,No,0
POS,28.0,70500.06,7594.17,5.0,4.39,11.3,0.1,No,0
Online,28.0,,953.78,2.0,4.82,4.09,0.649,No,0
ATM,47.0,,19931.95,5.0,5.18,45.76,0.046,Yes,0
ATM,31.0,53243.77,2899.87,5.0,7.66,13.88,0.212,No,0
POS,24.0,48632.19,3178.27,4.0,3.25,16.89,0.233,No,0
ATM,36.0,35873.56,495.89,3.0,1.16,17.1,0.535,No,0
Online,37.0,64878.31,1344.78,2.0,7.03,13.85,0.289,No,0
Online,18.0,71368.61,7142.87,,7.57,29.52,0.145,No,0
POS,36.0,,2962.61,4.0,6.07,38.81,0.264,,0
Transfer,46.0,42693.46,2784.6,3.0,1.58,77.1,0.176,No,0
Online,41.0,92092.65,3137.61,4.0,4.61,52.6,0.476,No,0
Online,61.0,44588.35,590.42,7.0,5.86,23.1,0.17,No,0
POS,50.0,46559.04,2269.78,3.0,1.79,37.32,0.258,No,0
ATM,52.0,55955.91,10222.81,4.0,2.71,62.43,0.043,No,0
Online,67.0,43062.38,7411.24,4.0,4.56,41.22,0.41,No,0
POS,44.0,31109.38,2205.8,3.0,8.55,24.03,0.038,No,0
ATM,38.0,53343.23,11940.78,6.0,5.68,29.88,0.052,No,0
POS,47.0,44222.01,709.77,3.0,3.28,50.24,0.102,No,0
Online,30.0,103097.47,946.1,5.0,4.4,3.01,0.053,No,0
Online,37.0,64165.41,16117.62,5.0,3.0,18.82,0.251,No,1
POS,29.0,34421.99,4456.06,4.0,3.76,2.16,0.174,No,0
POS,40.0,62473.32,1872.74,2.0,7.17,7.85,0.132,Yes,0
Transfer,29.0,51686.78,2365.46,6.0,0.1,1.25,0.255,Yes,0
POS,28.0,81117.95,1115.9,4.0,8.94,17.63,0.293,No,0
POS,41.0,35539.97,3296.57,6.0,11.57,58.87,0.22,No,0
Transfer,34.0,48987.58,3045.54,6.0,5.49,46.29,0.238,No,0
POS,18.0,43037.44,2550.21,2.0,2.51,11.3,0.287,No,0
POS,,46199.93,783.91,3.0,8.49,29.71,0.128,No,0
Transfer,23.0,30214.53,3257.78,5.0,5.83,9.44,0.041,No,0
,26.0,58312.87,1472.23,5.0,3.42,23.18,0.136,No,0
,41.0,54312.07,932.69,2.0,2.08,54.09,0.208,No,0
ATM,38.0,80239.28,8873.18,3.0,3.78,6.93,0.153,No,0
Online,48.0,44797.43,21889.61,4.0,5.58,26.61,0.235,No,0
POS,44.0,37387.44,17442.52,4.0,7.69,36.46,0.099,No,0
Online,48.0,64189.84,4789.44,5.0,5.85,13.32,0.127,No,0
Online,43.0,31477.42,1916.89,4.0,6.36,26.44,0.189,No,0
POS,38.0,73325.29,2330.16,4.0,4.0,10.95,0.588,No,0
Online,48.0,73254.63,3750.51,3.0,7.56,24.11,0.032,No,0
ATM,46.0,79236.57,1642.21,1.0,4.38,24.11,0.18,No,0
Transfer,40.0,53311.01,9347.42,8.0,10.51,5.94,0.141,No,0
ATM,50.0,36152.25,326.46,4.0,3.04,4.89,0.229,No,0
Online,18.0,47266.27,1859.98,4.0,6.18,4.08,0.166,No,0
Online,33.0,53393.74,5569.82,4.0,11.57,31.08,0.45,No,0
Online,33.0,34973.78,1073.72,3.0,8.13,27.51,0.429,No,0
Online,49.0,81987.34,1966.28,,7.24,22.36,0.512,No,0
Transfer,53.0,58422.46,4526.43,2.0,5.89,18.04,0.31,No,0
POS,20.0,30119.18,11410.8,2.0,5.16,38.5,0.143,No,0
Online,52.0,104999.51,685.47,5.0,4.48,16.39,0.202,No,0
ATM,23.0,47015.99,636.49,4.0,3.31,11.83,0.264,No,0
POS,23.0,,136460.67,5.0,0.39,7.66,0.485,No,0
Online,33.0,30970.9,537.28,4.0,6.92,21.31,0.267,No,0
Online,32.0,87896.95,576.9,5.0,0.39,24.94,0.119,No,0
POS,19.0,102299.59,945.19,4.0,6.95,20.47,0.098,No,0
ATM,43.0,70875.92,8583.01,3.0,4.07,35.12,0.262,No,0
Online,43.0,81479.49,1829.81,2.0,2.13,16.83,0.18,Yes,0
Transfer,48.0,77799.85,2579.68,5.0,9.22,89.46,0.123,No,0
Transfer,31.0,,961.58,1.0,0.65,21.39,0.343,Yes,0
ATM,36.0,52181.67,4710.66,2.0,3.0,14.51,0.087,No,0
,36.0,57374.56,16314.51,2.0,3.28,15.62,0.363,,0
,55.0,62669.16,1029.08,4.0,5.45,27.92,0.177,No,0
Transfer,18.0,32231.47,14027.77,5.0,3.16,76.36,0.273,Yes,1
Online,25.0,62554.86,3599.21,6.0,9.39,11.97,0.43,Yes,0
POS,36.0,86750.84,2542.52,1.0,0.89,32.87,0.116,No,0
ATM,24.0,41009.14,3730.02,7.0,17.26,26.62,0.367,Yes,0
Online,33.0,39083.52,3694.4,2.0,1.82,55.17,0.238,No,0
ATM,35.0,55762.88,16012.91,5.0,13.87,11.44,0.258,No,0
Transfer,29.0,33592.96,4206.0,1.0,8.28,29.9,0.098,No,0
ATM,37.0,24880.74,4294.77,2.0,4.67,42.03,0.311,No,0
,43.0,75424.79,1640.16,6.0,5.68,32.49,0.269,No,0
Transfer,33.0,36735.16,5785.58,4.0,3.86,38.97,0.143,No,0
POS,31.0,45375.14,,2.0,6.04,16.26,0.347,No,0
ATM,34.0,34195.92,2787.92,3.0,2.79,25.45,0.282,No,0
ATM,36.0,79934.07,44682.16,2.0,7.13,48.05,0.177,No,1
ATM,18.0,66061.87,204.35,1.0,5.55,5.06,0.34,No,0
Online,41.0,40379.8,3156.42,7.0,2.03,16.52,0.211,No,0
Online,31.0,26461.97,3280.23,10.0,6.28,10.74,0.16,No,0
Online,50.0,38495.6,1990.13,4.0,6.1,10.32,0.25,No,1
POS,43.0,58161.94,2037.6,4.0,2.85,27.13,0.16,No,0
POS,49.0,,2739.29,5.0,3.72,26.78,0.442,No,0
POS,25.0,47264.36,1943.11,1.0,6.54,17.09,0.295,Yes,0
POS,32.0,49497.74,3121.37,1.0,8.27,24.19,0.3,No,0
ATM,22.0,63314.91,1535.23,4.0,4.57,20.37,0.148,No,0
Transfer,28.0,44160.28,18890.96,6.0,7.79,4.22,0.461,Yes,0
Online,50.0,55101.04,1943.09,4.0,8.5,7.54,0.458,No,0
ATM,52.0,28862.66,4418.95,4.0,8.91,32.95,0.205,No,0
POS,23.0,142009.7,1280.51,7.0,6.25,9.2,0.492,No,0
POS,31.0,39603.83,6356.22,4.0,2.29,16.87,0.246,No,0
Online,35.0,49317.52,5205.72,4.0,7.67,28.69,0.097,No,0
ATM,42.0,,3802.09,4.0,4.43,26.54,0.404,No,0
Transfer,18.0,37405.09,894.9,6.0,6.52,12.62,0.021,No,0
ATM,18.0,45158.73,1178.08,4.0,3.11,21.48,0.081,No,0
Transfer,41.0,44912.51,13496.95,1.0,3.2,16.36,0.285,No,0
Transfer,18.0,29824.95,,2.0,2.9,19.43,0.419,No,0
POS,31.0,54818.5,4745.48,1.0,1.03,53.89,0.345,No,0
POS,38.0,21424.02,972.02,3.0,3.24,29.74,0.419,No,0
POS,41.0,99025.89,6852.91,3.0,1.9,19.41,0.114,No,0
Transfer,34.0,64296.13,1258.47,4.0,6.7,21.9,0.28,No,0
Online,32.0,,954.19,5.0,1.81,2.11,0.403,No,0
POS,45.0,20597.58,1226.23,2.0,2.99,102.13,0.34,No,0
Transfer,39.0,31501.17,1436.9,2.0,5.01,47.64,0.443,No,0
Online,29.0,84088.33,3747.03,2.0,10.44,15.51,0.164,No,0
ATM,36.0,250000.0,2679.62,1.0,2.92,4.03,0.11,No,0
POS,40.0,77036.1,836.22,6.0,0.85,16.14,0.133,No,0
Transfer,,71757.12,2431.1,1.0,1.06,42.34,0.247,No,0
Transfer,45.0,56991.43,796.75,2.0,2.42,39.09,0.116,No,0
Online,49.0,30731.52,4758.1,7.0,3.03,21.23,0.152,No,0
ATM,,70420.95,5715.57,6.0,11.91,66.81,0.101,No,0
Online,30.0,27415.79,2440.84,3.0,7.9,18.27,0.148,No,0
POS,33.0,26099.06,3280.33,4.0,4.05,16.93,0.389,No,0
POS,34.0,25370.18,14417.1,,10.56,28.57,0.116,No,0
ATM,25.0,69807.24,2135.47,2.0,3.16,11.6,0.317,Yes,0
Online,50.0,43852.26,972.42,3.0,3.77,14.02,0.117,No,0
Online,,47089.43,4461.5,5.0,3.59,33.39,0.338,Yes,0
ATM,33.0,44689.15,805.44,7.0,8.08,10.56,0.211,No,0
POS,43.0,27115.08,2025.31,5.0,4.79,28.56,0.253,No,0
POS,38.0,33275.91,1373.42,,9.52,40.35,0.685,No,1
Online,44.0,34037.77,1239.21,5.0,6.3,15.64,0.463,No,0
,21.0,23909.85,1946.83,4.0,7.73,18.02,0.212,Yes,0
Transfer,34.0,35865.22,6148.34,6.0,0.1,23.19,0.044,No,0
Online,35.0,27662.41,7553.11,5.0,0.1,10.53,0.13,No,0
POS,43.0,58359.17,6312.28,6.0,0.1,15.2,0.285,No,0
Transfer,29.0,60588.16,3499.59,1.0,3.72,5.59,0.572,Yes,0
Online,18.0,25141.63,1932.04,5.0,0.38,8.75,0.267,No,0
ATM,24.0,39376.85,236.56,3.0,8.72,19.86,0.278,Yes,0
Online,35.0,103740.17,3610.88,3.0,4.4,27.16,0.177,No,0
Transfer,37.0,28942.73,255.88,6.0,6.85,27.32,0.414,No,0
ATM,55.0,54524.47,365.29,3.0,3.52,12.63,0.591,No,0
Transfer,42.0,47188.37,2126.81,,7.47,12.82,0.342,No,0
Online,37.0,73586.52,3257.2,4.0,0.1,14.23,0.038,No,0
POS,36.0,51399.2,1592.34,4.0,4.85,21.21,0.17,No,0
ATM,48.0,37061.53,11609.48,3.0,6.5,8.7,0.221,No,0
Online,30.0,46372.49,3968.52,4.0,6.76,4.76,0.158,No,0
Online,34.0,46678.28,1948.16,5.0,4.05,23.69,0.294,No,0
Online,24.0,43180.96,10000.16,0.0,0.1,13.25,0.08,No,0
Transfer,52.0,24855.08,11958.04,4.0,8.03,27.44,0.398,No,0
ATM,40.0,,4173.89,6.0,3.82,68.93,0.236,Yes,0
POS,28.0,72715.72,1151.46,5.0,4.08,13.64,0.19,,0
ATM,35.0,28128.33,1441.98,5.0,11.66,28.99,0.459,No,0
POS,42.0,39304.38,588.34,5.0,5.29,2.83,0.315,,0
POS,33.0,40665.25,2396.18,7.0,3.44,15.73,0.08,No,0
POS,30.0,26741.83,874.81,1.0,3.26,22.68,0.093,No,0
POS,29.0,19425.84,1798.97,4.0,6.94,2.27,0.42,No,0
Online,40.0,33277.98,3244.27,2.0,2.54,50.08,0.302,No,0
Transfer,32.0,38331.86,343.9,7.0,6.54,10.88,0.115,Yes,0
ATM,31.0,23526.03,706.49,5.0,8.3,36.52,0.297,No,0
Online,21.0,48730.37,1505.98,2.0,4.74,30.68,0.534,No,1
POS,37.0,75940.32,2372.07,5.0,7.96,57.75,0.086,No,0
Online,34.0,65733.9,,2.0,4.79,2.88,0.235,No,0
Transfer,32.0,42506.37,1907.46,4.0,2.94,25.33,0.36,No,0
Transfer,38.0,19657.86,,3.0,0.1,19.33,0.232,No,0
Transfer,44.0,62098.92,586.78,8.0,5.83,2.02,0.252,No,0
Online,44.0,48064.26,1464.54,6.0,5.89,18.13,0.333,No,0
Online,42.0,54468.39,2020.05,4.0,7.94,16.58,0.096,No,0
Online,33.0,107544.93,1832.9,4.0,7.65,6.91,0.189,No,0
Online,,31046.85,2795.71,4.0,11.2,17.22,0.646,No,0
Online,25.0,15000.0,3800.7,8.0,3.26,15.98,0.043,No,0
Online,29.0,28011.3,4943.22,2.0,6.07,13.71,0.262,No,0
Transfer,36.0,56001.74,1326.76,3.0,2.94,25.93,0.273,No,1
Online,27.0,45548.57,517.11,3.0,7.79,34.02,0.207,No,0
Online,37.0,,8916.35,2.0,2.22,11.0,0.173,,0
ATM,25.0,23754.92,3675.67,3.0,7.74,18.62,0.105,No,0
POS,18.0,,962.36,5.0,2.79,56.74,0.42,No,0
ATM,45.0,,3300.24,,7.3,18.46,0.175,No,0
POS,31.0,56880.21,7273.85,4.0,8.62,10.7,0.028,No,0
Transfer,27.0,37394.38,14090.03,7.0,0.34,7.92,0.225,No,0
POS,24.0,33935.42,3212.02,4.0,0.96,29.66,0.467,Yes,0
POS,41.0,31990.47,7213.55,3.0,5.7,11.46,0.201,Yes,0
ATM,51.0,50656.51,745.79,6.0,5.39,9.65,0.107,No,0
POS,32.0,45871.16,2411.84,2.0,4.12,28.3,0.158,Yes,0
Online,34.0,49281.23,1788.32,3.0,3.57,5.98,0.189,No,0
POS,48.0,48799.53,3521.41,4.0,2.43,27.14,0.18,No,0
Online,18.0,43561.53,12521.97,1.0,5.99,8.3,0.151,No,0
ATM,58.0,28268.66,3209.71,1.0,2.11,9.72,0.248,No,0
Online,63.0,32394.59,978.83,2.0,6.1,5.81,0.304,Yes,0
Online,18.0,37677.34,,3.0,3.28,10.15,0.385,Yes,0
Online,35.0,113977.42,12962.63,3.0,3.73,42.66,0.128,Yes,0
ATM,28.0,24524.83,4179.05,6.0,8.65,96.27,0.313,No,0
Online,33.0,37267.55,,6.0,7.86,17.39,0.1,No,0
POS,31.0,47034.56,1772.8,6.0,2.01,15.07,0.25,No,0
,45.0,39258.29,3267.92,1.0,2.38,34.23,0.184,No,0
Online,35.0,72962.73,931.77,3.0,7.33,27.47,0.125,No,0
ATM,26.0,39167.15,3682.12,4.0,0.7,39.22,0.02,No,1
Online,34.0,40492.58,772.15,3.0,9.36,25.63,0.151,No,0
Online,42.0,64925.82,1745.43,5.0,5.41,42.94,0.131,No,0
POS,23.0,101644.63,1314.42,7.0,3.27,24.62,0.419,No,0
Transfer,18.0,84778.06,,3.0,5.03,56.8,0.125,Yes,0
Online,58.0,42316.13,1767.42,5.0,9.08,33.55,0.457,No,0
POS,29.0,44008.43,1017.58,7.0,0.1,53.43,0.325,Yes,1
Online,34.0,45956.08,2025.67,5.0,8.08,15.11,0.286,No,0
POS,32.0,48077.4,2504.31,10.0,8.58,16.8,0.164,No,0
POS,42.0,30733.58,14646.81,6.0,4.04,23.43,0.226,No,0
POS,56.0,68588.83,3390.58,2.0,4.79,24.42,0.155,No,0
POS,42.0,49384.5,3491.75,7.0,5.41,19.27,0.396,No,1
Online,19.0,44100.77,4103.76,6.0,7.2,20.76,0.229,Yes,0
POS,21.0,25397.41,5978.08,5.0,2.81,16.41,0.081,No,0
POS,32.0,46279.14,3937.6,7.0,4.96,23.3,0.245,Yes,0
POS,33.0,19196.29,3313.5,3.0,4.7,13.98,0.094,No,0
Online,18.0,34636.92,,4.0,7.04,41.85,0.495,No,0
POS,45.0,34927.29,220.83,4.0,13.03,32.27,0.309,No,0
POS,24.0,51203.62,20193.13,5.0,2.8,23.53,0.094,Yes,0
Online,52.0,104856.74,12256.06,6.0,5.24,4.71,0.084,No,0
,56.0,58207.89,3106.28,5.0,2.72,4.07,0.178,Yes,1
POS,33.0,86352.99,,4.0,3.53,20.82,0.123,No,0
ATM,41.0,60160.02,8386.65,7.0,1.77,9.09,0.427,No,0
Online,22.0,74659.41,1249.09,3.0,0.41,29.48,0.06,No,0
ATM,43.0,103790.02,,5.0,8.55,2.2,0.162,No,0
POS,31.0,32373.36,693.08,2.0,6.07,63.11,0.122,Yes,0
ATM,24.0,31436.37,23166.28,5.0,5.28,6.68,0.406,No,0
POS,33.0,,591.01,5.0,2.38,39.42,0.372,No,0
POS,31.0,44925.57,2678.55,3.0,4.78,15.87,0.469,No,0
POS,32.0,49690.89,299.42,2.0,1.53,4.46,0.372,No,0
Transfer,46.0,40236.01,2399.04,5.0,4.92,16.85,0.124,No,0
POS,27.0,34409.96,1633.96,7.0,6.0,49.78,0.086,Yes,0
POS,55.0,93317.4,7794.93,3.0,3.37,15.67,0.421,No,1
POS,21.0,27432.41,1633.8,2.0,2.73,46.91,0.19,Yes,0
ATM,54.0,,7806.17,,3.52,19.74,0.384,No,0
Online,25.0,56972.3,897.78,4.0,7.44,31.8,0.402,No,0
POS,36.0,22111.69,1885.76,4.0,5.6,12.14,0.175,No,0
POS,31.0,30963.57,1923.95,,0.18,10.07,0.217,No,0
Transfer,32.0,33396.52,4103.66,6.0,7.17,7.13,0.233,No,0
POS,45.0,58016.38,3613.46,7.0,6.63,23.65,0.21,No,0
POS,52.0,38148.89,5147.52,6.0,5.56,28.18,0.054,No,0
Transfer,49.0,43299.76,3264.55,5.0,9.94,16.54,0.23,No,0
POS,32.0,23352.9,4843.34,6.0,5.07,11.22,0.109,No,0
Online,38.0,128165.55,1018.6,3.0,6.29,55.84,0.252,No,0
Online,27.0,46465.05,3688.02,4.0,6.41,19.82,0.227,No,0
Online,25.0,56329.19,12484.61,3.0,7.63,26.33,0.251,,0
Online,23.0,35282.29,465.94,4.0,4.33,13.83,0.122,No,0
POS,31.0,33548.1,4076.74,3.0,3.07,4.67,0.586,No,0
ATM,39.0,106417.56,4918.83,0.0,7.92,9.79,0.209,No,0
ATM,18.0,18994.28,10777.68,3.0,7.76,18.77,0.336,No,0
Online,35.0,51011.63,5167.23,4.0,8.82,5.64,0.235,No,0
POS,53.0,26088.27,2763.8,5.0,6.25,29.63,0.23,No,0
,48.0,37502.66,3843.43,3.0,0.1,19.19,0.315,No,0
Transfer,30.0,33768.22,1198.72,7.0,5.49,17.54,0.489,No,0
Online,21.0,28874.89,1696.09,8.0,5.1,2.55,0.05,No,0
POS,41.0,,657.43,2.0,8.69,18.65,0.197,No,0
Online,18.0,15000.0,11059.84,,8.18,21.97,0.024,Yes,0
POS,48.0,39044.13,3921.4,12.0,6.84,8.71,0.239,No,0
POS,34.0,43208.27,1000.18,4.0,0.1,12.98,0.49,No,0
ATM,56.0,24409.88,3279.36,3.0,2.53,21.65,0.201,No,0
Online,18.0,88908.78,,4.0,3.91,9.37,0.227,Yes,0
Transfer,46.0,34437.85,6746.9,1.0,3.98,12.76,0.345,No,0
POS,35.0,40439.0,988.72,0.0,5.5,10.58,0.395,No,0
ATM,32.0,34472.57,108.88,1.0,9.44,28.6,0.213,No,0
ATM,21.0,43378.23,3712.39,3.0,7.34,40.36,0.282,No,0
Transfer,43.0,,1029.86,7.0,2.24,22.07,0.189,No,0
Online,43.0,136936.81,4658.15,8.0,2.51,15.19,0.12,No,1
Online,56.0,62941.15,6466.02,5.0,2.24,31.85,0.074,No,0
Online,47.0,73424.65,,3.0,4.65,4.52,0.494,No,0
Online,29.0,97422.27,14311.04,4.0,7.42,18.32,0.347,Yes,0
POS,25.0,50332.68,8607.62,2.0,7.89,41.87,0.422,No,0
Transfer,21.0,91220.11,14380.02,3.0,3.87,11.44,0.208,No,0
Transfer,52.0,64279.64,9927.92,8.0,4.91,26.22,0.372,No,0
POS,27.0,48012.28,10832.04,6.0,10.02,33.41,0.125,Yes,0
POS,52.0,52684.22,2399.89,3.0,0.55,21.45,0.423,No,0
Transfer,42.0,19826.61,688.64,2.0,6.91,9.54,0.162,No,0
Transfer,40.0,51321.83,29921.01,4.0,6.59,12.81,0.226,No,0
Online,33.0,22465.39,2662.44,4.0,4.11,28.91,0.054,No,0
POS,43.0,21656.19,8542.03,4.0,4.94,28.47,0.402,No,0
,36.0,49080.31,1441.98,2.0,6.26,20.36,0.219,Yes,0
Online,32.0,27257.46,6554.9,4.0,4.12,3.22,0.102,No,0
POS,44.0,44856.18,216.82,5.0,3.09,6.22,0.315,No,0
Transfer,34.0,47892.46,1658.39,6.0,2.86,17.89,0.144,Yes,0
Transfer,27.0,48863.7,147395.76,,10.59,11.03,0.138,No,1
Transfer,43.0,29958.34,3970.53,3.0,3.68,7.53,0.389,No,0
ATM,35.0,67428.62,7303.22,4.0,5.6,7.62,0.097,No,0
,41.0,43228.79,837.07,6.0,7.36,73.65,0.182,,0
Online,31.0,54879.87,4836.83,5.0,4.37,23.09,0.169,No,0
POS,23.0,26265.72,8524.61,0.0,5.11,28.67,0.061,Yes,0
POS,55.0,41529.96,26106.97,4.0,6.51,15.89,0.092,No,0
POS,53.0,73732.6,5067.86,5.0,2.46,37.03,0.315,No,0
POS,,69633.27,,3.0,0.39,26.88,0.092,No,0
POS,32.0,31433.71,700.84,6.0,2.81,21.6,0.188,No,0
ATM,33.0,35204.06,15572.29,1.0,10.19,21.93,0.22,No,0
Online,51.0,28839.72,5225.93,2.0,3.27,10.17,0.268,Yes,0
Online,32.0,33491.0,2445.66,6.0,5.39,9.64,0.292,No,0
Online,29.0,,494.84,0.0,1.02,22.75,0.223,No,0
Online,57.0,42287.15,985.22,6.0,9.03,34.21,0.32,No,0
Transfer,35.0,59834.04,4700.23,8.0,4.1,43.38,0.237,No,0
POS,55.0,31607.32,3561.29,3.0,3.64,30.52,0.126,No,0
Online,21.0,43202.12,356.99,0.0,4.6,46.77,0.23,No,0
ATM,42.0,40749.28,4706.31,2.0,12.54,41.87,0.245,Yes,0
POS,59.0,72346.42,520.93,4.0,6.32,17.05,0.192,No,0
Online,36.0,34173.35,9682.3,7.0,4.53,54.29,0.327,Yes,0
Online,33.0,34737.34,3079.74,5.0,0.1,19.58,0.31,Yes,0
Online,,30751.94,1572.82,1.0,9.06,18.61,0.109,Yes,0
POS,48.0,26971.57,6729.12,3.0,2.92,28.8,0.036,No,0
Online,28.0,57099.52,3560.1,3.0,2.44,43.31,0.391,No,0
Online,35.0,42345.52,9404.78,5.0,2.71,11.65,0.276,No,0
Online,22.0,46123.7,2709.51,4.0,9.4,19.51,0.131,Yes,0
POS,53.0,79858.08,2872.29,3.0,4.87,16.92,0.471,No,0
Online,49.0,81949.14,,2.0,0.43,8.77,0.313,No,0
ATM,36.0,21452.84,3251.96,5.0,4.39,11.62,0.217,No,0
Online,23.0,60231.06,13656.86,2.0,2.51,9.14,0.165,No,0
POS,53.0,49809.39,1512.14,5.0,6.08,27.82,0.259,No,0
POS,32.0,36559.7,4779.07,0.0,3.84,16.32,0.415,Yes,0
POS,24.0,52149.79,1036.5,0.0,0.29,14.34,0.33,No,0
Online,18.0,20692.89,316.5,3.0,4.75,25.62,0.25,Yes,0
ATM,29.0,,3076.37,5.0,4.83,26.1,0.172,No,0
Transfer,20.0,56734.77,3620.8,3.0,1.24,41.89,0.162,No,0
Online,29.0,30487.71,,2.0,0.1,3.05,0.193,No,0
Online,44.0,,560.07,4.0,5.85,36.38,0.639,No,0
Transfer,32.0,20910.4,3389.19,3.0,4.16,8.33,0.181,No,0
POS,40.0,39071.05,3262.86,2.0,4.35,24.32,0.151,No,0
Online,28.0,36213.54,1027.89,1.0,7.24,7.78,0.392,Yes,0
Online,37.0,,645.84,3.0,0.1,30.26,0.243,No,0
POS,57.0,63827.14,1942.36,2.0,5.18,12.37,0.394,Yes,0
ATM,32.0,79935.59,4802.9,6.0,6.99,27.17,0.42,No,0
POS,40.0,44449.35,3792.2,6.0,4.45,10.81,0.128,No,0
Transfer,19.0,39217.43,1036.09,3.0,0.75,4.18,0.173,No,0
POS,53.0,54729.65,2866.86,3.0,3.02,11.1,0.034,Yes,0
Online,31.0,44604.06,6070.36,5.0,3.65,26.12,0.08,No,0
POS,48.0,27651.55,773.85,2.0,0.26,16.02,0.099,No,0
POS,35.0,33547.33,2662.98,4.0,6.11,32.73,0.118,No,0
Online,43.0,39380.32,9544.18,5.0,5.01,17.79,0.17,Yes,0
Online,43.0,50317.17,698.62,5.0,3.07,23.46,0.341,No,0
POS,31.0,45189.47,7939.24,1.0,7.96,5.05,0.256,No,0
ATM,48.0,49468.13,12622.47,5.0,3.43,26.19,0.215,No,0
Online,28.0,22657.48,2001.88,3.0,9.44,35.27,0.291,No,0
POS,45.0,60704.05,1774.08,7.0,4.19,3.01,0.154,No,0
POS,32.0,45069.22,7024.37,4.0,2.14,6.45,0.192,No,1
POS,40.0,141936.75,,5.0,2.23,59.88,0.532,Yes,0
ATM,31.0,37796.9,237.68,3.0,5.27,22.78,0.322,No,0
ATM,37.0,52050.73,2264.82,0.0,1.79,16.26,0.173,No,0
ATM,24.0,160743.69,4001.6,1.0,5.43,14.67,0.183,No,0
Online,39.0,49107.1,5240.28,3.0,3.8,1.18,0.194,No,0
POS,36.0,43651.11,,4.0,3.73,29.93,0.146,No,0
POS,30.0,28862.63,1908.83,3.0,4.88,15.51,0.393,Yes,0
Online,35.0,89512.86,6640.57,2.0,8.01,20.33,0.068,No,0
Online,37.0,26710.77,2354.41,4.0,3.37,35.55,0.093,No,0
Online,29.0,,542.02,4.0,5.55,17.67,0.223,No,0
POS,35.0,36363.39,8618.65,7.0,6.33,40.16,0.206,No,0
POS,25.0,41324.73,2018.15,7.0,1.37,4.29,0.279,No,0
Online,62.0,23709.91,7444.75,0.0,6.57,25.06,0.161,Yes,0
ATM,48.0,82357.52,619.3,2.0,7.45,12.69,0.224,No,0
Transfer,39.0,39712.01,2215.11,9.0,7.9,25.8,0.094,No,0
Online,49.0,26046.21,4162.13,5.0,1.67,16.06,0.131,No,0
Transfer,18.0,79073.14,2291.36,5.0,1.88,42.06,0.088,Yes,0
Online,18.0,35866.4,765.89,9.0,4.84,31.3,0.059,No,0
Transfer,32.0,52312.52,229.81,1.0,4.67,13.06,0.398,,0
Transfer,21.0,65713.2,11467.95,3.0,5.06,12.21,0.256,No,0
Online,33.0,55699.88,3203.77,3.0,3.93,24.81,0.179,No,0
ATM,38.0,16746.29,8029.26,1.0,5.56,16.93,0.317,No,0
Transfer,46.0,61532.96,6327.85,,0.1,22.34,0.254,No,0
Transfer,23.0,43008.01,4540.96,2.0,6.97,28.25,0.067,No,0
Transfer,40.0,,1812.95,4.0,9.42,36.17,0.448,Yes,0
POS,36.0,42844.56,4079.84,3.0,3.34,15.09,0.258,,0
Online,40.0,21805.18,10473.28,3.0,5.61,9.52,0.132,No,0
ATM,30.0,49064.68,2716.38,3.0,10.04,42.4,0.134,No,0
POS,51.0,24353.76,16743.19,6.0,5.1,35.5,0.377,No,0
POS,35.0,39568.55,558.15,5.0,5.92,26.12,0.048,No,0
POS,56.0,48278.27,501.27,5.0,10.53,29.56,0.174,No,0
POS,27.0,72964.95,6715.15,6.0,11.11,18.51,0.152,No,0
Online,44.0,31119.56,1102.46,4.0,1.82,28.92,0.434,No,0
ATM,35.0,86476.86,19290.79,5.0,3.77,47.24,0.233,No,0
Online,32.0,68906.22,9522.26,7.0,7.68,8.51,0.113,No,0
ATM,43.0,37092.99,12229.64,3.0,6.49,10.4,0.429,No,0
ATM,33.0,27322.9,6054.05,4.0,7.12,31.42,0.073,No,0
POS,,23498.7,994.72,0.0,0.1,2.32,0.409,No,0
POS,18.0,50853.64,475.66,5.0,0.1,49.13,0.25,No,0
Online,50.0,32294.1,11151.63,4.0,10.35,55.73,0.333,Yes,0
Transfer,50.0,77197.96,558.07,4.0,7.32,9.59,0.166,No,0
ATM,57.0,33144.5,12196.83,6.0,6.06,9.71,0.31,No,0
POS,36.0,30004.9,4883.71,4.0,1.27,1.04,0.192,No,0
Online,22.0,,,3.0,3.76,9.51,0.147,No,0
Online,31.0,33047.35,3889.72,4.0,6.71,19.35,0.056,No,0
POS,36.0,45173.47,3981.19,4.0,0.85,3.92,0.184,Yes,0
Transfer,25.0,70130.49,2041.9,1.0,2.88,38.05,0.4,No,0
ATM,54.0,47437.62,10401.79,2.0,6.13,36.2,0.146,No,0
Online,61.0,47517.43,10051.2,0.0,6.77,23.04,0.114,No,0
Transfer,41.0,49352.01,2921.07,5.0,3.43,12.56,0.576,No,0
POS,36.0,21005.16,1372.04,5.0,7.95,11.21,0.244,No,0
Transfer,22.0,53677.26,9228.02,3.0,7.85,30.28,0.042,Yes,0
Online,53.0,48358.0,330.79,3.0,0.1,43.76,0.321,No,0
POS,37.0,67253.31,3896.91,4.0,9.91,12.48,0.697,No,0
Transfer,33.0,59102.74,5237.61,5.0,8.5,44.64,0.346,No,0
Online,41.0,41090.86,1091.92,2.0,5.62,26.5,0.202,No,0
POS,30.0,71610.33,6619.87,3.0,4.59,45.46,0.22,No,0
Transfer,38.0,39447.82,2434.9,3.0,7.37,15.08,0.268,No,1
Online,20.0,50293.87,1448.59,10.0,6.6,6.57,0.442,No,0
Online,48.0,39120.45,6550.32,6.0,4.19,45.49,0.323,No,0
POS,35.0,55393.01,844.18,3.0,9.82,11.63,0.09,No,0
Online,49.0,37986.93,5962.47,3.0,0.1,38.67,0.096,No,0
Online,34.0,94449.07,344.36,3.0,3.01,2.35,0.333,Yes,0
POS,35.0,111550.31,3326.75,8.0,6.34,20.18,0.334,No,0
ATM,23.0,66681.98,2612.05,3.0,4.84,26.7,0.25,No,0
,44.0,90039.28,1457.31,3.0,7.1,22.82,0.094,No,1
Online,26.0,,3691.07,10.0,0.82,23.16,0.51,No,0
,31.0,23737.18,2308.78,2.0,4.24,18.11,0.501,No,0
POS,,38937.59,7177.75,3.0,8.45,17.0,0.054,No,0
ATM,37.0,45842.72,4377.34,1.0,0.52,24.94,0.294,No,0
POS,18.0,41160.09,3931.36,6.0,4.28,42.87,0.086,No,0
Transfer,33.0,21492.45,3347.29,3.0,3.41,11.58,0.152,No,0
POS,,75556.35,1559.12,2.0,6.09,31.24,0.23,No,0
Online,32.0,118635.02,1848.71,4.0,6.18,6.76,0.264,No,0
Transfer,34.0,80086.47,3204.34,2.0,5.29,28.13,0.156,No,0
POS,38.0,73343.07,2102.09,3.0,4.13,13.53,0.243,Yes,0
Online,35.0,,7596.93,5.0,5.19,10.1,0.257,No,0
Online,25.0,30793.81,2744.89,4.0,4.51,24.56,0.237,No,0
POS,36.0,46492.92,3641.0,6.0,4.9,47.57,0.164,Yes,0
Online,47.0,116068.1,614.84,7.0,9.37,8.87,0.25,No,0
Online,24.0,38408.08,,5.0,1.39,7.38,0.258,No,0
Online,32.0,36669.0,1398.1,2.0,6.02,20.0,0.304,,0
POS,21.0,74065.45,881.3,3.0,2.17,10.46,0.249,No,0
POS,46.0,76311.31,12967.9,,10.86,20.51,0.315,No,0
POS,35.0,30725.92,5022.42,4.0,5.27,14.94,0.027,No,0
Online,27.0,40004.6,6641.82,2.0,1.2,7.47,0.376,No,0
Online,37.0,35902.43,3938.45,4.0,4.3,11.72,0.491,No,0
POS,,46433.57,2277.64,5.0,0.62,39.0,0.146,No,0
POS,25.0,73944.99,1890.21,7.0,3.1,16.34,0.461,No,1
POS,20.0,31338.59,5448.83,5.0,6.85,19.39,0.093,Yes,0
Online,24.0,73479.88,7758.66,2.0,9.08,10.11,0.092,No,0
Online,51.0,47106.24,2335.22,4.0,8.24,24.44,0.146,No,0
Online,28.0,128181.72,19862.5,7.0,4.69,32.2,0.291,No,0
POS,41.0,51942.45,2052.32,5.0,6.71,21.71,0.16,No,0
POS,27.0,43079.58,620.2,10.0,7.43,15.76,0.388,No,0
ATM,44.0,58281.46,446.98,2.0,11.75,36.16,0.182,No,0
POS,25.0,38665.46,462.33,8.0,3.19,19.91,0.072,No,0
POS,36.0,20061.24,1652.81,7.0,9.53,42.19,0.225,No,0
POS,37.0,40383.77,1982.33,0.0,1.72,29.32,0.47,Yes,0
Online,62.0,40098.16,4947.54,2.0,8.54,15.46,0.268,No,0
POS,43.0,21979.71,2429.49,5.0,3.14,5.23,0.161,Yes,1
Online,29.0,,5810.47,6.0,2.95,29.87,0.104,No,0
POS,44.0,17751.37,2614.79,4.0,4.15,42.36,0.095,Yes,1
Online,60.0,38482.49,2534.03,4.0,2.67,8.61,0.432,No,0
ATM,18.0,50213.34,1403.23,5.0,6.28,18.5,0.269,No,0
Transfer,27.0,47007.67,10369.61,4.0,8.68,29.64,0.135,No,0
Online,33.0,,540.54,1.0,0.1,15.56,0.139,No,0
POS,31.0,,,4.0,4.48,20.12,0.056,No,1
ATM,32.0,31621.38,2084.73,7.0,1.74,53.46,0.266,,0
Online,22.0,45219.57,5463.26,1.0,7.72,24.19,0.181,No,0
ATM,51.0,,2448.47,4.0,9.26,10.46,0.333,No,0
POS,20.0,30010.58,2521.7,4.0,4.48,19.88,0.433,No,0
Transfer,34.0,50760.94,1914.87,5.0,2.89,20.13,0.46,No,0
Transfer,48.0,50618.45,10069.86,7.0,0.15,8.74,0.126,No,0
Online,36.0,41757.04,2506.02,2.0,10.85,67.18,0.127,No,0
POS,25.0,133771.57,17920.44,3.0,8.96,1.76,0.197,No,0
POS,21.0,42239.1,3282.28,2.0,0.1,5.3,0.405,No,0
Online,33.0,,2555.0,8.0,6.97,8.55,0.629,No,0
Online,28.0,37210.3,2161.85,5.0,1.66,5.35,0.191,No,0
Transfer,38.0,29070.96,4395.31,6.0,3.47,3.63,0.048,No,0
Online,,61271.59,1388.05,1.0,1.25,53.53,0.238,No,0
POS,45.0,33044.37,2892.25,4.0,0.1,30.94,0.401,No,1
ATM,37.0,34851.14,2520.43,6.0,4.86,37.26,0.348,No,0
Online,38.0,35320.16,3460.93,4.0,10.69,14.77,0.067,No,0
POS,52.0,28888.34,3547.78,4.0,2.22,43.69,0.402,Yes,0
Transfer,31.0,20464.16,3737.01,2.0,7.67,29.88,0.506,No,0
POS,28.0,36537.52,2748.89,4.0,8.14,14.27,0.101,No,0
Online,30.0,66663.89,12003.93,3.0,7.17,27.67,0.393,No,0
Online,34.0,49170.97,3814.69,3.0,10.99,5.97,0.097,No,0
Transfer,35.0,90823.8,33861.44,3.0,7.87,24.75,0.406,No,0
Online,27.0,63091.93,2627.79,3.0,10.41,17.28,0.508,No,0
POS,18.0,56965.55,6522.15,3.0,1.56,53.11,0.095,No,0
Online,30.0,104988.89,1209.54,3.0,7.24,39.2,0.075,No,0
POS,40.0,43075.18,10146.0,5.0,9.53,5.86,0.275,No,0
Transfer,37.0,46295.58,1236.16,3.0,2.68,9.37,0.372,No,0
POS,49.0,44768.44,3943.89,3.0,0.1,69.11,0.183,Yes,0
Transfer,58.0,90140.23,1919.11,3.0,1.2,14.72,0.251,No,0
Online,44.0,45050.96,3928.66,2.0,2.83,5.72,0.332,No,1
POS,51.0,33613.83,1976.83,3.0,6.68,32.0,0.168,No,0
Transfer,44.0,58622.38,1135.46,5.0,3.3,48.04,0.466,No,0
POS,55.0,31166.56,1905.41,1.0,5.01,16.74,0.086,Yes,0
Online,56.0,57209.77,11679.92,4.0,3.19,27.0,0.41,No,0
Transfer,46.0,54211.38,3989.11,2.0,4.61,18.63,0.162,Yes,0
POS,44.0,,688.97,4.0,4.8,32.29,0.302,No,0
POS,34.0,,7475.82,3.0,3.1,10.42,0.119,No,0
Transfer,,23038.28,1025.09,4.0,7.46,23.41,0.211,Yes,0
Online,32.0,48423.99,5257.47,1.0,9.14,38.5,0.01,,0
Online,43.0,36540.38,4346.87,5.0,1.55,14.3,0.237,No,0
Online,28.0,163151.81,4630.21,7.0,5.65,36.57,0.134,No,0
POS,34.0,48268.72,15950.34,8.0,0.71,31.19,0.312,No,0
Online,18.0,34407.9,1091.61,9.0,0.1,7.31,0.56,No,0
POS,55.0,24201.79,4604.74,11.0,8.11,10.74,0.078,No,0
Online,34.0,80971.34,8809.93,3.0,11.02,33.92,0.132,No,0
POS,41.0,38441.89,1313.83,6.0,4.01,10.63,0.362,Yes,0
Online,52.0,31517.85,1185.94,5.0,10.5,1.83,0.135,No,0
POS,39.0,52352.37,1875.93,3.0,3.06,22.08,0.305,No,0
Online,52.0,60282.15,3459.15,1.0,4.3,20.9,0.213,Yes,0
ATM,22.0,59855.98,610.07,,10.0,32.69,0.024,No,0
POS,62.0,45401.73,4339.21,5.0,2.26,45.64,0.253,No,0
POS,48.0,48341.87,611.34,4.0,7.75,21.0,0.232,No,0
Transfer,38.0,49952.83,9112.27,4.0,3.96,25.22,0.168,No,0
POS,52.0,,115141.85,6.0,2.84,5.44,0.247,No,0
Online,23.0,54481.48,16935.81,4.0,3.47,15.01,0.338,No,0
Transfer,33.0,73638.37,4879.65,4.0,0.1,81.24,0.06,Yes,0
Online,52.0,46157.03,1843.25,5.0,8.78,29.13,0.368,Yes,0
Online,18.0,31158.93,,3.0,5.68,46.86,0.164,No,0
POS,42.0,42170.93,3174.6,7.0,4.56,14.91,0.213,Yes,0
Online,42.0,63172.17,2425.51,2.0,2.92,13.16,0.292,Yes,1
Online,58.0,20140.34,8186.04,4.0,5.94,12.87,0.63,No,0
ATM,19.0,20192.76,987.75,7.0,7.65,37.7,0.069,No,0
Online,54.0,68025.78,18862.82,8.0,4.18,17.2,0.203,No,0
ATM,30.0,89185.44,8944.76,6.0,7.89,5.27,0.457,No,0
Transfer,31.0,25465.45,2039.63,,5.83,18.39,0.011,No,0
POS,23.0,47080.98,15091.2,3.0,4.72,13.42,0.175,No,0
ATM,24.0,37594.85,1142.44,8.0,7.74,39.3,0.242,No,0
ATM,40.0,40016.38,3070.62,5.0,3.48,66.45,0.179,No,0
Transfer,24.0,51632.51,697.55,5.0,1.25,5.43,0.248,No,0
Online,44.0,25150.33,15845.09,2.0,4.84,29.82,0.347,No,0
Online,29.0,27341.74,481.38,6.0,5.11,43.14,0.468,Yes,0
POS,23.0,39295.09,592.06,2.0,4.33,33.94,0.223,No,0
POS,30.0,42150.37,1325.22,2.0,8.57,13.28,0.152,No,0
Online,40.0,27112.17,9380.32,,6.5,15.89,0.072,No,0
POS,33.0,64200.05,6495.67,5.0,4.65,20.45,0.355,No,0
Online,36.0,37291.3,2824.53,3.0,4.98,11.52,0.394,No,0
Transfer,44.0,,6925.55,7.0,5.24,23.6,0.052,No,0
Online,48.0,51103.8,2227.49,8.0,6.58,48.99,0.159,No,1
Online,,42463.88,3814.16,2.0,5.16,29.53,0.184,No,0
Online,25.0,65596.81,13039.94,3.0,4.54,4.1,0.366,No,0
Online,37.0,29565.92,1953.6,7.0,1.0,18.68,0.293,No,0
Online,41.0,23994.83,1161.74,1.0,2.87,62.0,0.22,No,0
Online,20.0,39144.43,4001.47,6.0,5.83,10.36,0.283,No,0
Online,26.0,46236.46,5241.28,2.0,5.56,33.88,0.125,No,0
Online,28.0,,2791.94,2.0,0.54,7.36,0.12,Yes,0
POS,34.0,24099.07,6818.72,3.0,3.31,29.34,0.264,No,0
POS,28.0,48847.17,2044.25,3.0,2.21,15.9,0.485,No,0
Online,44.0,31997.61,2840.09,5.0,9.09,53.2,0.259,No,0
Online,18.0,23406.93,3635.93,6.0,5.75,52.98,0.311,Yes,1
Online,19.0,69481.89,3332.26,4.0,6.29,5.63,0.338,No,1
Online,32.0,33864.08,12548.01,4.0,4.8,18.27,0.216,Yes,0
Online,34.0,75495.85,,5.0,3.12,14.66,0.476,Yes,0
ATM,20.0,45580.24,1844.83,4.0,3.66,33.24,0.346,Yes,0
Transfer,29.0,51382.83,4238.77,5.0,6.48,17.46,0.252,,0
Transfer,32.0,40914.63,6856.12,7.0,4.22,49.37,0.273,No,0
POS,32.0,15000.0,5422.33,4.0,6.51,16.5,0.06,No,0
POS,38.0,,5129.96,3.0,5.43,22.61,0.478,No,0
Online,29.0,42525.05,558.91,1.0,5.89,17.7,0.153,No,0
ATM,52.0,53026.44,206.75,6.0,6.04,33.39,0.082,Yes,0
ATM,41.0,20111.85,8949.12,1.0,3.42,55.49,0.535,No,0
ATM,27.0,43927.55,3877.34,3.0,4.07,38.32,0.09,No,0
Transfer,37.0,27157.24,2446.63,5.0,7.73,15.57,0.276,No,0
POS,37.0,50010.93,5005.83,2.0,10.48,7.25,0.056,No,0
ATM,,44608.84,17177.5,4.0,7.75,11.48,0.138,No,0
ATM,29.0,62880.63,10276.11,3.0,0.1,46.56,0.184,Yes,1
Online,44.0,72728.46,6543.76,1.0,2.73,23.2,0.511,No,0
Transfer,36.0,55324.06,1030.01,4.0,5.34,24.93,0.258,No,0
Online,52.0,66276.78,1172.92,3.0,1.71,36.81,0.186,No,0
Transfer,50.0,38436.53,229.9,0.0,1.56,20.8,0.461,No,0
ATM,38.0,,4710.55,1.0,3.74,40.19,0.242,No,0
Online,33.0,26002.53,7575.49,2.0,6.04,17.84,0.035,Yes,0
POS,42.0,35487.21,8219.17,3.0,6.85,14.99,0.175,No,0
Online,,67509.87,4912.2,2.0,3.9,8.11,0.296,No,0
ATM,54.0,63142.06,2143.04,5.0,3.67,2.4,0.485,No,0
ATM,37.0,56035.62,1421.93,0.0,2.47,23.59,0.052,No,0
POS,32.0,60980.61,,4.0,6.52,35.17,0.075,No,0
Transfer,31.0,17620.48,2123.08,8.0,6.32,35.0,0.114,No,0
Online,23.0,92005.37,940.32,2.0,7.72,47.8,0.198,No,0
Online,42.0,41054.96,14472.42,7.0,5.39,19.69,0.226,No,1
POS,27.0,78831.67,679.72,4.0,1.07,47.32,0.175,No,0
Online,48.0,18021.68,2052.87,3.0,3.95,21.59,0.129,No,0
POS,22.0,,360.62,1.0,7.57,7.99,0.367,No,0
Online,37.0,34920.93,3363.04,1.0,0.1,28.85,0.154,,0
POS,49.0,,2494.05,10.0,4.75,8.46,0.064,No,0
POS,18.0,51901.32,1749.8,4.0,5.86,19.67,0.165,No,0
Transfer,58.0,53057.91,983.64,1.0,11.01,42.17,0.262,No,0
Online,31.0,,2506.16,6.0,3.2,1.38,0.197,No,1
Transfer,38.0,43861.04,1450.39,4.0,4.63,22.43,0.277,No,0
POS,42.0,41495.6,2180.21,2.0,10.06,11.77,0.258,Yes,0
Online,44.0,56235.71,17702.76,4.0,3.24,42.32,0.098,No,0
POS,39.0,70234.96,2969.72,4.0,8.22,58.88,0.31,Yes,0
POS,47.0,48152.67,4259.53,6.0,6.18,16.81,0.098,No,0
Online,42.0,25340.02,1571.18,3.0,4.34,32.19,0.305,No,0
POS,55.0,47232.06,1140.94,5.0,6.35,5.71,0.232,Yes,0
Online,42.0,145714.15,2443.26,6.0,4.56,25.77,0.215,No,0
POS,58.0,94383.37,30576.04,2.0,11.77,9.17,0.232,No,0
POS,46.0,15000.0,1875.48,6.0,0.1,10.23,0.064,No,0
POS,18.0,46301.16,3588.48,6.0,4.15,18.64,0.185,No,0
ATM,65.0,68450.87,1091.87,2.0,4.24,10.34,0.156,No,0
Online,30.0,41455.28,158.98,3.0,4.6,26.56,0.119,No,1
Transfer,52.0,36584.39,1134.8,3.0,8.24,20.86,0.114,No,0
ATM,,39906.08,27031.43,3.0,3.66,12.47,0.084,No,0
Transfer,48.0,57693.69,4534.35,6.0,6.48,11.67,0.558,No,0
ATM,28.0,26838.86,12899.84,3.0,5.69,29.76,0.218,No,0
Online,43.0,76828.25,1765.74,9.0,7.52,34.81,0.065,Yes,0
POS,33.0,43880.31,236.8,6.0,4.59,22.39,0.47,Yes,0
Online,53.0,29544.62,824.96,3.0,5.97,32.92,0.143,No,0
ATM,41.0,74635.78,3718.48,3.0,4.63,8.28,0.188,No,0
POS,46.0,22451.41,3170.55,4.0,2.04,9.45,0.479,No,0
Online,18.0,35051.48,2474.08,7.0,9.8,12.87,0.06,No,0
Transfer,35.0,34792.74,1471.15,2.0,2.71,7.66,0.092,No,0
Online,41.0,118088.74,,5.0,3.56,1.59,0.41,No,0
POS,38.0,33062.61,1514.29,2.0,2.43,17.18,0.439,No,0
ATM,47.0,17063.27,3401.13,4.0,6.21,11.08,0.252,No,0
Online,32.0,34634.34,3039.27,7.0,3.57,14.99,0.246,No,0
POS,37.0,55238.5,1729.42,6.0,9.55,10.14,0.467,No,0
ATM,49.0,64039.53,1035.61,5.0,6.6,14.39,0.281,No,0
Online,18.0,125349.44,1630.62,5.0,4.17,20.73,0.22,No,0
POS,42.0,84755.14,16279.6,3.0,2.27,31.86,0.25,No,0
Online,32.0,48970.97,7604.49,3.0,4.67,45.18,0.192,No,0
POS,,30130.13,6935.68,3.0,6.56,16.56,0.204,No,0
Online,40.0,93454.51,1138.63,1.0,4.86,10.91,0.256,No,0
Transfer,50.0,38122.66,593.69,5.0,4.58,4.08,0.223,Yes,0
Transfer,47.0,33464.72,7484.13,7.0,1.94,72.82,0.236,Yes,0
Online,35.0,,6178.39,3.0,11.73,34.31,0.197,No,0
Online,46.0,25613.84,2867.78,6.0,4.4,23.08,0.261,Yes,0
POS,46.0,36503.33,1725.9,3.0,0.88,6.11,0.417,Yes,0
ATM,35.0,40518.71,578.3,4.0,1.77,1.96,0.032,No,0
POS,28.0,62518.22,5951.79,8.0,3.97,3.91,0.243,Yes,0
Online,29.0,37789.18,8186.0,3.0,10.83,13.27,0.024,Yes,0
Online,45.0,25439.57,1267.69,7.0,4.49,11.36,0.291,No,0
Transfer,36.0,21866.7,1166.13,3.0,3.88,10.64,0.102,No,1
POS,24.0,49450.34,8648.21,5.0,7.53,12.02,0.533,Yes,0
Transfer,18.0,46494.97,1315.78,6.0,7.75,38.2,0.328,No,0
POS,45.0,35065.64,14810.72,8.0,6.98,6.06,0.343,No,0
Transfer,30.0,36463.33,2241.71,7.0,5.6,7.94,0.498,Yes,0
Online,40.0,53596.38,1698.47,6.0,1.69,8.21,0.143,,0
Online,50.0,,2615.35,3.0,2.75,12.97,0.118,No,0
Transfer,22.0,31677.21,1698.35,5.0,0.23,4.02,0.36,No,0
Transfer,36.0,,7709.88,6.0,4.33,28.3,0.155,Yes,0
Online,34.0,69261.15,6062.37,4.0,3.73,10.81,0.409,No,0
POS,40.0,31734.71,,1.0,3.41,17.42,0.166,No,0
POS,50.0,44684.56,3006.6,3.0,5.84,19.95,0.192,No,0
POS,21.0,44237.13,1583.97,4.0,3.03,14.85,0.402,No,0
Online,42.0,24942.66,2477.44,,3.98,34.73,0.217,No,0
Transfer,47.0,48544.79,1633.29,7.0,3.54,44.32,0.282,Yes,0
Online,34.0,45643.34,10836.14,3.0,4.9,6.66,0.174,No,0
ATM,34.0,57768.89,,5.0,6.09,10.37,0.134,No,0
Online,41.0,26378.88,2281.35,4.0,0.97,8.67,0.054,Yes,1
Online,40.0,45202.35,121139.72,2.0,6.36,5.24,0.395,No,0
POS,42.0,83800.82,11671.27,,5.79,31.0,0.183,No,0
Online,42.0,114610.27,2866.16,2.0,6.26,26.52,0.337,No,0
POS,25.0,80055.54,,3.0,5.4,10.65,0.093,Yes,0
Online,47.0,26495.64,11774.59,4.0,6.08,10.3,0.319,Yes,0
Transfer,49.0,55126.81,1501.32,,3.75,22.6,0.292,No,0
ATM,38.0,36206.78,1817.32,5.0,6.33,15.68,0.205,No,0
Transfer,20.0,51132.37,1984.83,2.0,8.43,22.93,0.33,No,0
Online,35.0,31790.42,670.13,2.0,3.51,12.14,0.072,No,0
Online,38.0,20813.45,3428.17,4.0,3.62,21.27,0.557,No,0
POS,23.0,38537.42,1166.43,3.0,6.89,35.92,0.119,No,0
POS,32.0,62292.04,1412.79,2.0,3.34,17.5,0.071,Yes,0
Online,20.0,51226.78,1235.97,2.0,2.84,52.17,0.392,No,0
Online,43.0,53946.3,1389.88,6.0,6.27,23.3,0.069,No,0
POS,38.0,49601.45,1080.45,3.0,3.71,2.34,0.62,Yes,0
Online,18.0,53984.66,3201.13,5.0,8.67,16.38,0.295,No,1
POS,40.0,57107.92,2139.77,4.0,3.6,29.41,0.354,No,0
Online,35.0,39767.73,2622.95,6.0,2.54,25.26,0.396,No,0
Online,42.0,46710.23,26313.41,4.0,4.99,29.04,0.225,No,0
POS,,98605.67,2139.84,2.0,6.31,20.75,0.546,No,0
POS,27.0,47970.03,4577.89,1.0,5.96,50.39,0.137,No,0
Online,28.0,45870.22,5129.66,,6.62,31.75,0.269,No,0
POS,30.0,47132.39,131375.07,4.0,3.34,19.52,0.117,Yes,0
ATM,36.0,40796.8,3287.38,5.0,8.41,23.35,0.403,No,0
POS,38.0,36993.87,2552.28,2.0,0.1,68.61,0.256,No,0
POS,34.0,49430.51,3061.33,4.0,2.66,47.53,0.282,No,0
Transfer,31.0,35840.93,1390.65,6.0,5.12,16.03,0.039,No,0
POS,32.0,42147.73,1525.13,5.0,2.91,23.76,0.368,No,0
Transfer,64.0,31529.73,2542.67,3.0,4.07,50.07,0.152,Yes,1
ATM,28.0,47241.27,347.98,3.0,2.06,7.92,0.145,No,0
Online,,58530.63,11160.31,4.0,4.38,13.53,0.076,No,1
POS,72.0,40906.98,21696.45,4.0,6.39,37.56,0.198,No,0
POS,41.0,18226.78,2964.3,1.0,3.39,9.99,0.379,,0
Transfer,21.0,58693.54,4863.51,4.0,2.36,15.9,0.241,No,0
POS,45.0,47500.74,7369.49,5.0,3.62,22.77,0.378,No,0
Online,26.0,28780.8,664.73,1.0,8.31,33.95,0.334,No,0
POS,46.0,63728.64,6325.37,3.0,8.29,6.0,0.169,Yes,0
Online,34.0,23983.62,1632.07,1.0,3.57,35.61,0.095,No,0
ATM,31.0,72030.95,24705.23,5.0,6.52,21.25,0.231,No,0
POS,54.0,43853.19,2071.0,7.0,4.94,22.34,0.365,No,0
ATM,42.0,16210.73,6199.53,4.0,8.85,4.21,0.219,No,0
Transfer,47.0,48760.02,2091.49,4.0,5.57,18.55,0.442,No,0
POS,41.0,37482.57,22488.04,4.0,4.4,6.88,0.195,No,0
POS,31.0,35025.64,1497.71,6.0,9.8,53.36,0.074,No,0
ATM,43.0,32287.69,8015.52,1.0,2.23,14.93,0.27,No,0
ATM,49.0,42496.23,4678.46,4.0,5.96,45.67,0.207,Yes,0
Transfer,37.0,36173.53,3745.67,9.0,9.1,21.93,0.608,No,0
Online,56.0,19514.38,3143.38,4.0,7.0,46.17,0.138,No,0
POS,45.0,79765.66,1283.1,3.0,2.71,2.76,0.117,No,0
Online,38.0,40314.11,188.29,4.0,2.55,9.46,0.176,No,0
Transfer,39.0,32371.93,7320.53,3.0,0.77,43.91,0.313,No,0
POS,38.0,27082.07,1533.34,9.0,9.45,60.73,0.358,No,0
POS,22.0,63655.89,8051.76,1.0,1.6,16.62,0.251,No,0
Online,35.0,25087.46,3553.7,3.0,7.14,12.34,0.522,No,0
Online,38.0,47796.71,8302.42,4.0,0.72,5.58,0.39,No,0
ATM,31.0,34605.77,5574.39,3.0,12.67,3.6,0.109,No,0
Online,40.0,35524.54,212.59,5.0,0.94,3.26,0.239,No,0
,36.0,27386.79,4623.66,4.0,5.13,19.79,0.152,No,0
Transfer,45.0,34039.4,1772.9,4.0,8.64,18.86,0.296,No,0
ATM,43.0,45178.81,8014.9,4.0,2.89,6.84,0.582,No,0
Online,38.0,50026.51,4515.42,2.0,6.69,10.84,0.082,No,0
Online,21.0,31599.64,4568.84,1.0,4.15,15.19,0.148,Yes,0
Transfer,56.0,43195.75,1904.17,,6.16,2.57,0.378,No,1
ATM,34.0,67118.99,1003.69,2.0,8.24,22.77,0.268,Yes,0
POS,35.0,21295.16,1621.58,5.0,3.71,24.95,0.367,No,0
Online,32.0,44873.23,413.29,2.0,9.49,29.6,0.301,,0
Online,31.0,29335.83,1385.34,5.0,6.06,27.68,0.146,No,0
Online,53.0,28021.01,578.18,6.0,10.85,17.51,0.057,No,0
ATM,51.0,50608.41,593.66,6.0,2.5,52.97,0.214,No,0
Online,41.0,35208.92,2808.83,1.0,3.07,12.81,0.218,No,0
Online,35.0,26026.13,4264.56,5.0,4.3,27.28,0.371,No,0
,43.0,81662.09,2421.77,4.0,1.36,6.46,0.194,Yes,0
Transfer,37.0,,1518.16,3.0,7.78,6.61,0.151,No,0
ATM,34.0,18861.54,969.36,7.0,4.77,25.78,0.292,No,0
POS,40.0,23177.22,,6.0,1.56,8.39,0.226,No,0
POS,31.0,58775.09,1098.63,4.0,2.53,25.56,0.349,Yes,0
POS,39.0,39585.75,2347.76,1.0,2.39,26.6,0.075,No,0
Online,38.0,88404.34,545.94,9.0,7.77,56.72,0.067,No,0
POS,43.0,,5041.02,3.0,6.37,6.04,0.24,No,0
POS,29.0,51491.77,1418.02,4.0,4.6,5.11,0.058,No,1
POS,,28412.36,3642.05,1.0,3.9,20.59,0.494,No,0
Transfer,26.0,56137.87,6070.94,2.0,4.28,43.02,0.222,No,0
Transfer,30.0,25344.68,3470.02,6.0,10.34,19.83,0.344,No,0
Online,,80965.45,5559.0,5.0,4.3,99.11,0.181,Yes,0
POS,24.0,54414.18,316.53,4.0,7.57,25.16,0.277,No,0
Online,47.0,31046.58,1527.2,7.0,4.01,23.83,0.119,No,0
POS,25.0,64635.73,7533.56,3.0,10.05,15.09,0.06,No,0
Online,28.0,123389.83,4160.02,4.0,1.34,28.09,0.175,No,0
Online,50.0,40802.15,15875.13,6.0,7.42,42.06,0.183,,0
ATM,30.0,57647.59,,3.0,2.72,22.0,0.195,Yes,1
POS,,37052.63,3373.27,5.0,11.64,39.27,0.116,No,0
Transfer,25.0,46762.0,1943.15,,7.09,21.81,0.125,No,0
Online,45.0,22837.57,958.73,3.0,0.1,5.59,0.294,Yes,1
Online,45.0,44989.28,1553.46,7.0,2.21,4.45,0.199,No,0
POS,44.0,45891.15,1662.04,3.0,7.06,32.22,0.097,No,0
,42.0,101110.25,1381.32,2.0,6.97,22.46,0.083,No,1
Online,37.0,20063.68,997.96,4.0,6.75,41.05,0.187,Yes,0
Transfer,30.0,39656.9,3735.45,7.0,5.47,33.06,0.668,No,1
Online,,80343.82,13638.96,1.0,4.04,4.42,0.155,No,0
Online,50.0,40361.05,6356.94,3.0,8.26,13.23,0.431,No,0
POS,44.0,41660.72,1810.98,2.0,2.41,8.66,0.17,No,0
,28.0,30929.05,6891.71,1.0,5.16,19.18,0.331,No,0
POS,36.0,29576.79,3535.81,4.0,3.14,17.82,0.333,No,0
POS,33.0,19787.06,2400.28,3.0,2.9,3.95,0.122,No,0
ATM,24.0,33903.41,2255.04,7.0,3.62,12.17,0.09,No,0
Online,38.0,28831.04,2046.95,3.0,2.79,12.21,0.149,No,0
POS,31.0,47454.91,4793.96,6.0,6.65,26.73,0.096,No,0
POS,26.0,31570.14,2874.74,3.0,0.57,18.48,0.336,Yes,0
Transfer,20.0,36264.76,1206.67,5.0,6.29,10.7,0.248,Yes,0
POS,19.0,36714.44,1149.63,2.0,3.1,9.26,0.038,Yes,0
POS,32.0,44035.15,3394.63,2.0,5.09,3.85,0.507,No,0
Online,35.0,35474.97,3837.96,,4.5,32.14,0.417,No,1
Online,26.0,27906.48,1827.88,3.0,3.5,32.76,0.273,No,0
Online,43.0,46770.72,805.97,3.0,8.64,43.72,0.639,No,0
ATM,35.0,72750.08,8734.28,6.0,3.89,11.59,0.253,Yes,0
Online,42.0,,7063.18,8.0,7.11,52.91,0.151,No,0
ATM,34.0,34200.6,342.64,2.0,7.15,32.53,0.31,,0
Online,27.0,42574.12,9543.63,6.0,4.18,35.51,0.267,No,0
Transfer,37.0,17883.49,2028.54,3.0,1.23,14.31,0.192,No,0
ATM,22.0,42263.81,3023.08,6.0,2.35,13.52,0.206,Yes,0
Online,42.0,37581.17,7803.04,4.0,8.84,29.72,0.339,Yes,0
Online,26.0,29565.42,13050.54,4.0,6.48,44.78,0.125,No,0
Online,46.0,32079.53,6815.2,5.0,5.42,53.05,0.244,Yes,0
Transfer,32.0,37414.45,3181.4,5.0,3.3,48.1,0.233,No,0
Online,48.0,70334.94,631.69,3.0,10.2,26.29,0.449,No,0
POS,24.0,73559.14,329.58,4.0,2.4,6.46,0.225,No,0
POS,29.0,29636.48,6016.16,5.0,5.42,34.38,0.148,No,0
ATM,40.0,35642.11,9567.01,5.0,6.51,9.21,0.222,No,0
POS,49.0,36053.25,1106.99,1.0,1.08,65.36,0.344,No,1
POS,54.0,64777.48,1908.87,5.0,2.72,46.93,0.164,No,0
Transfer,36.0,48045.11,1431.93,3.0,3.63,19.75,0.312,Yes,0
Online,56.0,46918.78,,4.0,7.59,21.41,0.388,No,0
ATM,33.0,57281.67,7324.7,3.0,3.69,30.15,0.316,No,0
Online,48.0,34407.57,3110.13,6.0,0.69,20.89,0.557,No,0
POS,26.0,83130.48,1987.97,2.0,0.4,31.57,0.256,No,0
Transfer,41.0,44964.68,35652.2,3.0,2.7,19.45,0.15,Yes,0
POS,18.0,30615.36,595.63,2.0,0.53,13.42,0.182,No,0
POS,24.0,40581.99,4324.09,2.0,7.31,9.26,0.209,Yes,0
Online,41.0,78337.8,,3.0,7.42,14.06,0.08,No,1
POS,22.0,37164.3,2135.83,3.0,5.02,22.88,0.133,No,0
POS,41.0,68990.13,2900.63,3.0,4.21,8.57,0.533,No,0
POS,46.0,33962.5,5817.59,3.0,7.22,37.84,0.131,No,0
POS,30.0,31884.3,1925.35,4.0,7.1,23.01,0.232,No,0
Online,25.0,60550.72,1732.11,7.0,2.04,16.31,0.157,No,0
Online,31.0,30367.56,1891.19,2.0,2.45,8.22,0.319,No,0
Online,25.0,,849.03,1.0,7.12,40.37,0.182,No,0
POS,35.0,52714.69,4704.88,11.0,5.81,51.41,0.487,No,0
Online,37.0,30372.73,3312.24,3.0,6.82,1.5,0.172,No,0
Transfer,,43576.29,3863.06,4.0,2.32,21.66,0.191,No,0
POS,54.0,35153.14,2332.05,2.0,2.75,45.43,0.158,No,0
Online,28.0,52651.88,2061.46,1.0,6.39,30.39,0.027,No,0
POS,51.0,105232.45,8100.22,3.0,2.95,4.49,0.043,No,0
ATM,25.0,38085.95,6945.38,1.0,0.44,15.52,0.198,No,0
Online,37.0,57217.62,10289.16,5.0,3.0,7.36,0.2,No,0
Online,49.0,45497.65,3628.74,6.0,4.38,8.46,0.203,No,0
Online,48.0,45489.82,9669.29,4.0,10.1,20.18,0.435,No,0
Online,31.0,41775.92,1649.06,2.0,2.48,27.83,0.087,No,0
ATM,42.0,30594.63,2045.08,3.0,4.81,12.04,0.162,Yes,0
Transfer,41.0,52325.06,8259.73,3.0,11.13,18.73,0.242,No,0
Online,30.0,39516.91,5810.77,8.0,1.72,27.79,0.053,No,0
ATM,43.0,29949.2,1869.82,2.0,6.98,4.64,0.475,No,0
Online,56.0,71025.61,878.12,1.0,2.87,8.37,0.18,No,0
POS,41.0,47050.28,2038.73,4.0,6.21,9.74,0.132,No,0
ATM,42.0,40610.15,1260.39,6.0,12.0,14.28,0.292,No,0
POS,43.0,82243.8,14024.34,5.0,7.37,15.78,0.26,No,0
Online,20.0,19696.2,5345.91,4.0,5.46,20.58,0.175,Yes,0
POS,41.0,79792.69,1162.26,1.0,2.15,12.08,0.186,No,0
Transfer,25.0,30282.74,879.24,3.0,4.47,29.28,0.316,No,0
Online,30.0,49494.03,1147.95,1.0,3.3,12.96,0.386,No,0
Online,60.0,34537.09,1429.7,3.0,0.65,6.5,0.083,No,0
Online,33.0,29704.9,2116.13,3.0,0.1,10.89,0.659,No,0
POS,28.0,81280.93,7620.46,5.0,2.51,7.33,0.64,No,0
POS,49.0,103747.49,951.01,7.0,4.91,2.04,0.234,No,0
ATM,26.0,40735.95,24675.92,5.0,8.36,60.72,0.121,No,0
ATM,31.0,52332.95,973.35,7.0,2.79,2.01,0.084,Yes,0
Transfer,50.0,46169.0,610.94,8.0,5.57,13.64,0.355,Yes,1
ATM,36.0,98041.47,13525.75,3.0,0.1,18.49,0.578,Yes,0
Online,19.0,17387.38,9370.31,1.0,2.6,17.96,0.238,No,0
POS,42.0,53323.01,2083.28,4.0,0.1,1.73,0.334,No,0
Online,32.0,32442.06,3660.59,4.0,11.7,20.07,0.137,No,0
Online,53.0,15587.65,3754.14,5.0,5.59,40.27,0.425,Yes,1
Transfer,29.0,38260.73,2866.25,1.0,5.5,4.59,0.652,No,0
POS,48.0,103366.86,683.73,1.0,6.61,19.71,0.149,No,0
Transfer,56.0,33496.48,208.95,2.0,12.6,20.06,0.257,No,0
POS,27.0,64232.35,1074.19,2.0,3.69,16.56,0.291,Yes,0
POS,34.0,77174.18,15370.42,8.0,2.06,66.6,0.193,,0
POS,40.0,44743.62,15985.85,5.0,11.0,16.19,0.392,No,0
Online,27.0,47506.55,1924.09,3.0,1.31,11.25,0.159,No,0
Online,39.0,20787.01,959.18,6.0,8.89,3.34,0.25,No,0
POS,34.0,32602.49,3301.62,1.0,4.78,44.45,0.462,No,0
Online,33.0,67681.71,3877.82,,6.3,7.21,0.299,Yes,0
Transfer,37.0,46245.68,4558.58,3.0,0.69,22.11,0.302,No,0
Online,37.0,53088.81,199.74,4.0,12.78,47.9,0.308,No,0
Online,38.0,47778.87,50000.0,11.0,3.85,26.13,0.307,Yes,0
ATM,29.0,120670.57,7758.32,5.0,2.9,4.24,0.148,No,0
Online,30.0,37074.47,2051.2,8.0,6.65,30.41,0.071,Yes,0
Transfer,35.0,92674.84,1218.73,1.0,3.07,10.61,0.203,Yes,1
ATM,36.0,47786.3,6709.98,1.0,6.27,28.68,0.267,No,0
Online,31.0,96452.63,4102.86,3.0,1.22,60.39,0.353,No,0
POS,40.0,25930.56,2741.32,2.0,5.44,26.87,0.172,No,0
POS,18.0,48898.95,3953.6,5.0,3.19,17.64,0.101,No,0
ATM,28.0,37694.09,2233.5,4.0,2.65,9.48,0.279,No,0
ATM,33.0,47914.83,3736.51,5.0,2.18,6.85,0.228,Yes,0
ATM,27.0,78001.79,5168.87,,7.66,26.56,0.18,Yes,0
POS,,53363.49,3524.04,3.0,3.95,45.92,0.423,No,0
Online,36.0,,3344.15,3.0,4.45,24.57,0.069,No,0
POS,38.0,33283.54,10065.87,4.0,6.28,19.82,0.454,,0
Transfer,31.0,31074.48,107698.12,5.0,8.42,19.63,0.062,Yes,1
POS,36.0,45327.31,1125.7,1.0,2.23,17.07,0.19,No,0
POS,23.0,44224.06,2567.29,6.0,5.66,42.39,0.258,No,0
,34.0,41389.44,1204.93,2.0,2.27,31.93,0.061,No,0
ATM,26.0,29232.42,1682.46,,4.37,51.18,0.287,,0
Transfer,33.0,77173.47,9061.48,7.0,8.2,47.76,0.017,No,0
Online,18.0,38221.02,2153.99,6.0,0.1,73.8,0.481,Yes,0
Online,24.0,85489.85,401.35,5.0,2.23,36.28,0.226,No,0
POS,52.0,45258.79,1637.14,2.0,4.31,32.51,0.149,No,0
POS,45.0,60247.16,2649.59,4.0,6.14,17.87,0.188,No,0
POS,51.0,57837.18,2601.22,3.0,8.66,20.33,0.06,No,0
Online,51.0,31054.35,4359.37,8.0,0.1,39.15,0.136,No,1
POS,43.0,53085.5,4017.58,,9.25,14.54,0.245,No,0
POS,31.0,,2175.95,5.0,6.56,43.67,0.336,No,0
POS,25.0,50394.8,758.24,3.0,4.28,17.72,0.22,No,0
POS,49.0,67507.39,1608.26,4.0,0.59,21.25,0.317,No,0
,37.0,61475.26,1341.13,5.0,3.28,57.46,0.042,No,0
POS,63.0,51667.8,1879.84,7.0,8.08,33.08,0.356,Yes,0
ATM,32.0,48939.16,4990.12,4.0,5.08,21.8,0.144,No,0
POS,,57567.29,3744.89,3.0,4.46,68.04,0.439,No,0
POS,34.0,63442.86,5699.03,3.0,2.09,12.08,0.171,Yes,0
POS,51.0,24488.13,1702.69,1.0,7.2,9.84,0.399,No,0
Online,55.0,50297.17,,,4.55,9.35,0.245,No,0
Online,25.0,41422.63,4899.48,5.0,4.29,23.92,0.057,No,0
POS,31.0,37730.75,2796.94,7.0,4.71,20.77,0.315,No,0
Transfer,25.0,80628.04,4570.57,5.0,3.06,27.06,0.125,No,0
POS,22.0,32354.29,1271.92,4.0,2.55,3.59,0.193,No,0
Online,43.0,24023.11,303.47,3.0,0.44,3.99,0.166,No,0
POS,34.0,64375.61,1362.87,7.0,3.14,9.83,0.077,No,0
Online,37.0,23747.69,5279.06,4.0,0.1,23.96,0.348,No,0
ATM,42.0,18898.6,2708.8,5.0,6.46,14.29,0.144,No,0
ATM,18.0,67720.09,2180.29,1.0,3.0,7.0,0.195,No,0
POS,50.0,48331.69,1070.85,5.0,3.82,8.64,0.08,No,0
,32.0,55666.93,353.62,6.0,4.89,33.99,0.185,No,0
Online,42.0,,10393.04,6.0,2.59,51.25,0.115,No,0
POS,43.0,24135.4,2030.73,6.0,1.47,15.28,0.005,No,0
Transfer,51.0,26391.93,1627.02,2.0,5.67,7.22,0.412,No,0
ATM,35.0,39812.36,1277.17,5.0,10.67,24.89,0.319,No,0
POS,18.0,25383.04,8765.41,5.0,7.73,62.77,0.132,Yes,0
POS,37.0,51667.88,6035.4,4.0,8.84,22.02,0.279,No,0
Online,38.0,36545.44,950.33,8.0,1.1,23.44,0.435,No,0
Online,25.0,,8011.14,0.0,4.43,18.15,0.261,No,0
Online,38.0,48254.02,2162.4,3.0,4.41,28.62,0.408,No,0
POS,32.0,53555.7,1357.64,6.0,9.29,23.47,0.082,No,0
Transfer,21.0,56341.4,,5.0,7.75,28.08,0.082,No,0
POS,43.0,38548.12,1142.24,,4.51,22.19,0.132,No,0
Online,30.0,48883.93,667.25,3.0,0.1,7.87,0.184,Yes,0
Online,32.0,50042.17,5432.62,2.0,1.52,11.51,0.444,No,0
Online,31.0,15084.41,2004.88,4.0,6.9,4.84,0.148,No,0
ATM,50.0,60195.59,4634.37,7.0,4.04,31.31,0.397,No,0
POS,36.0,48141.11,3331.77,5.0,4.67,37.26,0.211,No,0
ATM,,58002.41,4326.82,6.0,6.84,25.0,0.248,Yes,0
ATM,31.0,25218.63,323.13,2.0,8.4,14.75,0.133,No,0
Online,41.0,,1050.78,4.0,2.66,20.34,0.256,No,0
POS,51.0,27535.45,4417.86,,6.77,24.54,0.454,No,0
Transfer,43.0,62911.76,698.7,7.0,9.83,24.18,0.157,No,0
POS,44.0,23911.51,3630.45,1.0,9.28,33.54,0.269,No,0
Online,43.0,29629.42,622.25,5.0,3.41,11.97,0.193,No,0
Transfer,21.0,57231.47,2541.45,6.0,5.88,22.13,0.062,No,0
Transfer,26.0,33900.98,12506.91,3.0,7.25,9.62,0.056,Yes,0
POS,34.0,29632.94,5424.31,2.0,5.06,31.31,0.185,No,0
POS,28.0,67672.93,392.8,3.0,4.25,10.44,0.276,No,0
Online,,68932.85,5839.6,4.0,0.1,68.11,0.091,No,1
ATM,18.0,62277.15,15464.22,4.0,2.4,20.69,0.15,No,0
POS,21.0,65929.23,40989.12,2.0,2.91,14.61,0.377,No,0
Online,33.0,40546.6,4020.34,5.0,1.22,12.4,0.163,No,0
POS,35.0,41041.99,638.82,8.0,5.33,20.44,0.124,Yes,0
,27.0,33616.8,3861.16,6.0,7.6,58.03,0.421,No,0
ATM,37.0,48527.98,12333.56,6.0,3.74,8.13,0.594,No,0
Online,31.0,35484.94,2073.43,7.0,0.1,31.73,0.099,No,0
Online,48.0,37032.01,7095.07,7.0,4.64,9.96,0.084,No,0
Transfer,34.0,58945.76,1079.7,5.0,5.82,7.01,0.584,No,0
Transfer,44.0,76684.93,3627.86,4.0,5.62,27.16,0.265,No,0
POS,,53832.62,207.36,3.0,2.84,15.02,0.443,No,0
POS,21.0,100897.45,966.53,5.0,1.39,19.36,0.381,No,0
POS,35.0,32759.09,2484.75,1.0,7.66,25.54,0.332,Yes,0
POS,22.0,19679.43,1738.35,3.0,6.06,58.02,0.064,No,0
,35.0,62068.9,680.91,0.0,2.96,30.97,0.047,No,0
Online,28.0,31795.9,1516.85,1.0,0.5,14.99,0.34,No,0
Online,40.0,39785.44,3476.22,3.0,5.67,33.57,0.022,No,0
ATM,21.0,20292.55,2293.46,5.0,2.31,6.07,0.178,No,0
Online,36.0,30024.63,2657.08,5.0,6.15,17.05,0.193,No,0
Online,42.0,22889.08,5197.93,1.0,5.47,13.23,0.033,No,0
POS,46.0,37011.4,1773.81,2.0,11.23,76.39,0.351,No,0
Online,28.0,37679.43,9732.48,3.0,4.77,9.75,0.211,No,0
Online,36.0,46859.07,929.62,3.0,11.0,30.74,0.049,No,0
POS,38.0,78613.06,17189.41,4.0,5.25,12.53,0.455,No,0
POS,53.0,61024.19,7608.98,6.0,3.0,9.22,0.365,No,0
POS,20.0,21686.42,1751.19,8.0,1.83,10.85,0.217,No,0
,26.0,59161.41,1871.93,4.0,2.37,21.86,0.21,No,0
Online,67.0,47320.9,3074.14,4.0,6.29,18.69,0.204,No,1
Transfer,33.0,43061.99,4549.25,3.0,5.39,14.89,0.39,No,0
Transfer,18.0,44542.67,7469.58,1.0,0.1,38.31,0.067,No,0
,30.0,49338.81,654.23,4.0,8.06,16.18,0.213,Yes,0
POS,18.0,32960.62,3871.85,1.0,9.43,36.21,0.524,No,0
POS,39.0,41454.84,301.13,4.0,0.1,19.72,0.117,No,0
POS,45.0,76664.22,2093.82,5.0,8.04,7.9,0.168,No,0
POS,26.0,32782.83,10699.57,2.0,10.05,21.27,0.26,No,0
Online,,28309.94,605.73,2.0,0.1,21.1,0.093,No,0
Transfer,46.0,,,8.0,3.6,86.87,0.361,No,1
POS,18.0,27055.97,3117.67,4.0,2.45,47.65,0.11,No,0
ATM,21.0,20726.44,10011.35,6.0,7.92,53.61,0.221,Yes,0
POS,33.0,38538.29,3461.45,2.0,3.76,18.65,0.073,No,0
Online,28.0,86361.53,372.2,4.0,3.64,12.38,0.166,No,0
POS,33.0,44225.02,464.48,3.0,6.26,16.42,0.364,,0
POS,22.0,48765.46,2756.71,2.0,9.68,15.67,0.242,Yes,0
POS,38.0,17254.89,768.78,,4.82,36.98,0.177,,0
Online,34.0,54807.06,2866.17,6.0,3.59,13.06,0.146,No,0
Online,42.0,46930.94,3041.3,4.0,4.15,33.9,0.321,No,0
POS,38.0,33363.11,1531.94,3.0,6.97,40.98,0.421,No,0
,38.0,48797.8,15348.92,3.0,1.01,28.59,0.133,No,0
Transfer,20.0,48580.26,4512.08,5.0,4.95,6.56,0.245,No,0
,41.0,27935.35,8397.06,5.0,2.19,27.26,0.131,No,0
Online,32.0,,6276.88,5.0,1.39,5.88,0.158,No,0
Online,,77120.83,2151.61,2.0,0.1,20.75,0.226,No,0
POS,48.0,40613.02,2058.22,3.0,3.46,16.76,0.106,No,0
POS,28.0,30454.85,1856.46,3.0,8.24,29.7,0.223,Yes,0
POS,51.0,41543.93,4940.14,3.0,0.1,14.16,0.275,No,0
Transfer,52.0,66104.61,1304.64,3.0,6.63,12.8,0.251,No,0
Online,44.0,25914.92,14031.76,4.0,3.05,14.32,0.022,No,0
POS,25.0,58382.36,1185.8,5.0,1.81,15.26,0.189,No,0
Online,18.0,33167.02,3098.03,0.0,6.03,5.75,0.432,No,0
Online,48.0,50178.71,1988.16,2.0,8.93,42.24,0.152,No,0
POS,37.0,34907.91,1592.81,3.0,9.49,16.04,0.413,No,1
Online,28.0,34865.75,21947.16,2.0,5.85,33.94,0.086,No,0
POS,49.0,89304.8,1611.61,3.0,4.79,26.65,0.156,No,0
POS,27.0,23868.83,1843.32,5.0,6.17,16.64,0.224,No,0
ATM,31.0,55984.63,1286.8,4.0,12.43,13.58,0.649,No,0
POS,,98077.55,2604.74,1.0,4.12,5.31,0.136,No,0
POS,24.0,61261.24,2259.14,3.0,8.4,11.75,0.397,No,1
POS,35.0,24721.39,816.31,3.0,3.22,6.76,0.099,No,0
Online,48.0,25278.42,1635.45,8.0,2.51,8.63,0.546,Yes,0
Online,38.0,32086.36,4599.64,6.0,10.31,33.38,0.159,No,0
POS,50.0,48313.98,6981.6,4.0,5.01,13.75,0.376,Yes,0
Transfer,48.0,49816.02,2560.73,4.0,5.67,10.52,0.007,No,0
Online,36.0,25391.11,2651.92,6.0,6.64,14.17,0.125,Yes,0
POS,18.0,30384.17,1742.46,5.0,2.32,6.69,0.326,No,0
ATM,24.0,31233.63,1512.63,4.0,3.69,7.57,0.434,No,0
ATM,44.0,41484.77,996.72,5.0,3.07,36.4,0.249,No,0
POS,19.0,109922.49,527.1,2.0,6.0,50.43,0.32,No,0
POS,32.0,29569.05,1238.43,5.0,6.1,18.89,0.248,No,0
POS,40.0,28992.33,6173.98,0.0,3.2,3.47,0.245,,0
Transfer,52.0,27024.65,1635.38,6.0,11.08,48.2,0.079,No,0
Online,30.0,59898.86,1768.75,4.0,4.92,64.78,0.145,No,0
Transfer,29.0,44170.57,1734.65,4.0,5.31,23.92,0.269,Yes,0
Online,35.0,30064.97,8679.8,5.0,9.03,11.16,0.403,Yes,0
ATM,40.0,38221.74,,4.0,2.38,33.92,0.296,No,1
Online,34.0,31515.61,3298.09,4.0,3.44,18.12,0.156,Yes,0
Online,48.0,51409.02,2334.56,8.0,5.86,31.31,0.25,No,0
Online,27.0,150600.7,2675.72,5.0,0.57,4.52,0.55,No,0
POS,37.0,57659.3,3191.98,3.0,4.29,13.15,0.067,No,0
Online,41.0,43155.84,2647.08,8.0,11.15,6.45,0.086,No,0
Online,32.0,,5525.16,6.0,10.49,8.71,0.101,Yes,0
POS,45.0,24584.9,2427.92,3.0,7.69,4.31,0.348,No,0
POS,38.0,62603.61,14305.83,3.0,8.55,8.76,0.38,No,0
ATM,45.0,61091.45,2613.71,2.0,6.48,41.74,0.174,No,0
Transfer,38.0,36485.58,455.13,6.0,3.71,9.77,0.193,No,0
POS,40.0,77685.05,4733.2,2.0,9.93,4.19,0.218,No,0
Online,29.0,45429.45,3700.2,1.0,2.15,9.66,0.093,No,0
Online,29.0,63771.4,2582.7,4.0,7.91,4.56,0.147,No,0
Transfer,49.0,51416.09,1928.46,5.0,3.47,19.5,0.034,No,0
Online,43.0,41552.24,301.7,,3.65,10.0,0.437,No,0
POS,25.0,29281.75,356.81,2.0,6.62,15.48,0.306,No,0
Transfer,38.0,42147.32,12985.2,3.0,11.1,11.24,0.346,No,0
Transfer,18.0,65731.96,1392.06,6.0,9.29,15.43,0.128,No,0
POS,30.0,35801.93,,1.0,6.02,3.96,0.436,No,0
POS,47.0,54846.92,503.21,3.0,5.19,9.18,0.105,No,0
POS,35.0,27644.63,877.6,2.0,7.34,27.23,0.383,Yes,0
ATM,37.0,63923.61,4927.99,1.0,9.1,29.01,0.216,No,0
Online,18.0,51804.97,2256.44,5.0,0.1,16.18,0.249,No,0
Online,32.0,26198.77,,6.0,4.62,17.14,0.059,Yes,0
POS,40.0,,2466.15,4.0,1.84,2.94,0.104,No,0
Online,41.0,68429.97,2031.18,6.0,4.34,23.46,0.321,No,0
POS,47.0,25536.22,1266.49,2.0,1.23,41.41,0.206,No,0
POS,34.0,27791.63,757.52,4.0,0.1,4.6,0.4,No,0
Transfer,34.0,43614.46,10165.42,8.0,1.04,32.22,0.187,No,0
ATM,21.0,117526.2,11984.33,4.0,3.34,4.45,0.008,No,0
POS,34.0,33248.26,884.78,2.0,6.76,19.17,0.149,No,0
ATM,22.0,56234.8,828.79,1.0,2.56,3.83,0.701,No,0
Online,18.0,50588.46,1765.65,1.0,2.4,5.2,0.223,No,0
POS,24.0,34514.47,3513.9,3.0,6.19,8.55,0.039,No,0
Online,53.0,48384.16,2084.38,1.0,5.86,7.33,0.475,No,0
Transfer,33.0,36786.72,4119.83,7.0,10.11,38.5,0.302,Yes,1
ATM,38.0,38307.68,2379.86,3.0,7.8,20.24,0.214,No,0
Transfer,30.0,21308.16,2229.24,5.0,1.92,7.67,0.471,No,0
Transfer,18.0,44507.88,27920.73,3.0,2.99,27.37,0.073,No,0
Transfer,46.0,67441.1,1478.59,,7.24,30.74,0.465,No,0
Online,18.0,46178.03,12887.24,2.0,2.34,24.35,0.121,No,0
Transfer,30.0,,10624.41,2.0,4.03,21.96,0.131,Yes,0
POS,35.0,58428.85,4138.71,5.0,0.1,22.09,0.105,No,0
POS,39.0,43810.3,364.28,8.0,1.08,7.27,0.242,No,0
POS,28.0,33923.09,2578.86,3.0,8.78,19.01,0.299,No,0
Online,18.0,36156.03,1494.21,5.0,5.5,38.68,0.091,No,0
Online,27.0,23218.11,2550.73,2.0,3.11,55.52,0.513,No,0
Online,28.0,,863.57,5.0,3.53,17.1,0.425,No,0
,27.0,48055.76,5325.72,2.0,10.15,10.66,0.358,Yes,0
POS,47.0,97378.16,6694.43,3.0,3.03,8.35,0.257,No,0
Transfer,23.0,57077.31,8055.18,3.0,6.42,36.64,0.624,No,0
POS,39.0,30492.42,1705.93,5.0,7.61,8.39,0.156,No,0
POS,38.0,23545.78,866.64,5.0,9.33,14.97,0.236,No,0
POS,47.0,41005.82,3553.64,7.0,2.45,14.74,0.182,No,0
POS,35.0,,14474.16,5.0,0.8,30.0,0.335,No,0
Online,,40747.12,2679.63,8.0,1.69,23.22,0.349,No,0
ATM,34.0,57429.34,3929.8,2.0,7.19,64.47,0.203,No,0
Online,41.0,41477.7,1976.58,3.0,10.98,22.73,0.436,No,0
ATM,19.0,62135.2,1511.07,5.0,7.3,37.51,0.23,Yes,0
ATM,18.0,21930.9,4828.65,2.0,3.02,12.2,0.19,Yes,0
POS,40.0,92623.64,2248.41,6.0,8.56,22.86,0.312,No,0
Transfer,41.0,27277.03,3742.72,9.0,3.59,39.11,0.23,Yes,0
Online,41.0,64318.16,4152.86,6.0,2.5,35.58,0.322,Yes,0
Transfer,30.0,,3538.87,3.0,4.01,5.48,0.122,No,0
ATM,52.0,42714.56,4367.3,3.0,3.26,7.51,0.201,Yes,0
ATM,31.0,40373.22,1065.33,4.0,2.89,23.42,0.733,No,0
POS,41.0,50485.42,1002.26,5.0,8.67,15.23,0.034,,0
ATM,43.0,55287.59,2395.68,0.0,3.45,18.32,0.322,No,0
Transfer,55.0,72452.06,2454.02,3.0,0.24,14.67,0.102,No,0
POS,33.0,84795.25,,3.0,6.76,33.69,0.153,No,0
ATM,29.0,52246.98,3181.3,7.0,2.14,20.95,0.182,No,0
ATM,20.0,97301.65,6199.75,2.0,2.23,16.21,0.172,No,0
POS,53.0,46922.63,8197.28,3.0,7.1,79.07,0.264,No,0
Transfer,41.0,,10263.08,4.0,2.82,38.55,0.262,No,0
POS,41.0,54575.57,671.32,6.0,3.64,44.61,0.384,No,0
POS,70.0,35146.34,781.37,2.0,5.13,6.85,0.347,No,0
Online,40.0,48823.8,1871.32,6.0,4.14,83.05,0.278,Yes,0
Online,22.0,56435.02,2708.99,,3.71,76.25,0.105,No,0
ATM,34.0,44352.69,1969.68,9.0,0.1,33.22,0.239,Yes,1
POS,25.0,54187.37,1438.57,3.0,4.48,20.46,0.107,No,0
POS,32.0,66425.15,1843.88,6.0,9.84,10.15,0.238,No,1
Online,32.0,44529.17,4053.6,3.0,6.89,35.76,0.395,No,0
POS,30.0,15000.0,661.44,3.0,3.87,66.1,0.064,Yes,0
ATM,21.0,95763.73,26040.37,9.0,6.41,21.08,0.334,No,0
Transfer,54.0,39359.85,2553.04,6.0,6.88,7.53,0.068,Yes,1
Online,39.0,31068.25,7150.18,4.0,2.47,18.71,0.401,No,0
POS,34.0,27134.69,1399.74,4.0,8.77,12.76,0.165,Yes,0
POS,44.0,,4439.94,1.0,5.49,8.63,0.167,No,0
POS,41.0,34932.79,,8.0,4.06,4.15,0.434,Yes,0
POS,39.0,32298.09,5889.08,8.0,9.77,60.91,0.465,No,0
POS,44.0,33105.71,2049.6,,0.1,47.32,0.156,No,0
POS,37.0,57113.86,11797.11,2.0,1.47,14.19,0.394,No,0
POS,43.0,112204.83,562.27,6.0,6.92,1.73,0.207,Yes,1
POS,44.0,65099.68,6460.23,4.0,7.02,26.47,0.25,No,0
POS,38.0,74576.96,2815.14,4.0,9.94,50.23,0.194,No,1
ATM,34.0,37971.2,903.0,5.0,0.1,65.25,0.094,Yes,0
ATM,53.0,47170.18,17608.06,4.0,7.58,26.18,0.116,Yes,0
Online,31.0,54520.65,15878.86,5.0,1.26,10.27,0.475,Yes,0
ATM,40.0,33443.63,314.25,,6.26,23.44,0.141,No,0
Transfer,41.0,37154.47,2983.43,4.0,4.8,16.78,0.393,No,1
Online,29.0,66102.78,5062.97,10.0,7.55,14.9,0.056,No,0
POS,27.0,73500.65,3888.39,4.0,4.29,42.99,0.264,No,0
Online,32.0,46385.97,11379.58,3.0,8.03,27.2,0.184,No,0
ATM,31.0,26280.88,9243.53,2.0,2.52,5.7,0.438,No,0
Online,20.0,39395.28,3259.19,1.0,4.76,43.32,0.24,Yes,1
POS,29.0,23525.0,24371.01,3.0,5.58,61.04,0.185,No,0
Online,39.0,46548.91,6379.8,5.0,10.03,9.69,0.295,No,0
POS,50.0,50480.84,1759.23,3.0,7.5,26.59,0.429,No,0
Transfer,42.0,39838.86,1438.99,2.0,5.61,16.36,0.307,No,0
POS,18.0,50170.77,8667.95,3.0,6.92,3.76,0.285,No,0
Transfer,43.0,54286.09,1131.27,2.0,8.26,23.42,0.374,No,0
Transfer,30.0,50513.99,,3.0,6.12,34.47,0.357,No,0
Transfer,41.0,26205.62,1967.41,4.0,1.92,23.54,0.402,No,0
Online,36.0,40152.85,3567.78,2.0,6.89,48.51,0.294,Yes,0
ATM,34.0,54113.94,2060.26,2.0,4.92,22.31,0.208,No,0
Online,35.0,91568.08,,4.0,3.94,3.84,0.17,No,0
POS,,39817.08,7991.44,6.0,2.64,11.07,0.194,No,0
Transfer,51.0,57658.67,1668.45,1.0,6.74,39.94,0.187,No,0
,36.0,66808.54,18844.59,4.0,6.54,0.91,0.352,No,0
POS,48.0,41189.36,3388.14,3.0,2.13,11.71,0.091,,0
POS,46.0,75448.17,8877.31,2.0,1.68,22.89,0.182,No,0
ATM,43.0,77295.88,4698.07,2.0,10.67,40.26,0.305,No,0
ATM,18.0,83749.95,9312.4,,7.58,52.18,0.064,No,1
POS,48.0,55310.18,4422.17,8.0,5.26,16.08,0.428,No,1
Transfer,31.0,130154.77,3162.81,4.0,6.82,19.49,0.264,No,0
Online,44.0,34116.63,7459.77,3.0,3.6,12.43,0.026,No,0
Online,25.0,117037.85,30031.98,4.0,4.48,20.73,0.386,Yes,1
POS,23.0,63586.25,1908.84,3.0,5.06,6.6,0.184,No,0
Transfer,58.0,82256.04,5535.7,6.0,7.89,27.75,0.182,Yes,0
Online,25.0,38964.29,2486.92,5.0,0.76,1.22,0.114,Yes,0
Online,49.0,65803.7,4146.85,5.0,1.94,25.78,0.108,No,1
Online,37.0,85524.33,2607.65,3.0,1.33,16.61,0.06,No,0
Transfer,31.0,27587.18,288.96,5.0,7.56,41.13,0.045,No,0
Online,36.0,,2046.44,5.0,4.7,33.86,0.371,No,0
POS,22.0,17168.89,6792.68,7.0,2.25,14.34,0.053,No,0
Transfer,,41529.86,1163.09,6.0,4.34,32.33,0.235,No,0
Online,24.0,31170.08,,4.0,3.1,7.15,0.218,Yes,0
POS,32.0,40799.39,3003.87,6.0,0.7,4.39,0.13,No,0
POS,46.0,167721.02,2064.32,6.0,8.78,25.32,0.413,No,1
ATM,39.0,97482.62,6184.87,3.0,4.55,4.04,0.113,No,1
POS,20.0,,4939.79,,8.85,55.48,0.162,No,0
,45.0,57785.9,3806.99,3.0,0.65,2.89,0.123,No,0
Online,36.0,,6904.62,6.0,6.51,38.76,0.341,No,0
ATM,30.0,38652.4,3062.98,4.0,0.67,16.55,0.163,No,0
,44.0,48759.54,482.69,2.0,12.34,28.55,0.165,No,0
Online,34.0,50950.5,1712.87,3.0,0.1,21.08,0.139,Yes,0
POS,23.0,24549.4,411.43,3.0,10.39,11.79,0.101,No,0
Transfer,56.0,28291.58,4824.25,5.0,4.94,10.19,0.027,No,0
Online,36.0,48627.83,6125.68,2.0,4.45,30.03,0.296,No,0
Online,35.0,47058.6,6410.86,4.0,6.77,41.58,0.196,No,0
POS,32.0,32714.2,4077.1,4.0,2.19,23.32,0.099,No,0
,49.0,31474.99,95246.6,3.0,7.36,27.79,0.272,,0
Online,30.0,43218.21,516.69,1.0,7.58,22.14,0.158,No,0
POS,19.0,67049.45,2245.04,6.0,5.04,5.71,0.373,Yes,0
,29.0,43477.51,607.37,5.0,5.75,6.22,0.371,No,0
,51.0,93400.0,1747.11,3.0,10.79,52.1,0.132,No,0
ATM,45.0,32902.32,12585.46,1.0,6.95,16.61,0.073,No,0
POS,33.0,49085.41,7459.79,,2.65,37.76,0.377,Yes,0
Online,51.0,38368.22,4848.05,3.0,7.25,13.62,0.297,No,0
ATM,44.0,58629.91,2084.79,2.0,3.39,9.1,0.134,Yes,0
Online,33.0,31656.64,925.61,2.0,2.81,13.38,0.332,No,0
ATM,34.0,107124.48,3014.15,4.0,6.54,31.56,0.29,No,0
POS,40.0,21028.67,7591.02,2.0,1.97,10.04,0.123,No,0
ATM,27.0,97380.75,3766.56,3.0,5.14,22.26,0.45,Yes,0
Online,36.0,46859.67,512.02,3.0,7.02,28.04,0.195,No,0
Online,39.0,57699.79,2775.7,,10.73,19.4,0.155,No,0
POS,18.0,82039.32,368.97,3.0,6.92,21.87,0.145,No,0
Online,34.0,66195.35,5587.18,4.0,0.59,22.29,0.26,Yes,0
Online,33.0,32399.74,1250.17,2.0,1.06,9.84,0.193,No,0
ATM,47.0,58950.78,735.78,6.0,10.18,15.39,0.416,Yes,0
ATM,18.0,104274.39,5664.52,2.0,3.1,9.28,0.131,Yes,0
Online,32.0,30186.09,4373.96,7.0,0.45,14.75,0.201,No,1
Transfer,31.0,116740.71,3154.06,4.0,1.99,33.52,0.274,No,0
ATM,47.0,53529.27,22376.22,8.0,7.38,33.24,0.13,No,0
Transfer,,37029.32,4717.55,5.0,5.34,22.54,0.465,No,0
POS,,30104.73,1311.71,3.0,6.94,18.82,0.351,No,1
POS,43.0,40698.18,4201.72,3.0,4.9,26.76,0.088,No,0
POS,31.0,18667.56,1878.01,7.0,1.69,21.79,0.416,Yes,1
POS,39.0,37330.19,8873.32,5.0,0.1,14.63,0.42,No,0
Transfer,32.0,39978.64,3311.06,5.0,2.5,18.13,0.128,No,0
Online,45.0,27748.35,3655.43,2.0,5.37,7.36,0.382,No,0
Online,21.0,63003.66,590.92,4.0,1.45,6.53,0.132,No,0
Online,27.0,40781.06,2658.18,4.0,7.95,47.3,0.158,No,0
Transfer,41.0,33803.18,2363.22,1.0,2.0,31.38,0.053,No,0
POS,49.0,38871.53,897.7,5.0,0.1,12.22,0.279,No,0
POS,18.0,52797.34,2003.29,5.0,5.0,18.12,0.243,No,0
ATM,51.0,46507.43,,3.0,7.28,13.85,0.324,No,0
Transfer,34.0,,2489.15,6.0,9.48,17.86,0.208,No,0
Online,18.0,47617.8,609.08,4.0,0.16,31.82,0.217,No,0
ATM,18.0,43985.42,1902.32,5.0,9.27,1.25,0.436,No,0
Transfer,19.0,26947.85,1565.59,3.0,5.56,25.77,0.255,No,0
Online,36.0,39521.13,3033.76,2.0,3.14,5.72,0.227,No,0
ATM,35.0,58402.85,2723.24,,7.04,107.49,0.235,No,0
POS,43.0,58213.93,1656.45,2.0,9.07,37.1,0.423,No,0
POS,30.0,40576.07,1593.01,8.0,0.1,4.88,0.321,No,0
POS,24.0,61020.52,2673.83,7.0,3.71,5.07,0.142,No,0
Online,31.0,28953.25,6548.71,6.0,3.37,10.74,0.498,No,0
Online,36.0,29359.55,3303.33,5.0,6.88,17.82,0.252,No,0
Online,39.0,40189.18,10374.6,3.0,9.38,10.1,0.135,Yes,0
Online,27.0,88284.74,7763.88,1.0,5.22,11.37,0.461,No,0
POS,46.0,48430.3,11167.11,4.0,4.12,1.7,0.174,No,0
POS,29.0,39755.49,9824.88,0.0,6.34,79.11,0.237,No,0
Online,26.0,90154.48,11932.2,6.0,4.3,17.44,0.032,No,0
POS,30.0,39548.99,789.11,3.0,0.1,57.44,0.134,No,0
,48.0,123013.3,4776.54,3.0,6.55,11.28,0.155,No,0
POS,35.0,35751.24,8453.76,2.0,7.96,72.37,0.323,No,0
Transfer,28.0,28542.22,10128.14,4.0,8.22,27.82,0.217,No,0
POS,46.0,41754.18,1156.7,10.0,1.53,19.01,0.25,No,0
ATM,60.0,40228.45,4824.33,4.0,6.82,51.12,0.21,No,0
Online,38.0,31286.56,,2.0,9.6,5.16,0.41,No,0
ATM,50.0,,15852.88,2.0,12.59,18.27,0.338,No,0
Transfer,47.0,51937.68,624.38,4.0,6.44,15.29,0.023,No,0
ATM,29.0,55455.16,1158.36,6.0,7.95,37.3,0.465,No,0
POS,36.0,36554.96,408.88,7.0,2.02,2.81,0.451,No,0
POS,22.0,34699.01,2888.99,6.0,1.63,12.74,0.166,No,0
POS,34.0,71390.42,24049.9,5.0,7.96,1.74,0.152,No,0
,29.0,21168.91,2391.57,1.0,0.1,13.41,0.243,Yes,0
ATM,32.0,26906.65,2765.78,2.0,5.47,45.02,0.269,No,0
Transfer,28.0,40260.61,4334.17,3.0,9.29,13.43,0.285,No,0
POS,33.0,,2225.54,4.0,7.14,8.97,0.347,No,0
Online,,38020.67,3604.98,5.0,7.12,31.05,0.246,Yes,0
POS,35.0,54267.78,3700.63,3.0,4.85,9.6,0.082,No,0
Online,18.0,45565.02,1073.3,7.0,3.77,41.02,0.072,No,0
Online,28.0,,2275.6,6.0,11.46,55.83,0.098,No,0
Online,19.0,22054.95,5249.98,4.0,8.7,19.97,0.246,Yes,0
ATM,,62667.69,6327.26,4.0,7.54,27.18,0.113,No,0
Online,42.0,41147.29,9159.51,5.0,5.08,43.57,0.266,No,0
Online,39.0,68228.36,3496.38,4.0,3.25,19.48,0.238,No,0
Online,27.0,31124.2,3568.25,4.0,8.24,3.97,0.177,No,0
Transfer,39.0,45496.68,5293.48,6.0,4.08,46.74,0.568,Yes,0
POS,31.0,42971.39,1379.22,2.0,5.24,27.59,0.128,Yes,0
Online,23.0,28661.84,1323.81,2.0,6.85,14.51,0.196,Yes,0
Online,44.0,25291.71,2206.69,2.0,5.63,5.74,0.466,No,0
POS,45.0,34656.23,698.57,7.0,9.65,13.43,0.125,Yes,0
Online,46.0,47709.55,3755.39,4.0,1.04,23.86,0.204,No,0
POS,29.0,,,,5.2,26.14,0.085,No,0
POS,49.0,38788.72,1229.06,6.0,11.41,33.75,0.051,No,0
Transfer,31.0,19260.45,3862.98,3.0,7.69,48.85,0.506,Yes,0
Online,43.0,38086.89,1332.64,4.0,4.41,32.46,0.39,No,0
POS,30.0,71327.11,904.58,5.0,7.4,19.15,0.224,No,0
Online,34.0,61805.58,19528.05,1.0,4.86,11.37,0.15,No,0
Transfer,18.0,43273.81,917.65,3.0,9.4,8.54,0.57,No,0
Transfer,33.0,50214.62,695.57,5.0,7.46,35.83,0.312,No,0
ATM,37.0,30998.7,,5.0,2.4,18.2,0.577,No,0
POS,31.0,93471.81,3270.07,4.0,5.72,6.97,0.066,No,0
Online,55.0,,4872.09,5.0,6.26,26.29,0.223,No,0
ATM,23.0,48464.58,18495.34,6.0,6.4,25.27,0.024,No,1
ATM,30.0,144383.23,1149.31,6.0,5.96,77.19,0.129,No,0
Online,26.0,33134.68,1401.94,0.0,6.69,1.95,0.517,Yes,0
,30.0,25627.78,12492.1,,6.26,4.33,0.078,Yes,0
POS,47.0,32698.58,6394.35,3.0,2.84,2.23,0.164,No,0
ATM,52.0,40767.77,5564.3,2.0,3.63,8.95,0.238,No,0
POS,28.0,127369.52,1386.0,0.0,4.24,17.88,0.273,No,0
POS,28.0,39651.98,7707.38,5.0,5.29,14.43,0.074,No,0
POS,23.0,30563.83,5581.59,5.0,4.25,52.32,0.207,Yes,0
Online,50.0,30034.78,3021.73,2.0,8.31,14.89,0.183,No,0
POS,48.0,75164.0,1392.87,4.0,2.12,2.6,0.383,No,0
Online,35.0,70488.41,2781.49,4.0,0.1,68.87,0.312,Yes,0
ATM,21.0,36168.82,12997.77,5.0,10.9,36.01,0.142,No,0
POS,22.0,19347.43,837.21,5.0,2.55,34.5,0.351,No,0
POS,38.0,27080.0,1123.55,3.0,8.3,5.75,0.069,No,0
Online,42.0,97633.65,1334.41,3.0,6.83,20.75,0.106,No,0
Online,18.0,61351.89,1657.76,1.0,2.65,45.7,0.064,No,0
POS,32.0,46345.31,2460.97,2.0,4.6,39.79,0.127,No,0
,54.0,104338.19,6519.92,1.0,4.15,9.73,0.192,No,0
Online,34.0,108625.84,3965.79,4.0,6.07,17.95,0.42,Yes,0
ATM,52.0,44278.08,2656.82,3.0,2.7,39.92,0.137,,0
POS,,44645.57,3297.89,0.0,4.47,20.85,0.434,Yes,0
POS,,34630.73,4665.9,4.0,4.89,14.18,0.592,No,0
POS,33.0,39590.57,465.14,5.0,8.31,6.71,0.116,Yes,0
ATM,35.0,23053.47,7300.0,5.0,3.77,17.93,0.186,No,0
Online,26.0,23011.37,1094.04,2.0,2.07,49.53,0.131,No,0
,25.0,20727.6,1604.45,5.0,3.37,45.07,0.607,Yes,0
Transfer,53.0,73303.92,3513.9,5.0,6.1,24.77,0.287,No,0
POS,25.0,22287.62,2318.42,2.0,0.1,22.64,0.136,Yes,0
POS,48.0,108217.76,4068.28,3.0,8.59,33.08,0.221,No,0
ATM,31.0,32394.62,2880.95,,5.06,23.25,0.199,No,0
POS,36.0,,1871.91,2.0,6.3,23.23,0.363,Yes,0
POS,42.0,,11531.11,5.0,5.66,4.2,0.26,No,0
POS,29.0,22239.69,5075.15,3.0,3.0,7.29,0.388,No,0
Online,,80187.13,3381.8,,1.75,30.2,0.153,,0
Online,18.0,84563.44,4996.86,4.0,2.9,21.48,0.159,No,0
POS,41.0,29932.34,1234.86,5.0,0.48,19.4,0.246,No,0
Online,18.0,38761.17,22000.44,5.0,6.04,14.0,0.315,No,0
POS,34.0,29935.78,842.53,3.0,4.51,49.2,0.072,No,0
POS,45.0,42624.34,2799.55,2.0,0.4,30.81,0.037,No,0
Transfer,43.0,47237.38,1877.36,7.0,3.15,26.76,0.168,Yes,0
Online,22.0,38418.54,115294.74,,6.96,6.77,0.457,No,0
POS,23.0,,1587.3,4.0,8.88,26.71,0.488,No,0
POS,28.0,34648.93,1155.55,2.0,1.15,89.21,0.188,No,0
Online,38.0,61759.38,8204.09,3.0,11.48,3.15,0.472,No,0
Online,18.0,40962.53,749.45,6.0,2.12,35.77,0.405,No,0
Online,36.0,38834.7,6684.92,7.0,0.1,19.44,0.438,,0
Online,39.0,29601.15,4781.85,5.0,10.27,19.09,0.469,No,0
Online,33.0,34197.05,1708.13,3.0,1.88,42.26,0.348,No,0
POS,42.0,84833.38,4258.42,3.0,9.57,9.61,0.221,No,0
POS,38.0,26944.06,2134.84,1.0,3.01,13.96,0.363,No,0
Online,30.0,62242.18,831.34,7.0,4.12,16.26,0.269,No,0
Online,18.0,45963.03,840.18,,1.08,8.93,0.086,No,1
Online,37.0,50240.79,4814.98,8.0,8.83,15.76,0.498,No,0
POS,26.0,32365.8,4571.59,6.0,8.42,10.03,0.189,No,0
Online,30.0,38411.72,3184.52,5.0,3.02,19.94,0.141,No,0
POS,,44884.32,1690.08,7.0,4.78,36.56,0.299,No,0
Online,,35600.6,2066.51,1.0,6.99,8.59,0.36,Yes,1
Online,36.0,52237.83,1805.32,3.0,3.59,21.92,0.536,No,0
Transfer,42.0,55285.47,435.76,2.0,9.09,18.56,0.392,No,0
Online,20.0,119627.23,2657.92,4.0,4.68,17.97,0.315,No,0
Online,39.0,51001.14,4215.4,4.0,3.44,8.07,0.295,Yes,0
Online,35.0,19032.6,2674.87,2.0,0.25,42.67,0.249,No,0
Transfer,50.0,75945.89,14664.65,1.0,1.12,42.66,0.228,Yes,0
POS,30.0,41055.33,915.51,4.0,6.77,17.61,0.084,No,0
POS,33.0,111277.7,1290.7,4.0,5.71,34.15,0.111,No,0
Transfer,48.0,87232.63,2855.68,6.0,7.45,11.33,0.266,No,0
Online,,35848.16,,5.0,3.31,36.98,0.028,No,0
Transfer,,62272.43,373.47,2.0,0.1,8.41,0.26,No,0
Online,64.0,34445.65,4567.6,2.0,3.51,7.21,0.222,Yes,0
POS,24.0,45054.52,3204.67,2.0,11.11,20.68,0.167,No,0
,35.0,60998.89,300.26,6.0,2.11,62.1,0.134,No,0
POS,40.0,74255.55,2224.61,4.0,4.89,6.68,0.329,No,0
Transfer,39.0,67323.21,1113.77,5.0,0.1,3.39,0.224,No,0
Online,34.0,46544.45,1588.78,6.0,3.44,36.53,0.123,Yes,0
Transfer,34.0,137579.68,655.86,3.0,3.76,21.55,0.107,Yes,0
POS,33.0,38183.49,3790.43,5.0,6.0,23.38,0.15,No,0
POS,24.0,21832.99,14556.93,2.0,4.05,14.39,0.127,No,0
Transfer,60.0,23808.62,3258.65,4.0,0.44,28.81,0.65,Yes,0
Online,34.0,87353.75,288.49,2.0,3.01,34.24,0.272,No,0
Transfer,43.0,43474.24,3326.39,3.0,4.39,5.2,0.296,No,0
,32.0,48338.98,2057.83,3.0,2.01,4.15,0.162,Yes,0
ATM,32.0,35252.16,831.34,3.0,2.45,7.48,0.365,No,0
Online,31.0,36706.23,3560.55,4.0,8.02,10.93,0.105,No,0
POS,19.0,31578.27,6025.83,3.0,3.13,16.45,0.109,No,0
POS,34.0,55627.65,1281.2,6.0,6.32,21.11,0.324,Yes,0
POS,32.0,43070.64,483.14,6.0,4.47,30.76,0.192,Yes,0
Online,49.0,54730.16,334.41,2.0,1.31,10.86,0.207,,0
Online,23.0,52426.37,1284.8,4.0,4.0,35.33,0.08,No,0
Transfer,30.0,37151.98,2139.96,3.0,5.87,21.46,0.31,No,0
Online,26.0,23341.52,1492.25,5.0,10.21,24.25,0.113,No,0
ATM,52.0,22444.66,1262.39,4.0,2.68,5.18,0.221,No,0
Transfer,26.0,175678.52,4411.39,7.0,4.74,8.91,0.451,No,0
Online,42.0,87517.65,3971.39,5.0,7.73,13.65,0.359,No,1
Online,47.0,82248.46,3052.27,6.0,8.78,109.84,0.179,Yes,0
POS,34.0,33217.92,5656.35,2.0,3.05,34.78,0.622,No,0
Online,21.0,45192.98,1296.91,5.0,4.53,17.27,0.149,No,0
POS,21.0,31179.14,836.72,2.0,8.34,11.68,0.163,No,0
POS,45.0,24933.83,1482.84,5.0,6.53,64.24,0.283,No,0
POS,22.0,34526.06,1384.01,1.0,8.1,22.41,0.095,No,0
POS,40.0,81732.01,321.42,3.0,8.51,9.15,0.331,No,0
POS,37.0,65693.36,1448.78,8.0,6.66,7.22,0.385,No,0
POS,40.0,29082.62,7546.93,5.0,5.43,27.42,0.377,No,0
Online,41.0,39055.95,5568.6,5.0,2.99,17.14,0.508,No,0
POS,26.0,63039.9,4226.92,4.0,4.27,40.48,0.121,No,0
Transfer,,34803.76,,5.0,4.47,6.51,0.104,Yes,0
POS,44.0,46640.83,10646.05,3.0,8.6,35.65,0.005,No,0
POS,29.0,53919.59,865.99,1.0,5.53,37.91,0.25,No,0
Online,18.0,53655.35,952.62,2.0,5.56,46.75,0.215,No,0
Online,43.0,50452.28,7695.12,3.0,2.02,10.2,0.289,No,0
Online,25.0,33531.95,2569.97,5.0,8.61,35.74,0.037,No,0
Online,41.0,35118.35,1277.76,7.0,2.7,14.05,0.289,No,0
Transfer,51.0,27018.45,105301.54,4.0,4.15,8.16,0.244,No,0
,36.0,22288.28,1612.56,5.0,8.93,17.5,0.223,No,0
ATM,47.0,42735.31,1081.95,7.0,7.66,2.19,0.372,Yes,0
Online,38.0,64973.49,1052.26,3.0,2.45,24.19,0.08,No,0
Online,53.0,24180.23,3448.16,4.0,1.76,18.04,0.121,No,0
POS,24.0,50881.55,3071.32,3.0,4.39,4.71,0.164,No,0
,36.0,64055.28,11393.44,6.0,3.27,24.66,0.12,No,0
ATM,43.0,19690.42,1870.49,3.0,0.6,34.29,0.117,No,0
Transfer,34.0,39841.18,,2.0,2.74,16.41,0.174,No,0
Transfer,49.0,,10547.87,4.0,0.1,12.78,0.41,,0
Online,31.0,57687.24,6698.86,3.0,7.71,28.1,0.222,No,0
ATM,59.0,19393.86,2889.81,5.0,7.52,51.01,0.453,No,0
Online,59.0,60516.45,,4.0,9.23,15.73,0.133,No,0
Transfer,39.0,32142.56,1110.08,6.0,6.06,68.88,0.482,No,0
POS,42.0,61420.93,871.27,4.0,3.66,42.44,0.247,No,0
Online,49.0,32987.4,2592.81,5.0,8.07,13.31,0.117,No,0
Online,23.0,43938.81,1503.73,5.0,2.9,9.4,0.136,No,1
Online,22.0,35331.26,12418.6,4.0,1.02,28.87,0.068,No,0
Online,50.0,45063.99,519.37,4.0,4.56,6.68,0.185,No,0
Transfer,39.0,34861.62,782.67,4.0,6.23,6.68,0.156,No,0
ATM,34.0,40693.58,3192.87,3.0,2.56,13.97,0.13,No,0
Transfer,36.0,26513.13,4211.11,,1.86,13.21,0.269,No,0
Online,18.0,56118.15,188.09,4.0,3.75,60.09,0.13,No,0
POS,34.0,48693.27,440.82,3.0,6.24,37.34,0.177,No,0
Online,28.0,21741.5,1920.69,7.0,4.56,38.41,0.236,No,0
POS,46.0,70349.45,9702.02,1.0,12.91,28.11,0.318,No,0
Online,47.0,41568.09,,2.0,4.59,13.94,0.163,No,0
Online,42.0,48397.86,1651.68,3.0,7.25,16.17,0.398,No,0
POS,40.0,63479.39,2107.8,1.0,0.65,26.3,0.438,No,0
Online,20.0,52162.9,1082.66,3.0,6.76,8.04,0.448,No,0
POS,42.0,76020.57,4709.1,4.0,3.61,7.99,0.096,No,0
POS,43.0,39436.02,11528.48,5.0,4.97,34.68,0.081,No,0
Online,50.0,,8778.55,2.0,10.06,30.35,0.119,No,0
Transfer,59.0,47559.36,2428.54,1.0,3.88,7.44,0.288,No,0
POS,18.0,56548.44,1080.86,7.0,1.08,7.22,0.386,No,0
ATM,32.0,53962.84,2520.58,2.0,1.54,7.61,0.041,Yes,0
POS,28.0,78648.7,9945.07,3.0,5.52,34.12,0.09,No,0
ATM,38.0,62258.69,1674.93,3.0,5.36,41.27,0.018,No,0
ATM,36.0,36867.74,406.92,4.0,5.23,8.25,0.331,Yes,0
Transfer,33.0,,1744.17,4.0,1.14,22.01,0.098,No,0
POS,47.0,44003.67,1891.3,4.0,11.08,7.92,0.531,No,0
Online,24.0,31964.21,404.54,2.0,9.39,47.88,0.455,No,0
Online,25.0,28027.21,3152.92,2.0,5.39,3.73,0.403,No,0
POS,25.0,17271.17,4146.63,2.0,0.44,24.14,0.155,No,0
Online,32.0,22409.71,16057.62,3.0,9.75,13.81,0.519,No,0
Online,22.0,109957.66,659.62,3.0,8.41,8.18,0.115,Yes,0
Online,35.0,33489.68,5190.41,6.0,5.31,5.04,0.467,No,0
POS,34.0,105976.74,6574.03,6.0,8.6,6.66,0.79,No,0
Online,27.0,53951.31,4203.48,3.0,3.52,16.06,0.279,No,0
POS,46.0,44003.6,913.46,3.0,2.12,10.93,0.079,No,0
ATM,35.0,22905.8,861.88,4.0,5.47,21.34,0.17,No,0
ATM,48.0,45094.64,2755.19,5.0,0.34,62.16,0.122,Yes,0
Online,34.0,105440.33,2735.92,5.0,1.67,36.38,0.051,Yes,0
POS,36.0,90703.78,1428.83,3.0,6.63,34.47,0.202,No,0
POS,30.0,50910.54,9096.85,2.0,5.72,33.7,0.26,No,0
POS,36.0,26836.47,1674.54,5.0,0.86,27.32,0.14,,0
POS,44.0,29251.71,376.28,2.0,3.77,40.9,0.232,No,0
Online,31.0,30661.14,1998.17,6.0,0.99,12.34,0.138,No,0
Transfer,42.0,79984.45,4041.29,5.0,3.53,27.34,0.379,Yes,0
Online,27.0,93778.6,3519.26,3.0,3.21,3.42,0.039,No,0
ATM,44.0,49146.92,3492.14,4.0,7.98,34.04,0.259,No,0
POS,30.0,39262.75,11137.08,2.0,4.53,20.87,0.06,No,0
Online,45.0,90340.17,819.96,6.0,4.27,18.37,0.206,No,0
ATM,37.0,28971.26,1636.54,3.0,3.82,7.49,0.014,No,0
Online,53.0,46061.75,11720.56,1.0,0.1,5.6,0.421,No,0
ATM,23.0,55423.14,349.57,6.0,4.7,13.17,0.265,No,0
POS,20.0,30520.61,2369.3,3.0,6.45,20.82,0.311,No,0
Online,29.0,33801.36,8543.85,4.0,5.69,36.91,0.229,No,0
Online,21.0,32638.11,8417.45,3.0,7.08,40.95,0.306,No,0
ATM,21.0,85130.86,4837.54,5.0,7.22,37.71,0.172,No,0
Online,43.0,106498.17,4961.61,5.0,11.59,28.72,0.234,No,0
Transfer,36.0,47385.64,882.73,2.0,1.61,5.38,0.025,No,0
ATM,31.0,39883.56,9869.68,1.0,5.7,18.43,0.247,Yes,0
POS,32.0,34354.53,752.94,6.0,6.04,51.48,0.143,No,0
Online,29.0,45035.38,799.22,4.0,4.04,62.27,0.593,Yes,0
,54.0,35130.25,3684.61,4.0,3.1,5.23,0.115,No,0
Transfer,28.0,43077.42,1526.96,3.0,6.5,13.8,0.424,No,0
Online,21.0,54196.55,3074.02,7.0,6.21,53.64,0.131,No,0
Online,45.0,37497.4,3846.09,6.0,1.84,41.66,0.096,No,0
Online,34.0,41320.05,14796.65,5.0,0.1,19.84,0.158,Yes,0
POS,58.0,41396.98,3857.48,3.0,3.53,24.52,0.284,No,0
ATM,30.0,39007.7,1346.83,4.0,2.98,27.66,0.058,No,0
POS,45.0,36892.6,4917.39,2.0,6.81,42.65,0.256,No,0
POS,48.0,,1088.21,2.0,2.23,41.84,0.411,,0
Online,30.0,,6230.44,2.0,4.47,15.11,0.15,No,0
Online,28.0,91385.65,2666.91,5.0,0.1,51.34,0.329,No,0
Online,44.0,47829.89,3731.59,5.0,0.35,55.51,0.16,No,0
Transfer,42.0,59214.73,421.32,5.0,2.69,16.93,0.095,No,0
POS,20.0,62361.46,263.3,4.0,4.25,53.47,0.427,No,0
POS,24.0,32721.61,557.03,5.0,2.54,16.73,0.536,No,0
ATM,18.0,29820.65,14325.79,5.0,5.43,33.22,0.045,No,0
Online,43.0,28279.62,793.05,4.0,0.1,58.96,0.231,No,1
Online,33.0,40264.97,5199.7,2.0,4.35,46.21,0.339,No,0
Online,34.0,61639.6,1315.72,3.0,4.39,10.97,0.397,No,0
Transfer,18.0,34604.01,1966.51,3.0,0.66,27.3,0.323,No,0
ATM,24.0,59159.18,2390.66,7.0,5.69,30.72,0.234,No,0
POS,31.0,15504.0,,8.0,0.1,24.07,0.163,No,1
Online,29.0,37832.07,4485.26,5.0,2.94,11.9,0.265,No,0
Online,37.0,76086.76,3674.16,9.0,7.36,11.25,0.152,No,0
POS,42.0,41667.67,9143.01,3.0,0.1,17.52,0.107,No,0
POS,61.0,30986.38,1327.23,8.0,7.01,5.51,0.036,No,0
Transfer,36.0,33484.51,7276.38,2.0,1.5,30.06,0.123,No,0
,48.0,15000.0,6157.02,3.0,3.23,65.83,0.62,,0
POS,27.0,28541.28,6087.21,5.0,9.22,19.32,0.429,No,0
ATM,18.0,72415.55,2141.0,6.0,3.12,11.28,0.377,No,0
Transfer,32.0,34622.07,1614.42,1.0,9.84,6.82,0.361,No,0
POS,,36511.14,1047.56,7.0,4.08,43.88,0.287,No,0
POS,36.0,15757.98,1115.28,4.0,4.75,27.5,0.34,No,0
Transfer,27.0,21601.99,999.28,6.0,7.53,24.01,0.27,No,0
Online,18.0,76875.3,3607.95,2.0,6.63,27.71,0.198,No,0
Transfer,55.0,59408.95,1989.64,5.0,5.46,28.1,0.279,No,0
Online,30.0,25098.67,3848.53,7.0,3.61,30.23,0.119,No,0
POS,18.0,33882.71,4072.16,5.0,0.35,26.23,0.315,No,0
ATM,46.0,44413.12,866.35,0.0,0.49,33.83,0.198,No,0
POS,28.0,26269.41,840.74,7.0,8.94,28.79,0.619,No,0
POS,48.0,18261.55,1989.0,4.0,10.1,3.24,0.229,Yes,0
POS,28.0,41888.77,1151.62,4.0,5.39,10.49,0.1,Yes,0
Online,30.0,58226.25,1036.53,7.0,0.1,10.46,0.273,No,0
Online,40.0,58732.8,13625.97,3.0,2.68,11.37,0.208,No,0
Online,43.0,66720.97,,3.0,2.53,7.56,0.362,No,0
POS,44.0,22366.44,18903.65,6.0,3.33,25.56,0.066,No,0
POS,35.0,46187.92,3337.32,2.0,2.35,34.82,0.275,Yes,0
Online,42.0,39879.38,6702.82,4.0,6.56,4.31,0.483,No,0
Transfer,44.0,43267.99,,6.0,5.74,8.5,0.192,No,0
POS,38.0,40909.44,4633.21,3.0,9.74,5.19,0.311,Yes,0
POS,34.0,33430.24,13172.38,3.0,3.83,2.47,0.242,No,0
POS,20.0,15000.0,846.94,3.0,5.6,20.96,0.114,Yes,0
,43.0,75905.23,2138.09,1.0,7.22,3.11,0.279,No,0
ATM,36.0,52203.94,1065.5,2.0,8.07,20.16,0.353,No,0
POS,31.0,23074.59,458.5,2.0,1.3,24.09,0.123,No,0
Online,50.0,55677.26,1290.53,4.0,6.21,19.42,0.17,Yes,0
Transfer,20.0,36795.49,16262.12,,5.44,19.68,0.171,No,0
ATM,54.0,37267.62,2101.86,4.0,5.91,17.56,0.319,No,0
ATM,36.0,31844.86,18170.63,4.0,5.18,36.91,0.392,No,0
Transfer,39.0,57298.89,,3.0,10.14,55.89,0.315,No,0
Transfer,32.0,31397.93,49969.91,4.0,2.33,25.5,0.189,No,0
Online,18.0,27469.79,16806.8,6.0,2.15,10.84,0.391,No,1
POS,34.0,74884.55,26427.96,8.0,2.54,8.39,0.094,No,0
POS,40.0,41519.61,3460.66,3.0,4.13,2.91,0.518,No,0
Online,,42110.35,3141.24,2.0,5.88,48.37,0.399,Yes,0
Online,,61452.92,3357.28,3.0,3.63,15.93,0.453,No,0
Online,18.0,33323.02,2500.16,2.0,8.02,16.85,0.2,No,0
POS,19.0,36451.9,2903.61,8.0,4.99,20.59,0.165,No,0
ATM,59.0,51636.79,5304.06,8.0,4.71,13.2,0.584,No,0
ATM,24.0,22489.37,1569.05,5.0,1.01,23.64,0.554,Yes,0
Online,52.0,49707.56,630.44,4.0,10.46,24.63,0.269,Yes,0
Online,26.0,32027.42,3596.31,2.0,4.86,27.19,0.08,No,0
POS,34.0,66130.18,1250.43,2.0,9.91,5.17,0.243,Yes,0
POS,43.0,57550.39,1386.83,5.0,3.13,1.8,0.224,No,0
Transfer,27.0,54228.64,2167.42,7.0,7.49,35.83,0.285,No,0
Transfer,54.0,21835.37,1723.14,5.0,3.31,16.41,0.196,No,0
Transfer,37.0,42954.21,,7.0,10.46,9.65,0.056,Yes,0
Transfer,41.0,26493.32,2116.05,1.0,8.36,38.92,0.578,Yes,0
Transfer,33.0,44259.66,7978.42,4.0,7.55,10.01,0.198,No,0
POS,43.0,15875.65,3071.93,3.0,2.83,9.09,0.403,No,0
Online,53.0,22494.89,2288.19,7.0,10.72,12.37,0.438,No,0
Online,35.0,76840.17,2928.56,3.0,11.11,10.69,0.09,No,0
POS,55.0,53129.72,687.06,4.0,3.86,10.92,0.125,Yes,0
Online,29.0,,3505.62,6.0,5.48,33.22,0.169,No,0
Online,44.0,29896.1,5844.38,3.0,7.78,50.69,0.267,No,0
Transfer,41.0,27625.75,6733.81,5.0,0.1,7.83,0.389,No,0
Online,24.0,49241.29,646.69,4.0,8.44,19.95,0.562,Yes,0
Transfer,38.0,38552.77,547.34,5.0,8.07,11.11,0.298,Yes,0
ATM,36.0,90256.33,1461.51,2.0,3.31,41.58,0.445,Yes,0
POS,27.0,,9983.69,5.0,0.1,25.39,0.175,No,0
POS,40.0,46204.94,3118.23,9.0,6.0,20.33,0.298,Yes,0
Online,,24090.94,1152.11,2.0,1.6,32.1,0.22,Yes,0
POS,35.0,38257.81,584.7,2.0,0.24,38.64,0.349,Yes,0
Online,35.0,48730.67,1261.5,5.0,6.11,31.51,0.092,No,0
Transfer,35.0,38050.3,1179.09,1.0,8.95,30.71,0.142,No,0
Online,32.0,36166.37,6371.97,6.0,4.34,55.02,0.35,No,1
Online,38.0,52131.63,6881.49,6.0,8.56,26.74,0.229,No,0
,29.0,88973.0,874.93,5.0,6.99,9.37,0.223,No,0
POS,65.0,48033.5,5309.28,3.0,0.88,22.09,0.319,No,0
POS,20.0,75304.98,4792.48,8.0,3.34,13.8,0.195,Yes,0
POS,30.0,59524.24,768.44,1.0,8.24,52.56,0.189,,0
Online,30.0,73304.46,2298.99,0.0,3.31,14.81,0.148,No,0
POS,58.0,34202.15,3515.25,1.0,7.46,15.22,0.009,No,0
Online,,40998.9,2943.28,7.0,3.77,17.37,0.036,No,0
Online,41.0,41075.6,451.92,2.0,7.16,23.92,0.127,No,0
Online,39.0,,2850.44,5.0,6.29,11.62,0.398,No,0
Online,40.0,64279.98,4723.53,5.0,4.26,11.63,0.163,No,0
Online,50.0,,12132.46,2.0,7.08,9.25,0.097,No,0
POS,49.0,66765.1,1280.82,3.0,0.1,48.95,0.212,No,0
Online,31.0,34923.62,1448.95,2.0,1.74,29.5,0.289,No,0
Online,38.0,,2028.76,5.0,3.61,16.39,0.26,No,1
POS,18.0,71077.92,3345.13,7.0,8.52,13.0,0.506,No,0
Online,37.0,61040.39,2754.7,4.0,0.66,8.85,0.385,No,0
POS,27.0,47800.63,4574.96,5.0,4.9,14.58,0.207,No,0
Transfer,,62032.47,811.48,2.0,5.95,16.53,0.459,No,0
POS,18.0,30095.04,3717.85,4.0,5.74,42.17,0.184,No,0
Transfer,40.0,49201.57,1190.15,3.0,4.7,8.43,0.219,No,0
Online,,51515.99,2166.16,5.0,3.14,23.2,0.401,No,0
Online,38.0,24738.99,13794.97,,4.26,28.68,0.48,No,0
ATM,23.0,55713.66,617.58,2.0,7.92,10.61,0.426,Yes,0
ATM,27.0,25653.86,1890.47,4.0,2.94,4.01,0.021,No,0
ATM,49.0,37117.9,698.82,3.0,0.1,22.59,0.249,No,0
Online,42.0,45812.41,2913.51,6.0,6.4,8.74,0.221,No,0
ATM,49.0,32389.4,7131.51,2.0,9.49,25.03,0.077,Yes,0
POS,53.0,46703.16,2962.24,7.0,1.85,22.84,0.082,Yes,0
Online,27.0,46368.17,2224.6,3.0,9.08,36.19,0.488,No,0
Online,52.0,31111.6,9437.52,4.0,6.56,38.28,0.15,Yes,0
Transfer,20.0,58104.96,3479.17,3.0,1.53,4.74,0.065,No,0
Online,44.0,31905.94,5673.79,0.0,2.89,28.77,0.318,No,0
ATM,31.0,125996.1,5111.78,4.0,2.76,24.83,0.012,No,0
POS,26.0,42836.78,140.87,6.0,5.51,24.22,0.072,No,0
ATM,43.0,26564.62,2315.49,3.0,4.46,38.85,0.285,No,0
ATM,46.0,28896.16,850.63,8.0,8.32,9.17,0.172,Yes,0
Transfer,46.0,75420.09,1090.87,0.0,7.55,38.41,0.331,No,0
Online,38.0,37432.68,10923.07,7.0,0.36,28.65,0.178,No,1
Online,37.0,24360.64,1718.56,1.0,0.74,4.0,0.166,No,0
POS,42.0,66077.83,16590.98,6.0,6.84,12.49,0.186,No,0
POS,39.0,37324.66,611.77,,3.45,19.8,0.339,No,0
Online,42.0,60382.62,845.88,5.0,4.48,4.55,0.297,No,0
Online,38.0,68557.12,5358.27,4.0,6.64,28.14,0.392,Yes,0
Online,45.0,50915.69,1776.99,4.0,7.58,38.67,0.441,No,0
Online,18.0,132266.76,3399.47,3.0,1.3,33.94,0.083,No,1
Online,35.0,20708.17,2234.42,8.0,0.1,31.49,0.223,Yes,0
Transfer,21.0,31142.86,2167.8,1.0,4.66,13.55,0.145,No,0
Online,39.0,40104.36,1844.22,5.0,2.44,28.02,0.151,No,0
Transfer,54.0,124485.67,2991.53,2.0,5.2,53.55,0.323,No,0
Transfer,31.0,101064.97,4748.98,3.0,4.73,6.83,0.199,Yes,0
Online,37.0,80364.57,12562.46,7.0,2.07,5.96,0.102,No,0
ATM,44.0,31478.56,2041.69,3.0,11.26,8.96,0.261,No,0
POS,18.0,33174.48,1686.5,6.0,5.05,18.8,0.575,Yes,0
POS,30.0,30994.52,1482.65,3.0,3.28,8.42,0.498,Yes,0
Online,40.0,31630.45,10870.74,3.0,5.3,32.26,0.018,No,0
Online,18.0,88091.81,4985.91,4.0,6.59,20.22,0.488,Yes,0
Online,25.0,40324.82,374.28,5.0,3.1,19.73,0.67,Yes,0
POS,48.0,42797.87,358.14,4.0,11.96,38.78,0.116,,0
Transfer,47.0,63760.67,1090.06,7.0,0.43,4.94,0.347,No,0
POS,40.0,21286.54,3146.96,3.0,0.64,24.43,0.078,Yes,0
ATM,46.0,46078.81,2417.71,3.0,0.2,25.37,0.244,Yes,0
Transfer,38.0,27469.33,4183.17,8.0,5.01,47.67,0.214,No,0
POS,42.0,39416.16,2097.71,1.0,6.42,73.26,0.22,No,0
Online,33.0,34562.63,,4.0,4.01,6.45,0.664,No,0
Transfer,37.0,33769.94,5410.83,4.0,6.41,13.0,0.156,No,0
POS,29.0,49807.93,,3.0,6.37,2.93,0.11,No,0
Online,50.0,49710.12,,6.0,3.92,8.04,0.374,No,0
POS,,40761.71,480.65,5.0,6.28,49.99,0.271,No,0
,51.0,53168.73,2296.11,2.0,4.41,33.57,0.159,No,0
Online,32.0,30440.86,,6.0,3.77,16.18,0.267,No,0
POS,26.0,61152.83,4564.58,5.0,3.5,18.44,0.204,No,0
Online,50.0,41012.34,449.83,3.0,5.7,6.33,0.299,No,0
Online,42.0,36198.36,1926.84,4.0,8.65,7.18,0.071,No,0
Online,40.0,31469.57,3731.28,7.0,1.38,19.24,0.547,Yes,0
ATM,29.0,40367.85,4028.74,4.0,3.56,11.99,0.25,Yes,0
Transfer,41.0,104423.02,8185.96,3.0,5.49,32.45,0.131,No,0
Online,24.0,43735.99,5353.74,3.0,10.27,37.04,0.576,No,0
Online,43.0,26888.02,2352.42,0.0,6.3,12.93,0.117,,0
Online,51.0,68042.4,4909.95,5.0,2.56,25.4,0.106,No,0
Online,54.0,,2044.04,4.0,2.23,18.46,0.399,No,0
POS,44.0,51129.11,2895.23,6.0,7.96,17.97,0.087,No,0
POS,21.0,34264.69,5535.01,1.0,4.06,48.69,0.077,No,0
POS,38.0,80078.75,2389.27,6.0,1.31,5.35,0.405,No,0
POS,,34495.21,3590.46,,8.04,47.67,0.165,No,0
POS,26.0,84411.07,6537.79,11.0,5.92,34.49,0.138,No,0
Online,35.0,28064.21,5096.0,6.0,1.42,24.45,0.077,No,0
Online,52.0,39442.92,8582.82,,0.98,31.85,0.104,No,0
Transfer,43.0,84492.32,25655.01,7.0,0.1,17.52,0.071,No,1
ATM,63.0,48537.7,5049.14,4.0,3.13,12.47,0.378,No,0
Transfer,28.0,125063.57,1576.17,2.0,5.91,9.05,0.187,No,0
Transfer,25.0,39867.01,4170.82,3.0,7.88,35.2,0.326,Yes,0
POS,49.0,50518.1,3995.26,2.0,6.27,22.73,0.187,No,0
Transfer,23.0,106057.32,4617.26,0.0,1.09,59.04,0.217,No,0
POS,34.0,22768.93,11148.52,4.0,4.15,33.02,0.461,No,0
Online,35.0,21534.9,464.02,5.0,9.29,24.44,0.161,No,0
Online,47.0,31458.96,11360.34,5.0,3.46,11.99,0.4,No,0
Online,43.0,64889.14,15906.18,4.0,7.31,13.75,0.222,No,0
Online,41.0,21806.97,4412.15,5.0,6.94,11.13,0.539,No,0
POS,32.0,58870.17,4519.61,2.0,7.28,27.09,0.116,No,0
ATM,49.0,57035.88,1963.34,2.0,6.29,17.1,0.256,No,0
ATM,,111401.2,2515.86,5.0,7.27,12.37,0.131,No,0
POS,,72033.46,5024.08,4.0,0.56,62.32,0.356,No,0
Online,37.0,53010.24,4710.73,5.0,9.55,41.58,0.52,Yes,0
ATM,,82952.84,5139.73,4.0,0.1,19.69,0.665,,0
POS,29.0,57349.79,4678.41,2.0,5.94,21.05,0.44,No,0
Online,34.0,36584.73,6139.12,,4.85,34.16,0.213,No,0
Online,30.0,26885.57,5490.06,3.0,3.12,17.52,0.382,No,0
Online,36.0,34828.92,897.58,4.0,2.07,6.51,0.388,Yes,0
Online,56.0,44195.78,5746.31,1.0,6.65,11.49,0.343,No,0
ATM,50.0,48687.42,16036.66,,7.4,21.31,0.16,No,0
ATM,34.0,17215.75,2434.31,7.0,4.69,21.13,0.591,Yes,0
POS,23.0,40766.49,11198.4,3.0,4.13,4.23,0.145,No,0
Online,51.0,45582.52,999.0,6.0,8.84,33.9,0.142,Yes,0
ATM,35.0,57573.04,2426.69,3.0,3.73,4.53,0.218,No,0
POS,18.0,93571.22,1316.71,4.0,4.87,8.22,0.5,Yes,0
Online,44.0,48920.99,9929.52,6.0,4.39,35.93,0.153,No,0
POS,47.0,29885.08,12894.07,8.0,12.41,16.61,0.201,No,0
POS,18.0,19856.41,2263.91,1.0,2.48,44.21,0.372,No,0
POS,27.0,61302.3,8063.54,5.0,7.49,39.16,0.172,No,0
Online,35.0,30434.39,13025.61,4.0,0.1,6.42,0.553,No,0
POS,44.0,66469.23,2419.04,6.0,2.13,14.51,0.118,No,0
Online,30.0,84394.44,2846.36,4.0,4.07,12.1,0.215,No,0
Online,27.0,22462.09,5206.49,3.0,4.61,13.19,0.136,No,0
Online,44.0,57737.92,1076.54,4.0,4.18,11.69,0.75,No,0
Transfer,31.0,80506.87,2790.97,2.0,4.7,7.89,0.344,Yes,0
,42.0,71181.3,21307.9,6.0,2.93,41.43,0.057,No,0
POS,24.0,17519.1,1516.31,3.0,8.86,8.59,0.475,No,0
Online,21.0,30646.52,5871.54,2.0,2.0,16.1,0.177,Yes,0
Transfer,44.0,25294.36,4221.1,3.0,7.23,8.07,0.475,No,0
POS,39.0,56952.94,2122.35,3.0,7.03,21.95,0.195,No,0
Transfer,46.0,54198.84,3120.35,4.0,2.16,15.62,0.193,Yes,0
Online,30.0,15000.0,14424.25,6.0,3.9,12.59,0.289,No,0
Online,27.0,39302.51,4348.75,4.0,4.99,41.21,0.132,No,0
POS,51.0,64520.72,5084.06,2.0,10.03,17.41,0.353,No,0
Online,19.0,,12393.26,5.0,3.89,18.69,0.173,Yes,1
ATM,50.0,48061.56,1871.76,9.0,15.87,4.2,0.092,No,0
Transfer,51.0,38183.95,877.55,3.0,7.3,21.08,0.387,No,0
POS,45.0,27942.23,14652.9,7.0,6.03,32.64,0.309,,1
Transfer,28.0,44655.94,2865.7,3.0,7.65,9.97,0.36,No,0
POS,27.0,46067.35,6109.78,7.0,0.1,15.58,0.136,No,0
Online,34.0,59354.45,1166.45,6.0,8.52,46.9,0.303,No,0
POS,22.0,61564.63,3687.01,,1.03,12.4,0.154,No,0
Online,25.0,46772.72,834.73,0.0,7.61,29.2,0.127,No,0
ATM,43.0,73653.47,2664.54,5.0,3.22,16.39,0.384,No,0
Online,43.0,38013.69,1307.83,7.0,2.6,41.76,0.194,No,0
,24.0,23496.5,1039.39,4.0,10.32,24.05,0.071,No,0
POS,43.0,55775.61,1846.27,7.0,4.7,10.97,0.232,No,0
Online,41.0,47633.36,252.31,4.0,0.41,6.1,0.063,No,1
Online,53.0,56276.76,783.79,,7.92,53.66,0.519,No,0
POS,42.0,25474.03,5466.86,4.0,1.34,27.18,0.141,No,0
Online,48.0,100737.76,3539.4,3.0,9.08,23.62,0.153,Yes,0
POS,41.0,61953.78,853.94,4.0,4.95,13.9,0.254,No,0
Online,47.0,39530.16,4323.93,4.0,1.18,5.01,0.117,No,0
Online,22.0,29538.92,1038.81,7.0,7.46,24.96,0.097,No,0
Online,35.0,,5146.18,4.0,6.56,24.16,0.223,No,0
ATM,36.0,27408.85,2226.99,3.0,0.1,29.02,0.262,No,0
Transfer,33.0,124496.38,1806.1,3.0,4.81,44.4,0.288,No,0
Online,41.0,34148.55,2282.4,4.0,5.9,22.55,0.323,,0
Transfer,43.0,97601.2,32324.3,2.0,5.72,4.41,0.305,Yes,0
POS,40.0,41415.25,1170.57,5.0,4.45,30.51,0.202,No,0
POS,34.0,91651.97,3135.69,1.0,7.23,54.89,0.697,No,0
ATM,28.0,32329.23,5461.15,3.0,6.71,18.14,0.241,No,0
,48.0,45383.06,954.93,4.0,5.09,17.45,0.307,Yes,0
ATM,40.0,64637.82,507.65,6.0,4.29,16.22,0.12,No,0
POS,25.0,60618.32,1370.52,1.0,5.44,20.3,0.292,No,0
POS,34.0,73847.73,5342.82,6.0,3.19,24.87,0.124,No,0
Online,18.0,,1775.86,7.0,1.93,28.8,0.501,No,0
Online,36.0,46750.56,1984.14,10.0,1.63,12.21,0.501,,1
POS,34.0,78920.21,6215.59,4.0,4.7,12.84,0.304,No,0
Online,30.0,32762.92,1116.22,6.0,2.43,1.0,0.503,No,0
Online,53.0,58224.48,2287.67,5.0,4.52,4.39,0.374,Yes,0
,23.0,40773.83,550.16,4.0,8.99,14.94,0.091,No,0
Online,44.0,49368.17,3445.3,6.0,4.38,25.18,0.42,No,0
POS,60.0,46745.13,3144.95,4.0,5.41,14.17,0.377,No,0
POS,48.0,31561.41,5539.07,2.0,4.31,32.4,0.127,No,0
POS,36.0,40018.85,795.36,2.0,8.92,11.46,0.095,No,0
Online,24.0,48032.7,2063.5,2.0,9.97,12.02,0.22,No,0
POS,21.0,42967.19,696.16,1.0,3.59,39.35,0.122,No,0
POS,31.0,91322.18,1954.6,6.0,7.18,24.59,0.408,No,0
ATM,28.0,70890.93,11002.02,3.0,11.27,35.76,0.176,No,0
POS,28.0,51272.46,1814.01,4.0,1.52,25.43,0.433,No,0
POS,32.0,31920.44,637.86,3.0,7.94,21.06,0.023,No,0
POS,35.0,31057.87,1266.7,3.0,0.1,24.9,0.023,Yes,0
Transfer,41.0,109385.4,499.24,5.0,5.09,7.33,0.27,No,0
ATM,22.0,28565.91,684.22,2.0,4.58,2.57,0.184,,0
POS,28.0,47365.75,4890.42,2.0,0.1,6.67,0.444,No,0
POS,,52936.31,588.61,7.0,8.27,4.29,0.355,No,0
Online,34.0,39117.38,3416.51,4.0,5.44,24.2,0.26,No,0
Transfer,56.0,28664.83,2565.19,6.0,2.22,39.88,0.402,No,0
Online,39.0,31609.54,1469.27,2.0,5.99,7.12,0.548,No,0
Online,18.0,35189.06,3138.17,2.0,7.71,23.14,0.557,Yes,1
Transfer,41.0,32700.51,978.86,6.0,0.1,49.9,0.206,No,0
ATM,42.0,81788.5,5795.81,3.0,0.1,34.4,0.331,No,0
Online,35.0,44815.58,1243.53,5.0,4.87,26.07,0.339,Yes,0
Online,23.0,35550.42,1698.8,9.0,2.7,19.66,0.042,No,0
Online,55.0,47218.87,1508.23,4.0,9.02,24.6,0.479,No,0
POS,24.0,60778.9,4981.67,3.0,3.89,21.7,0.371,No,0
Online,43.0,38535.64,4309.12,2.0,5.93,17.39,0.379,No,0
Transfer,38.0,67528.79,181.7,4.0,4.44,8.34,0.2,No,0
Transfer,43.0,25397.39,3223.71,4.0,0.36,11.93,0.227,No,0
POS,55.0,76229.55,436.79,,5.09,23.37,0.062,No,0
POS,42.0,44819.08,1777.08,6.0,1.02,37.71,0.078,Yes,0
Online,30.0,44038.18,2243.68,4.0,0.87,7.34,0.286,No,0
Online,48.0,32943.9,1758.1,2.0,1.71,66.01,0.161,Yes,0
ATM,29.0,25897.07,4125.18,2.0,1.44,3.97,0.21,Yes,0
Online,38.0,21256.44,5136.48,8.0,4.37,9.45,0.358,No,0
Online,22.0,31925.75,1153.53,4.0,3.82,24.07,0.262,No,0
Online,25.0,58622.32,1112.37,1.0,5.85,30.51,0.158,No,0
Online,37.0,29197.62,2411.67,4.0,0.28,12.08,0.183,No,0
POS,40.0,22417.92,533.96,5.0,4.24,20.09,0.078,No,0
ATM,18.0,29891.77,1551.64,5.0,3.56,17.37,0.095,No,0
ATM,41.0,37844.57,9625.05,3.0,5.6,15.11,0.195,Yes,0
POS,27.0,38520.36,554.32,2.0,5.75,9.32,0.073,Yes,0
,50.0,42464.17,1779.22,6.0,5.47,23.67,0.135,No,0
POS,32.0,71617.21,1382.63,4.0,2.03,24.57,0.117,No,0
ATM,24.0,78950.97,18570.21,4.0,5.07,19.58,0.121,Yes,0
POS,37.0,110954.55,1459.99,3.0,3.46,32.44,0.275,Yes,0
Online,26.0,21659.72,1547.25,3.0,8.94,23.63,0.028,Yes,0
Transfer,50.0,30615.75,891.83,0.0,5.33,10.74,0.426,No,0
Online,36.0,61619.65,2523.41,5.0,5.24,50.28,0.504,No,0
Online,34.0,36684.28,3275.46,0.0,1.16,27.98,0.264,No,1
Online,43.0,66288.5,1030.94,12.0,3.23,15.5,0.178,No,0
POS,25.0,49395.71,6719.5,7.0,5.78,13.76,0.08,No,0
POS,22.0,91588.38,3278.4,1.0,4.76,13.58,0.146,No,0
POS,,71943.76,5860.24,7.0,4.73,7.86,0.117,No,0
Transfer,24.0,72538.68,1800.66,2.0,0.1,11.64,0.564,No,0
,24.0,37386.9,3188.26,2.0,2.56,21.71,0.119,No,1
POS,45.0,43069.07,2020.2,,4.18,28.63,0.437,No,0
Online,42.0,39224.38,10739.97,6.0,8.61,46.27,0.184,No,0
ATM,22.0,22851.37,2808.23,4.0,0.1,15.71,0.209,No,0
Online,29.0,87265.8,2521.98,,1.87,23.18,0.117,No,0
Online,26.0,62934.01,1580.99,4.0,0.1,22.82,0.276,,0
POS,56.0,38528.58,1492.31,5.0,5.98,11.53,0.207,No,0
POS,46.0,80941.7,3170.89,6.0,8.56,26.8,0.091,No,0
ATM,31.0,,5673.91,4.0,6.08,5.97,0.13,No,0
POS,42.0,19678.01,1260.78,3.0,6.73,18.16,0.113,No,0
ATM,21.0,70808.49,2837.35,1.0,1.9,15.59,0.074,No,0
POS,29.0,25312.8,3005.55,0.0,6.11,12.21,0.479,No,0
Online,37.0,41205.16,3577.46,9.0,2.68,24.56,0.272,No,0
Online,41.0,49373.7,453.3,,5.18,46.43,0.182,Yes,0
Online,35.0,53523.56,991.59,5.0,6.51,35.24,0.174,No,0
Online,39.0,65920.07,637.91,4.0,4.12,22.45,0.51,No,0
POS,37.0,58442.63,2583.58,6.0,7.46,33.44,0.208,,0
POS,34.0,57634.08,1015.44,3.0,4.51,55.67,0.04,Yes,0
POS,33.0,,1522.04,3.0,5.82,10.88,0.182,No,0
POS,31.0,51370.91,757.3,7.0,10.67,18.06,0.398,No,0
POS,39.0,22854.89,1670.39,3.0,6.49,26.36,0.193,No,0
POS,41.0,90887.68,812.36,6.0,2.75,27.82,0.299,No,0
Online,38.0,23938.99,5334.52,3.0,3.56,15.79,0.217,Yes,0
Online,23.0,,,6.0,7.62,22.74,0.242,No,0
POS,25.0,24857.74,2905.25,4.0,8.13,16.45,0.336,No,0
POS,40.0,32397.71,1848.45,5.0,4.89,18.94,0.513,No,0
Online,52.0,,325.82,6.0,0.42,4.38,0.261,No,0
Online,38.0,35471.21,1581.04,4.0,2.15,46.39,0.607,No,0
POS,31.0,75307.02,1167.46,3.0,5.54,3.52,0.444,Yes,0
,38.0,49837.51,3201.33,4.0,6.74,12.99,0.136,No,0
Online,23.0,36538.01,4645.96,0.0,8.01,28.64,0.424,No,0
POS,50.0,42374.66,3458.81,2.0,0.1,38.12,0.253,No,0
Transfer,38.0,77907.93,8840.37,2.0,7.61,16.26,0.359,No,0
Online,29.0,67738.48,1416.2,5.0,9.28,31.0,0.454,No,0
Transfer,34.0,26956.26,1358.68,2.0,0.1,18.31,0.4,Yes,0
Online,30.0,33127.68,7058.05,3.0,4.98,24.25,0.249,No,0
POS,50.0,55718.82,2952.07,3.0,7.27,13.52,0.494,No,0
POS,34.0,52756.0,1952.85,1.0,0.77,28.96,0.35,,0
Online,38.0,28050.06,15844.33,4.0,3.5,7.1,0.601,Yes,0
Transfer,42.0,63040.0,4454.97,8.0,6.68,64.59,0.164,No,0
POS,28.0,30137.47,2066.27,12.0,3.43,11.69,0.302,No,0
Transfer,38.0,80913.81,1259.04,5.0,3.91,7.84,0.139,No,0
Online,39.0,57106.31,9419.7,8.0,5.66,19.23,0.288,No,0
Transfer,19.0,27039.44,3074.95,6.0,1.49,15.03,0.441,No,0
Transfer,39.0,35466.12,,,1.8,45.92,0.353,No,0
POS,35.0,35189.76,4916.35,5.0,6.41,57.69,0.114,No,0
Online,37.0,,6027.78,1.0,7.85,12.02,0.368,No,0
POS,36.0,41053.37,4332.57,2.0,6.2,26.29,0.165,No,0
POS,39.0,26874.89,6051.26,7.0,9.08,24.37,0.151,No,1
Transfer,51.0,24028.63,3926.17,4.0,6.26,25.69,0.071,No,0
POS,23.0,57611.55,4354.38,7.0,10.54,9.37,0.453,Yes,0
Online,,51186.15,1202.8,4.0,5.2,9.14,0.122,No,0
Online,43.0,47188.7,15281.53,6.0,5.76,20.66,0.452,No,0
POS,41.0,50830.26,728.05,5.0,6.21,24.85,0.234,Yes,0
Transfer,41.0,34060.86,3406.44,5.0,3.12,6.41,0.021,Yes,0
Online,66.0,,656.73,5.0,2.67,13.09,0.171,No,0
ATM,43.0,141032.45,2266.33,6.0,2.3,17.56,0.38,Yes,0
Transfer,48.0,,1411.99,3.0,3.33,39.34,0.353,Yes,0
Online,33.0,,2863.51,2.0,11.21,32.74,0.04,No,0
Online,25.0,35557.29,3518.55,3.0,10.46,45.2,0.561,No,0
POS,33.0,15000.0,960.75,4.0,4.02,19.17,0.517,No,0
POS,44.0,72789.73,2427.53,9.0,3.74,14.26,0.188,No,0
Online,40.0,64112.21,10074.07,3.0,0.1,43.37,0.492,No,0
ATM,40.0,35231.48,673.02,5.0,2.02,18.69,0.422,No,0
POS,34.0,23627.09,1064.21,2.0,2.57,28.83,0.137,Yes,0
Transfer,32.0,26756.89,5912.36,2.0,3.68,3.28,0.175,No,0
Transfer,34.0,54961.97,2701.6,4.0,3.29,18.12,0.476,No,0
ATM,44.0,43226.73,2907.94,0.0,5.64,18.88,0.288,Yes,0
POS,45.0,61428.81,6948.97,8.0,7.32,18.52,0.33,No,0
Online,25.0,46784.97,1130.0,5.0,2.82,20.42,0.126,No,0
POS,44.0,69526.22,1487.29,,9.31,42.51,0.118,No,0
Online,29.0,53142.2,1314.75,3.0,6.04,13.34,0.271,No,0
POS,41.0,65341.05,1764.89,2.0,7.66,32.51,0.06,Yes,0
Online,34.0,17571.97,9543.05,3.0,3.68,5.64,0.234,No,0
POS,53.0,25821.49,456.22,5.0,6.64,6.3,0.222,No,0
Online,31.0,38194.99,757.35,3.0,6.36,9.6,0.216,No,0
Online,38.0,73146.8,638.02,7.0,9.4,11.53,0.148,,0
Online,43.0,104888.81,10155.19,3.0,6.96,32.29,0.117,Yes,1
POS,26.0,41794.15,1352.41,3.0,7.56,20.66,0.24,No,0
ATM,35.0,34173.53,1803.3,5.0,3.41,4.5,0.022,No,0
Online,33.0,18670.16,497.41,4.0,8.59,22.16,0.243,No,0
Transfer,30.0,66371.4,1923.04,3.0,1.17,22.11,0.016,No,0
Transfer,31.0,35130.75,5946.56,5.0,3.28,0.67,0.237,Yes,0
Online,48.0,170359.87,3219.57,4.0,5.84,45.18,0.365,No,0
POS,29.0,32263.31,2244.37,2.0,1.54,10.43,0.123,No,0
POS,42.0,116051.76,522.78,3.0,2.23,32.16,0.079,No,0
Online,39.0,63018.47,1800.99,0.0,2.23,27.54,0.154,No,0
POS,21.0,28330.63,2895.64,5.0,6.14,7.62,0.203,No,0
Online,42.0,49955.23,927.25,5.0,4.52,39.77,0.328,No,0
Transfer,20.0,63674.47,4812.33,6.0,7.89,24.73,0.09,No,0
Transfer,43.0,40662.2,,6.0,10.64,39.57,0.332,Yes,0
ATM,30.0,65611.74,1473.5,1.0,5.81,52.83,0.156,No,0
POS,36.0,64964.65,5166.13,7.0,3.47,9.31,0.13,No,0
POS,22.0,58851.35,2240.17,,6.1,23.48,0.516,No,0
Transfer,37.0,44667.65,7872.92,6.0,2.31,5.71,0.243,No,0
Online,46.0,26521.07,19114.39,1.0,4.81,39.33,0.102,Yes,0
Online,27.0,43471.65,837.47,3.0,12.39,4.34,0.171,No,0
POS,29.0,48710.35,5396.63,4.0,4.39,7.08,0.194,Yes,0
Online,41.0,19345.11,9218.9,4.0,5.91,12.65,0.032,No,0
Online,41.0,48560.89,947.06,6.0,4.52,18.75,0.529,Yes,0
Online,18.0,,1406.59,1.0,3.77,33.14,0.206,No,0
POS,58.0,25107.86,1390.85,1.0,6.44,4.8,0.214,No,0
Online,42.0,38737.56,2189.14,3.0,1.19,23.22,0.038,No,1
Online,44.0,39108.18,1750.54,1.0,4.5,12.13,0.239,No,0
Online,,107254.56,2050.34,2.0,0.93,18.24,0.487,No,0
POS,18.0,49685.63,5779.28,4.0,9.63,44.18,0.404,No,0
Transfer,43.0,71728.12,375.49,4.0,7.96,20.41,0.451,No,0
Online,30.0,42676.38,944.02,6.0,2.7,27.34,0.148,No,0
POS,42.0,19363.7,4885.24,5.0,0.1,3.16,0.077,Yes,0
ATM,34.0,60898.97,4345.18,5.0,6.47,10.41,0.195,,0
Online,39.0,33464.28,867.4,7.0,4.87,18.85,0.507,No,0
ATM,27.0,38692.37,4375.38,2.0,11.73,5.91,0.394,No,1
POS,46.0,28017.39,9423.04,2.0,9.21,4.09,0.162,No,0
POS,23.0,46497.94,2380.39,2.0,6.91,10.65,0.183,No,0
Online,,,912.41,4.0,3.42,18.83,0.072,No,0
Online,61.0,68469.93,5996.91,3.0,4.22,31.8,0.034,No,0
Transfer,54.0,91876.73,14003.9,0.0,5.91,31.91,0.175,No,0
ATM,50.0,97929.15,1030.61,6.0,6.07,17.09,0.208,No,0
Transfer,35.0,17921.82,2600.08,1.0,2.88,20.62,0.198,No,0
Transfer,49.0,26299.06,7436.84,5.0,0.91,5.21,0.231,No,1
Online,35.0,19944.96,2805.69,4.0,10.78,60.84,0.397,No,0
ATM,19.0,59801.53,435.61,7.0,5.1,47.75,0.432,No,0
POS,53.0,32942.9,3895.06,0.0,6.27,24.37,0.243,No,0
ATM,48.0,36108.61,939.4,5.0,2.43,15.17,0.065,No,0
Online,36.0,,701.57,5.0,9.1,38.46,0.251,No,0
Online,23.0,53453.88,444.21,2.0,8.12,61.6,0.127,No,0
ATM,30.0,23063.89,8221.05,3.0,5.18,26.75,0.495,No,0
ATM,18.0,25538.16,1085.0,4.0,5.63,32.18,0.185,No,0
POS,46.0,45026.26,3489.04,5.0,5.85,12.47,0.147,No,0
Online,18.0,77176.74,4460.43,10.0,5.29,6.28,0.469,No,1
Online,39.0,44488.63,2939.12,5.0,6.67,17.52,0.158,No,0
Transfer,27.0,31513.49,3363.09,8.0,6.13,29.08,0.251,Yes,0
POS,20.0,17115.23,3659.54,3.0,4.47,5.06,0.188,Yes,0
POS,39.0,69086.99,2870.22,1.0,1.49,58.26,0.45,No,0
POS,32.0,32313.76,1168.98,4.0,4.92,27.61,0.153,No,0
POS,45.0,26851.34,,2.0,7.25,32.03,0.269,Yes,0
POS,,,2250.85,5.0,7.02,3.11,0.131,No,0
POS,28.0,23548.62,,4.0,8.94,13.2,0.154,No,0
ATM,18.0,29198.46,3840.53,2.0,9.25,20.71,0.205,No,0
Transfer,18.0,40414.17,7522.82,5.0,7.1,7.44,0.187,No,0
Transfer,,26120.72,3526.11,2.0,5.56,74.31,0.077,No,1
POS,59.0,48922.19,1111.16,8.0,6.03,45.66,0.299,No,0
POS,37.0,40276.21,282.28,4.0,3.28,21.51,0.235,No,0
ATM,27.0,122310.03,1158.76,2.0,7.4,35.01,0.374,No,0
ATM,33.0,20898.2,651.68,6.0,8.97,15.22,0.328,No,0
POS,46.0,48391.7,1204.32,4.0,8.12,40.59,0.177,No,0
POS,30.0,48665.23,3185.37,6.0,6.67,17.64,0.213,No,0
ATM,39.0,28301.41,2720.13,4.0,4.28,55.83,0.125,No,0
POS,36.0,46970.8,16030.1,2.0,3.93,11.78,0.167,No,0
ATM,30.0,63623.31,4052.66,4.0,4.52,6.01,0.172,No,0
Online,30.0,46996.99,16868.67,2.0,2.81,19.07,0.58,No,0
POS,39.0,83903.79,5111.18,7.0,5.82,10.9,0.395,No,0
POS,25.0,16889.68,7403.83,4.0,0.1,26.9,0.124,Yes,0
,41.0,30804.4,1746.11,5.0,3.38,9.29,0.259,No,0
Transfer,31.0,87394.97,853.66,5.0,5.2,74.47,0.304,Yes,0
POS,37.0,67834.73,1595.73,6.0,12.5,5.76,0.089,Yes,0
Online,51.0,57391.3,2470.5,3.0,5.01,27.79,0.407,Yes,0
ATM,34.0,78383.18,1333.93,4.0,5.12,14.97,0.6,No,0
ATM,46.0,18995.68,918.65,4.0,2.5,50.52,0.199,No,0
ATM,18.0,,3792.89,2.0,10.16,15.7,0.049,No,0
POS,31.0,72648.23,914.75,3.0,2.56,15.58,0.19,No,0
Transfer,36.0,33456.54,539.45,2.0,11.1,14.56,0.402,No,0
,57.0,,814.0,5.0,2.78,28.44,0.148,No,0
POS,18.0,49157.01,1977.7,2.0,7.82,14.36,0.073,No,0
Online,35.0,16775.45,928.09,4.0,4.83,12.72,0.25,No,0
POS,52.0,53422.65,1990.13,4.0,3.31,5.6,0.32,No,0
ATM,27.0,32548.31,4557.32,4.0,8.03,9.91,0.162,No,0
POS,34.0,76013.45,4440.35,3.0,8.99,34.27,0.116,No,0
POS,40.0,57583.57,1291.06,4.0,4.44,11.02,0.445,No,0
ATM,38.0,34384.21,678.65,4.0,4.93,22.3,0.476,No,0
POS,,88479.05,1405.89,3.0,3.76,3.45,0.397,No,0
Online,41.0,68677.08,4815.96,3.0,5.67,33.17,0.166,No,0
Transfer,51.0,31003.45,6082.93,,1.72,85.16,0.298,No,0
ATM,32.0,42024.06,3557.94,6.0,0.1,7.21,0.13,No,0
Transfer,28.0,56785.16,8312.22,3.0,0.1,8.97,0.22,No,0
Transfer,34.0,,14090.39,2.0,4.34,16.07,0.218,No,0
Transfer,23.0,38713.28,1541.97,1.0,1.79,4.18,0.124,No,0
ATM,41.0,45749.86,11054.68,3.0,4.65,7.89,0.125,No,0
POS,,27856.13,1926.57,5.0,3.46,31.81,0.24,Yes,0
Online,29.0,16476.22,6931.94,4.0,2.88,19.5,0.382,No,0
POS,41.0,50112.64,5077.72,10.0,3.05,19.57,0.457,No,0
ATM,23.0,18387.25,346.19,1.0,7.9,3.45,0.141,Yes,0
POS,44.0,28783.29,951.29,8.0,5.71,5.65,0.134,No,0
Transfer,31.0,20276.25,737.13,,9.69,13.36,0.23,No,0
Online,49.0,21431.51,420.73,6.0,5.31,45.48,0.38,No,0
POS,32.0,54517.53,6023.12,4.0,0.1,12.83,0.147,No,0
POS,43.0,40716.11,19787.74,1.0,1.87,22.85,0.277,No,0
POS,38.0,40060.16,1932.12,9.0,5.35,10.98,0.342,Yes,1
Online,44.0,24891.01,5873.48,7.0,5.73,19.37,0.35,No,0
Online,37.0,33499.5,,3.0,3.24,60.38,0.061,No,0
ATM,18.0,53306.98,3079.05,3.0,2.61,25.64,0.171,No,0
POS,47.0,43957.5,2437.51,7.0,3.18,15.85,0.431,No,0
Online,,65161.31,1955.42,5.0,4.57,30.4,0.242,No,0
Online,45.0,69474.09,4279.56,6.0,4.85,29.79,0.309,Yes,0
POS,44.0,40171.73,5995.35,5.0,1.71,27.63,0.32,No,0
Online,27.0,19553.42,3967.34,7.0,5.74,13.06,0.3,Yes,0
ATM,26.0,32013.97,3833.41,5.0,5.71,4.76,0.259,No,0
ATM,43.0,43064.64,2375.21,4.0,4.67,17.46,0.277,Yes,0
Online,33.0,31729.39,508.31,3.0,2.93,8.04,0.201,No,0
POS,46.0,27996.56,6134.98,6.0,7.01,7.15,0.284,No,0
Online,34.0,46434.89,691.89,5.0,8.97,22.53,0.247,No,0
Online,47.0,134329.92,4644.47,2.0,3.66,18.9,0.557,No,0
Transfer,41.0,36124.74,5322.95,8.0,3.11,30.36,0.3,No,0
POS,39.0,44943.22,799.2,5.0,6.4,27.32,0.371,No,0
Transfer,,24934.35,1361.37,3.0,1.49,29.83,0.119,No,0
Online,39.0,78743.28,,4.0,1.17,77.52,0.14,No,0
Online,,66706.13,2308.99,4.0,3.05,13.17,0.2,No,0
POS,35.0,64666.47,737.92,6.0,5.93,26.21,0.151,No,0
POS,42.0,82977.59,5568.75,6.0,2.36,22.1,0.309,No,0
Transfer,37.0,37127.54,1154.44,7.0,4.94,3.25,0.35,No,0
Online,37.0,39274.46,366.33,2.0,0.1,17.19,0.502,Yes,0
Transfer,55.0,97135.59,4204.1,5.0,6.85,7.29,0.19,No,0
Transfer,49.0,59823.0,999.67,3.0,9.32,34.12,0.178,No,0
POS,37.0,16576.94,3446.91,3.0,2.27,12.46,0.206,No,0
Online,38.0,55220.37,1109.16,3.0,6.33,9.86,0.038,No,0
POS,28.0,34636.16,5070.78,0.0,4.38,44.19,0.291,No,0
Online,34.0,67413.13,3003.53,3.0,5.32,24.08,0.288,No,0
ATM,39.0,54073.71,187.7,9.0,4.26,28.1,0.699,Yes,0
POS,45.0,20561.46,3663.08,3.0,4.09,22.67,0.328,No,0
Transfer,44.0,50786.78,1871.16,3.0,2.5,7.9,0.626,No,0
POS,,49473.89,10308.91,3.0,1.72,5.47,0.612,No,0
POS,47.0,52996.22,3711.73,2.0,8.3,27.96,0.22,Yes,1
,35.0,58302.82,5325.19,7.0,0.1,41.17,0.224,Yes,0
POS,25.0,88221.19,1228.45,4.0,4.94,15.68,0.177,No,0
Transfer,51.0,54212.56,1134.54,6.0,4.81,42.03,0.11,No,0
Online,52.0,,2436.69,5.0,4.86,15.86,0.208,No,0
Transfer,39.0,75433.23,1743.12,1.0,6.99,13.6,0.206,Yes,0
ATM,44.0,123457.36,9528.62,3.0,3.89,21.31,0.066,No,0
Transfer,44.0,67927.73,2144.64,3.0,6.96,9.31,0.244,No,0
POS,51.0,49375.54,734.53,4.0,10.96,31.6,0.184,Yes,0
ATM,44.0,54669.24,1092.76,4.0,4.54,43.63,0.234,No,0
Online,21.0,50495.4,6562.3,,0.1,8.0,0.113,No,0
ATM,58.0,45376.56,2114.95,5.0,4.57,12.98,0.203,No,0
Online,48.0,119222.25,2004.87,4.0,4.28,43.53,0.225,No,0
Online,30.0,32123.52,7217.28,3.0,6.21,10.82,0.301,No,0
POS,25.0,75669.12,1001.53,4.0,0.1,10.43,0.321,No,0
Online,42.0,42522.22,267.43,6.0,5.97,54.58,0.468,Yes,0
POS,33.0,23114.82,1065.48,5.0,3.74,62.16,0.389,No,0
ATM,40.0,41343.68,3184.77,2.0,7.41,22.99,0.623,No,0
Online,44.0,35184.77,1947.95,0.0,3.44,21.61,0.138,No,0
,30.0,58356.59,525.11,4.0,7.6,63.49,0.341,No,0
Online,24.0,,6905.72,4.0,0.47,45.15,0.51,Yes,0
ATM,40.0,,2944.05,3.0,5.05,64.86,0.148,No,0
ATM,30.0,87235.91,3688.82,4.0,2.08,12.21,0.208,No,0
POS,38.0,73495.4,3803.42,4.0,3.54,14.88,0.133,No,0
ATM,21.0,91871.19,682.34,1.0,13.16,2.93,0.373,No,1
Transfer,33.0,50063.72,3384.38,9.0,2.15,3.59,0.451,No,0
ATM,44.0,44282.19,6195.01,6.0,3.88,4.2,0.192,,0
POS,43.0,61760.54,7819.35,4.0,1.57,15.22,0.473,No,0
POS,27.0,34702.05,5142.58,4.0,4.08,9.35,0.591,Yes,0
ATM,23.0,47712.3,4176.28,2.0,4.55,22.63,0.286,No,0
Online,36.0,41579.51,439.93,4.0,2.8,11.52,0.169,Yes,0
ATM,42.0,23317.33,2462.94,5.0,9.73,50.4,0.385,No,0
Online,40.0,47656.43,960.52,7.0,8.47,8.68,0.033,No,0
ATM,30.0,,9011.11,6.0,2.16,2.62,0.251,No,0
Online,39.0,40346.88,7742.08,3.0,7.45,5.43,0.135,No,1
Online,53.0,53003.91,966.34,3.0,3.56,45.88,0.13,No,0
Transfer,38.0,79782.36,2387.66,5.0,1.31,8.76,0.174,Yes,0
Transfer,18.0,30713.92,3205.28,2.0,2.85,33.15,0.163,No,0
Transfer,38.0,38675.69,6153.88,7.0,1.23,22.24,0.162,No,0
,58.0,31892.64,,3.0,7.82,41.34,0.148,No,0
POS,22.0,30971.93,274.36,3.0,2.37,54.23,0.292,Yes,1
Online,,34436.14,2597.21,2.0,8.86,23.73,0.354,No,0
Online,34.0,41192.65,198.87,3.0,5.42,24.21,0.271,No,0
POS,37.0,58574.81,2929.59,4.0,3.79,1.47,0.518,Yes,0
Online,38.0,51980.21,4519.94,5.0,3.49,20.84,0.147,No,0
Transfer,49.0,27968.44,8605.23,3.0,10.26,13.19,0.374,No,1
Online,37.0,80562.61,1341.41,3.0,5.03,30.23,0.239,Yes,0
Online,50.0,68830.57,2937.25,5.0,3.49,33.24,0.203,No,0
Online,35.0,29997.95,4796.09,3.0,7.56,6.12,0.145,No,0
Online,32.0,78062.7,771.49,4.0,6.76,17.28,0.203,Yes,0
,29.0,52132.3,6244.11,5.0,2.04,48.19,0.4,No,0
POS,18.0,41940.74,3289.16,4.0,5.02,33.34,0.196,No,0
Online,39.0,52868.01,1364.58,4.0,0.1,25.97,0.287,No,0
POS,59.0,44481.16,2879.66,4.0,4.9,28.77,0.088,No,0
Transfer,41.0,57509.37,2174.84,2.0,5.94,1.16,0.165,No,0
POS,44.0,48957.59,5454.08,1.0,6.34,19.77,0.154,No,0
POS,31.0,38660.59,1743.39,4.0,2.0,11.16,0.158,No,0
POS,33.0,18084.23,3137.36,4.0,2.78,54.01,0.288,No,1
Online,47.0,57048.09,1343.61,6.0,5.74,77.29,0.5,Yes,1
Online,58.0,38035.41,978.68,5.0,8.75,11.33,0.317,No,0
Transfer,52.0,63862.89,2967.81,5.0,5.28,59.02,0.232,No,0
POS,45.0,55891.72,1019.71,2.0,3.33,31.76,0.298,No,0
Online,36.0,38482.88,5567.08,8.0,7.91,1.23,0.376,No,0
POS,38.0,71307.9,4520.05,2.0,5.39,48.96,0.163,No,0
ATM,28.0,49345.24,1163.2,1.0,5.54,40.96,0.123,No,0
POS,20.0,48438.83,,4.0,7.39,19.85,0.367,Yes,0
POS,24.0,42288.39,1157.88,11.0,4.71,31.77,0.448,No,0
Transfer,37.0,95991.78,502.57,4.0,2.2,34.5,0.245,No,0
POS,33.0,32645.02,1375.84,5.0,4.54,53.78,0.371,No,0
POS,20.0,38918.08,2377.32,,8.34,54.53,0.426,No,0
Online,36.0,25786.77,105114.46,3.0,10.68,14.13,0.167,No,0
Online,32.0,62407.88,2903.08,7.0,1.34,10.18,0.184,No,0
Transfer,23.0,34629.14,6196.38,4.0,9.91,11.14,0.219,,0
POS,32.0,36421.03,937.18,6.0,3.9,9.94,0.316,No,0
POS,32.0,35660.41,1715.31,6.0,5.06,14.66,0.212,Yes,0
POS,,46288.21,12944.32,4.0,10.1,15.15,0.444,No,0
Online,46.0,25631.46,362.48,2.0,3.77,9.19,0.149,No,0
ATM,18.0,16398.7,1590.96,4.0,4.18,17.36,0.049,No,0
,18.0,55292.06,856.24,8.0,3.07,48.67,0.044,No,0
ATM,36.0,17384.2,,0.0,5.11,20.75,0.34,No,0
POS,37.0,66090.47,1619.06,4.0,5.94,6.13,0.124,Yes,0
,40.0,90740.15,4565.13,2.0,2.94,11.74,0.219,No,0
Online,30.0,41794.38,,3.0,9.35,63.91,0.217,No,0
ATM,26.0,80756.17,677.51,2.0,2.76,46.92,0.26,No,0
Online,36.0,44511.48,1388.37,5.0,6.5,9.26,0.421,,0
Online,31.0,92417.93,2499.71,4.0,5.08,54.17,0.212,No,0
ATM,53.0,36648.21,5236.6,5.0,8.73,35.26,0.078,Yes,0
POS,32.0,15525.22,28481.28,6.0,2.59,60.11,0.277,No,0
POS,35.0,43410.54,5048.48,4.0,6.72,3.99,0.268,,0
Online,63.0,97051.9,908.27,7.0,12.26,12.26,0.445,,0
,34.0,57248.32,2276.06,7.0,0.68,36.92,0.064,Yes,0
Online,42.0,35686.31,2995.97,5.0,2.3,27.9,0.399,No,0
Online,43.0,52178.37,1487.21,3.0,11.25,56.48,0.181,Yes,0
Online,44.0,69662.95,4001.02,2.0,4.6,41.67,0.021,No,0
Online,39.0,43299.24,257.93,4.0,5.34,3.56,0.199,Yes,0
Online,38.0,,4346.8,1.0,4.0,31.05,0.506,No,0
Online,37.0,35652.68,,6.0,9.96,43.65,0.349,Yes,0
Online,30.0,,2240.25,4.0,0.16,7.75,0.145,Yes,0
POS,40.0,63404.46,10826.68,6.0,8.71,22.78,0.316,No,0
Transfer,58.0,32843.05,708.06,4.0,0.57,8.81,0.268,Yes,0
Online,49.0,37176.04,3283.83,5.0,0.3,26.8,0.279,No,0
Online,39.0,71151.18,5530.14,2.0,1.74,17.07,0.32,No,0
Transfer,45.0,48029.58,2964.26,2.0,4.62,20.55,0.345,No,0
Transfer,26.0,52394.14,497.63,3.0,2.86,43.68,0.149,Yes,0
POS,33.0,21552.18,9647.39,1.0,2.68,13.9,0.19,No,0
Online,46.0,60452.74,2023.72,5.0,2.22,15.61,0.459,No,1
POS,52.0,51210.58,1475.14,3.0,2.27,16.54,0.108,Yes,0
,28.0,,1832.73,4.0,2.2,24.78,0.515,Yes,1
Online,31.0,52934.95,1705.99,5.0,5.7,14.17,0.165,No,0
POS,60.0,37431.57,760.42,2.0,3.09,10.35,0.191,No,0
POS,37.0,34477.48,2948.34,5.0,0.1,37.45,0.278,No,0
POS,56.0,40358.98,1375.83,3.0,4.89,15.53,0.419,No,0
POS,38.0,36516.75,4889.93,10.0,7.25,18.77,0.199,Yes,1
Online,39.0,120049.1,4194.97,5.0,4.16,32.75,0.484,No,0
Online,33.0,,12704.55,6.0,1.22,12.72,0.21,,0
,46.0,29103.3,2023.15,5.0,7.24,5.91,0.216,No,0
Transfer,51.0,112504.78,1119.68,5.0,0.88,53.09,0.054,No,0
Online,25.0,37035.5,574.96,5.0,4.04,27.62,0.46,Yes,0
POS,32.0,45600.44,22412.84,4.0,4.93,20.39,0.413,No,0
Online,46.0,67390.24,4847.19,3.0,8.24,21.93,0.331,No,0
Online,35.0,18544.4,1250.91,7.0,6.73,60.69,0.264,No,0
ATM,31.0,40447.34,13591.52,4.0,5.72,33.1,0.572,No,0
Online,47.0,34766.78,9703.17,4.0,7.79,1.0,0.09,No,0
POS,48.0,,647.27,7.0,1.53,20.09,0.375,No,0
POS,31.0,53153.55,1176.82,1.0,9.74,21.99,0.151,Yes,0
,,,2190.14,5.0,0.1,20.48,0.104,No,0
Online,23.0,42564.53,857.45,4.0,9.28,2.87,0.244,No,0
Online,26.0,72673.12,2269.84,3.0,2.48,7.32,0.593,Yes,0
Transfer,37.0,51538.61,5094.96,3.0,6.14,3.87,0.196,Yes,0
POS,36.0,45846.72,633.2,5.0,9.35,67.26,0.492,No,0
POS,25.0,48096.25,3351.11,0.0,6.68,20.75,0.237,Yes,0
,28.0,102802.79,8042.89,3.0,6.12,23.47,0.161,No,0
POS,24.0,48636.09,3730.38,3.0,7.6,17.55,0.44,No,0
Online,41.0,35700.36,2317.93,5.0,0.56,9.21,0.246,No,0
POS,18.0,19060.4,1281.7,5.0,1.01,10.34,0.14,No,0
ATM,25.0,23603.4,5738.13,5.0,5.81,67.48,0.146,No,0
POS,18.0,36470.4,770.57,5.0,4.41,17.94,0.22,No,1
Online,41.0,42858.03,3187.01,5.0,4.06,12.49,0.104,No,0
Online,18.0,35045.0,2564.61,3.0,8.71,42.02,0.154,No,1
Online,36.0,52703.26,7705.25,6.0,8.45,15.71,0.073,No,0
POS,54.0,34842.36,1395.9,4.0,2.24,6.1,0.101,No,0
Transfer,54.0,29818.9,1519.76,4.0,6.33,9.01,0.223,No,0
Online,18.0,59284.76,722.11,5.0,0.31,41.75,0.578,No,0
POS,39.0,83336.78,3871.24,3.0,0.23,13.19,0.079,No,0
POS,25.0,27342.36,1636.36,5.0,2.32,25.1,0.311,No,0
Online,23.0,50216.05,1055.71,4.0,4.84,17.86,0.335,No,0
Online,35.0,19094.69,1161.22,3.0,3.04,34.7,0.136,No,0
Online,50.0,23176.07,4277.62,6.0,6.35,15.88,0.249,Yes,0
POS,43.0,34526.18,829.72,7.0,4.95,10.47,0.338,No,0
POS,28.0,74991.31,906.76,5.0,8.34,8.81,0.213,No,0
ATM,,31697.72,6126.67,5.0,6.64,37.11,0.197,No,0
Transfer,18.0,31168.79,2117.36,7.0,1.88,12.52,0.162,No,0
ATM,28.0,45736.73,6499.57,4.0,7.7,24.03,0.208,No,0
Transfer,27.0,45757.24,1745.31,3.0,2.41,46.51,0.036,No,0
ATM,37.0,31606.2,2497.19,5.0,6.23,20.52,0.317,No,0
Transfer,34.0,109998.0,2922.94,1.0,3.52,27.19,0.11,No,0
ATM,34.0,39934.83,10009.92,2.0,8.97,12.75,0.156,No,1
ATM,34.0,47359.89,9227.27,8.0,7.19,15.83,0.061,No,0
ATM,36.0,37557.07,7921.08,4.0,2.92,47.33,0.142,No,0
Transfer,42.0,54852.61,1333.05,3.0,3.84,34.38,0.65,,0
POS,38.0,78444.66,931.89,4.0,14.81,17.35,0.297,No,0
POS,33.0,95136.35,5349.92,3.0,1.22,20.72,0.138,No,0
POS,40.0,31933.1,9905.11,8.0,2.84,16.71,0.048,Yes,0
Transfer,45.0,73848.84,7997.34,1.0,2.99,31.55,0.141,No,0
POS,30.0,57628.59,2532.84,0.0,1.52,12.16,0.578,No,0
ATM,35.0,69769.99,5176.35,1.0,1.84,31.51,0.247,No,0
ATM,49.0,43177.38,5268.15,3.0,4.67,59.12,0.131,Yes,0
Transfer,24.0,41367.44,2901.52,2.0,6.43,22.43,0.164,No,0
Online,56.0,68561.7,3030.31,3.0,0.22,6.59,0.44,No,0
ATM,21.0,69149.73,2757.95,4.0,3.5,18.39,0.437,Yes,0
ATM,32.0,91034.34,1136.77,4.0,2.59,55.81,0.501,No,0
Transfer,26.0,49205.67,1258.9,2.0,1.49,20.63,0.279,No,0
Transfer,60.0,,1239.61,3.0,7.99,8.12,0.115,No,0
POS,30.0,15000.0,505.13,4.0,2.7,17.74,0.265,No,0
POS,30.0,21793.14,2883.92,4.0,0.89,49.86,0.077,No,0
Online,32.0,37684.52,2400.6,8.0,7.64,12.21,0.394,Yes,0
Transfer,37.0,27417.62,5356.2,6.0,8.75,50.5,0.181,No,0
Online,32.0,64911.27,8819.88,6.0,5.71,16.68,0.28,No,0
ATM,35.0,24956.97,9398.83,5.0,2.18,86.76,0.386,No,0
ATM,18.0,35912.15,10326.94,2.0,4.17,13.26,0.224,No,0
POS,37.0,36552.54,1172.58,2.0,3.03,9.78,0.193,No,0
Online,36.0,77385.3,597.1,7.0,4.85,1.36,0.253,No,0
Online,47.0,,,5.0,7.15,18.92,0.148,No,0
Transfer,50.0,55160.55,9958.48,5.0,4.92,16.35,0.225,No,0
POS,34.0,49142.8,11849.47,6.0,4.99,55.51,0.35,No,0
Online,,67568.53,4060.42,8.0,3.46,37.79,0.302,No,0
ATM,24.0,,339.46,3.0,6.99,48.9,0.287,No,0
Online,44.0,44327.91,3603.48,3.0,6.1,41.65,0.159,No,0
Transfer,30.0,20974.97,4356.77,6.0,0.1,19.48,0.693,No,0
Online,23.0,40543.65,8743.98,4.0,0.1,180.15,0.347,No,0
Online,34.0,44597.71,10442.87,5.0,4.01,18.19,0.658,No,0
Online,51.0,51180.91,6208.53,5.0,7.91,27.14,0.274,,0
POS,38.0,32290.16,1389.59,3.0,8.5,67.71,0.324,No,0
POS,52.0,75193.74,893.31,4.0,7.29,38.67,0.317,No,0
ATM,28.0,45276.64,4264.19,8.0,4.55,22.44,0.534,No,0
POS,,29738.39,1131.88,5.0,9.39,30.65,0.064,No,0
Online,29.0,36615.07,10929.09,6.0,2.83,12.07,0.476,No,0
Online,38.0,107179.68,454.63,2.0,3.98,14.96,0.2,No,0
Online,38.0,60681.12,4406.93,0.0,0.74,27.07,0.09,No,0
Transfer,43.0,72129.85,3441.22,5.0,3.96,8.17,0.205,No,0
Online,39.0,28161.29,2033.02,4.0,2.41,11.23,0.364,No,0
Transfer,28.0,33005.99,,,9.61,3.18,0.361,No,0
Online,46.0,33116.2,318.07,6.0,9.02,20.13,0.138,No,0
Online,55.0,48893.27,1469.41,7.0,5.19,22.37,0.146,No,0
Online,30.0,41610.88,1495.42,2.0,6.4,42.91,0.307,No,0
Online,18.0,36103.51,7599.08,,3.19,9.66,0.284,No,1
ATM,41.0,38199.83,1142.75,2.0,0.1,15.07,0.228,No,0
POS,32.0,31479.82,,2.0,2.71,35.42,0.475,No,0
Online,35.0,,686.64,4.0,7.24,40.08,0.255,No,0
POS,42.0,74262.75,4041.19,5.0,6.31,38.75,0.153,No,0
POS,31.0,22776.97,266.76,9.0,3.82,10.41,0.308,No,0
Transfer,33.0,52592.75,20319.62,2.0,7.22,4.03,0.323,No,0
Transfer,,83738.95,,2.0,3.59,22.0,0.076,No,0
POS,52.0,41439.24,152.86,3.0,1.58,19.56,0.147,No,0
ATM,36.0,35469.33,1219.62,5.0,7.22,23.19,0.272,No,0
ATM,22.0,68208.33,1041.47,2.0,3.16,26.26,0.358,,0
POS,23.0,28897.72,1297.54,7.0,8.08,29.57,0.146,Yes,0
ATM,38.0,44542.83,1736.11,,0.1,29.79,0.069,No,0
Online,24.0,28183.39,1288.75,5.0,3.29,15.36,0.212,No,0
ATM,19.0,19396.97,1105.04,3.0,6.79,17.4,0.048,No,0
Transfer,43.0,42025.21,784.75,5.0,6.48,13.38,0.274,No,0
Online,44.0,25486.14,5686.42,4.0,4.34,36.18,0.235,Yes,0
ATM,32.0,44764.29,8309.72,4.0,5.86,8.05,0.208,No,0
Transfer,39.0,74323.4,1938.12,5.0,5.42,64.6,0.24,Yes,0
Online,38.0,103655.97,2456.29,4.0,0.53,19.96,0.263,Yes,0
POS,43.0,46934.39,810.55,1.0,3.91,19.78,0.058,No,0
Transfer,43.0,71186.96,2684.01,1.0,5.68,17.07,0.21,Yes,0
Transfer,18.0,53849.64,3146.39,5.0,6.52,37.04,0.271,No,0
Online,33.0,37873.87,2007.5,3.0,4.8,21.39,0.202,No,0
Online,42.0,18925.56,3714.95,4.0,3.34,14.01,0.19,Yes,0
POS,,93558.23,3404.16,2.0,1.0,35.77,0.435,No,0
,36.0,28066.21,871.23,4.0,7.26,11.99,0.417,No,0
Online,,,8242.78,5.0,6.93,37.62,0.177,No,0
Online,,57295.72,2031.24,2.0,7.96,5.29,0.259,No,0
Online,53.0,29004.67,,1.0,1.76,49.22,0.163,No,0
POS,48.0,51782.99,3806.5,1.0,5.37,11.54,0.433,No,0
POS,35.0,117504.01,17943.43,4.0,2.92,6.94,0.073,Yes,0
POS,34.0,89810.88,8097.54,6.0,5.14,16.2,0.383,No,0
ATM,18.0,35728.25,3137.67,4.0,13.72,14.44,0.253,No,0
POS,32.0,32663.92,,2.0,7.71,26.42,0.071,No,0
Online,21.0,47075.66,1239.52,3.0,2.73,6.59,0.45,,0
Online,38.0,41770.12,4260.24,2.0,4.24,25.84,0.464,No,0
Online,38.0,77211.18,2884.69,5.0,3.91,16.06,0.308,No,0
Online,44.0,62770.02,1387.17,8.0,5.37,21.32,0.17,No,0
Online,51.0,21013.26,5750.87,2.0,0.43,8.01,0.124,No,0
Online,36.0,55316.23,2598.83,1.0,5.97,20.29,0.15,No,0
Online,61.0,41515.7,5785.19,1.0,0.1,11.73,0.258,No,0
POS,39.0,45757.75,942.54,2.0,0.1,4.46,0.554,No,0
POS,22.0,50334.3,6792.12,3.0,11.01,31.47,0.134,No,0
Transfer,30.0,77176.16,4125.91,2.0,3.92,10.01,0.19,No,0
ATM,32.0,69872.3,8280.14,7.0,9.28,25.92,0.284,No,0
POS,43.0,32113.56,6644.05,9.0,2.57,10.13,0.109,No,0
Online,26.0,43828.62,2296.39,5.0,0.1,19.83,0.545,No,0
POS,33.0,36775.35,2118.94,1.0,1.85,80.42,0.208,,0
Online,34.0,21111.79,14869.64,0.0,13.06,41.93,0.076,Yes,0
POS,31.0,42838.87,1869.6,4.0,0.77,60.11,0.194,No,0
POS,45.0,103213.74,5284.22,,10.33,43.57,0.12,No,0
POS,43.0,20826.85,1707.28,4.0,6.04,19.4,0.39,No,0
Online,49.0,44515.38,388.45,5.0,5.36,37.05,0.151,No,0
POS,,43877.44,732.68,7.0,2.75,17.52,0.118,No,0
ATM,49.0,51220.68,3751.71,8.0,2.3,6.52,0.293,No,0
ATM,21.0,29178.62,5040.08,0.0,6.69,23.89,0.303,No,0
POS,21.0,23697.34,3764.08,2.0,8.96,4.84,0.137,No,0
POS,23.0,24198.57,7863.57,,5.59,17.02,0.292,Yes,0
Online,36.0,81906.85,3697.11,2.0,7.22,46.16,0.122,No,0
ATM,49.0,28917.7,1151.49,7.0,3.72,40.22,0.271,No,1
POS,29.0,35940.31,4529.42,2.0,11.52,17.21,0.206,No,0
Online,31.0,116018.21,2962.1,2.0,5.72,59.92,0.053,,0
Online,34.0,32338.14,1405.98,4.0,11.1,28.58,0.284,No,0
Transfer,42.0,52496.28,4010.08,4.0,2.1,32.74,0.034,No,0
POS,31.0,72629.98,2706.51,3.0,4.86,14.42,0.084,No,0
POS,30.0,71075.07,1365.19,5.0,8.21,36.31,0.149,No,0
POS,21.0,24716.06,2092.64,,5.43,18.13,0.031,No,0
POS,30.0,32643.77,10276.48,6.0,6.55,8.87,0.307,No,0
POS,49.0,51558.97,9946.08,5.0,2.07,28.76,0.182,No,0
Online,37.0,107202.58,,4.0,3.78,20.41,0.371,No,0
POS,28.0,31943.95,2647.35,3.0,2.37,19.34,0.058,No,0
POS,50.0,36036.66,596.45,4.0,4.74,30.59,0.584,No,0
Online,30.0,54351.43,13952.46,8.0,4.43,4.99,0.276,No,0
ATM,52.0,59472.18,7047.22,6.0,3.41,12.35,0.376,No,0
Online,51.0,61116.19,5302.84,2.0,6.9,26.22,0.102,No,0
POS,37.0,30747.31,257.06,3.0,1.8,8.13,0.301,No,0
POS,20.0,35418.73,2604.43,4.0,0.1,10.7,0.168,No,0
POS,61.0,49582.5,2201.55,7.0,3.29,36.24,0.038,No,0
POS,40.0,79416.22,4948.61,7.0,11.46,6.61,0.191,No,0
Transfer,32.0,40420.81,1592.43,2.0,6.53,41.83,0.12,No,0
POS,47.0,44550.65,1982.94,4.0,2.46,31.07,0.197,No,0
ATM,44.0,28360.43,4644.59,5.0,6.34,33.29,0.146,No,0
ATM,50.0,104075.29,1153.4,10.0,4.6,7.43,0.2,No,0
Online,29.0,48234.8,1408.11,4.0,6.16,42.96,0.132,No,0
Online,40.0,73087.12,3033.2,2.0,7.64,23.32,0.248,Yes,0
POS,23.0,45609.51,9533.16,7.0,5.58,60.71,0.224,No,0
Online,43.0,46760.21,5611.18,3.0,5.36,31.59,0.095,No,0
POS,36.0,22908.85,7327.94,6.0,9.46,19.14,0.175,No,0
POS,39.0,17095.57,2663.41,4.0,6.62,5.4,0.347,No,0
POS,34.0,79045.2,11149.21,6.0,5.58,27.03,0.261,No,0
Online,33.0,46608.77,438.28,,5.13,39.25,0.199,No,0
ATM,26.0,,18888.06,6.0,3.3,35.85,0.101,No,0
POS,45.0,25651.15,21499.93,,1.26,8.55,0.143,Yes,0
ATM,52.0,29972.6,3946.81,7.0,7.01,58.97,0.136,No,0
Online,30.0,72580.65,5746.28,3.0,8.83,12.73,0.144,No,0
POS,42.0,98467.56,2406.78,4.0,6.28,41.33,0.33,Yes,0
Online,41.0,34024.78,2027.34,6.0,6.7,9.79,0.206,No,0
POS,36.0,60875.45,1357.2,3.0,2.34,9.71,0.096,No,0
Online,19.0,49017.32,2380.42,1.0,3.21,10.23,0.328,No,0
Transfer,22.0,42624.3,4358.92,5.0,1.15,10.4,0.309,Yes,0
Online,27.0,103548.91,3804.46,5.0,4.25,6.35,0.451,No,0
POS,18.0,36697.98,18226.81,4.0,7.95,8.43,0.122,Yes,0
Online,51.0,78648.08,2763.69,4.0,2.91,2.04,0.031,No,0
POS,40.0,53426.29,564.09,4.0,4.78,3.37,0.188,,0
POS,36.0,,12943.6,3.0,7.11,68.66,0.186,,0
POS,18.0,83435.19,737.37,6.0,8.62,25.45,0.172,No,0
Online,18.0,51276.01,1428.89,1.0,0.1,19.79,0.45,No,0
Online,36.0,43089.1,3280.62,1.0,3.57,25.17,0.18,No,0
Online,58.0,83714.44,3794.17,2.0,2.79,14.09,0.327,No,0
,28.0,78951.24,589.11,2.0,2.37,18.85,0.148,No,1
POS,46.0,77288.56,1185.09,4.0,3.85,15.2,0.205,No,0
Online,31.0,15000.0,,7.0,0.1,29.01,0.064,No,0
Transfer,37.0,54857.67,4655.29,3.0,3.9,37.97,0.049,No,1
Online,49.0,49507.06,8163.48,4.0,5.11,10.94,0.174,No,0
POS,32.0,44299.53,736.72,3.0,1.87,8.2,0.051,No,0
ATM,28.0,59208.39,6766.27,2.0,3.55,12.92,0.319,No,0
Transfer,52.0,50598.05,6341.21,1.0,5.06,11.28,0.323,No,0
ATM,37.0,61048.94,1293.33,6.0,5.36,29.39,0.28,No,0
POS,48.0,39888.17,344.28,4.0,0.1,20.07,0.484,No,0
Transfer,28.0,88309.15,856.44,3.0,7.1,9.09,0.234,No,0
,51.0,63891.57,1378.55,3.0,7.17,3.23,0.068,No,0
Transfer,39.0,57443.36,11680.98,6.0,2.77,33.1,0.377,No,0
ATM,41.0,56195.12,2221.07,5.0,10.03,10.99,0.29,No,0
Transfer,37.0,75750.05,913.44,4.0,6.37,14.9,0.399,No,0
Online,30.0,71266.19,2898.34,7.0,5.93,26.75,0.239,No,0
Online,36.0,42773.34,684.51,4.0,7.05,27.17,0.542,No,0
POS,31.0,70266.99,4181.34,5.0,1.9,36.68,0.207,No,0
POS,47.0,48666.26,,3.0,3.94,43.87,0.283,No,0
POS,34.0,106620.9,1087.38,12.0,6.85,10.23,0.073,No,0
Transfer,,73746.98,3639.27,3.0,2.61,33.17,0.197,No,0
POS,18.0,33958.47,,,3.94,39.77,0.198,No,1
Online,18.0,128442.62,22512.67,3.0,6.8,38.68,0.124,No,1
POS,43.0,17474.53,883.76,2.0,5.93,22.87,0.185,,0
Online,23.0,59947.68,1376.69,9.0,5.06,45.2,0.045,No,0
Online,39.0,32896.0,4186.32,2.0,5.19,78.3,0.363,No,0
Online,38.0,104966.75,8045.24,5.0,4.48,19.33,0.097,No,0
ATM,35.0,50421.88,287.14,2.0,7.56,10.82,0.415,No,0
ATM,41.0,31483.21,2728.16,7.0,11.27,23.81,0.258,No,0
POS,38.0,39914.51,1535.95,,5.88,14.09,0.128,No,0
,18.0,32635.26,365.05,4.0,8.85,12.71,0.408,No,0
POS,32.0,39215.14,656.47,4.0,3.69,61.72,0.231,No,0
ATM,41.0,38813.61,,7.0,2.96,15.66,0.192,No,0
Transfer,54.0,32093.14,2651.45,1.0,2.64,15.2,0.142,No,0
POS,55.0,50814.98,6850.99,0.0,2.24,12.88,0.187,No,0
ATM,21.0,53662.44,3563.13,5.0,4.12,26.14,0.07,No,0
POS,32.0,28741.0,6448.39,3.0,7.66,31.1,0.369,No,0
POS,19.0,21336.98,2567.71,5.0,8.01,49.63,0.158,No,0
Transfer,53.0,51758.72,1235.34,3.0,3.47,8.1,0.358,No,0
POS,47.0,57169.85,2080.36,3.0,4.03,48.64,0.612,No,0
POS,40.0,62505.84,5011.86,4.0,4.99,9.67,0.428,No,0
Online,38.0,57667.34,7020.63,3.0,5.7,7.89,0.269,No,0
POS,51.0,91321.39,2156.35,3.0,6.76,17.61,0.39,Yes,0
POS,49.0,70480.99,987.26,2.0,3.8,8.72,0.162,No,0
POS,49.0,,3497.15,3.0,4.4,26.25,0.32,No,0
POS,41.0,181626.74,4032.04,4.0,9.06,12.52,0.086,No,0
Online,32.0,20399.62,8576.36,6.0,4.16,36.99,0.478,No,0
,44.0,,1268.11,7.0,3.28,29.33,0.261,No,0
Online,45.0,44850.57,1282.09,1.0,4.74,31.36,0.238,No,0
Transfer,34.0,56461.96,5325.2,4.0,5.23,24.57,0.084,No,0
Online,32.0,43489.27,1663.39,2.0,0.38,23.8,0.203,No,0
POS,48.0,,1594.57,2.0,3.67,11.68,0.322,No,0
POS,54.0,39847.26,8762.06,3.0,6.26,12.94,0.113,No,0
ATM,28.0,32930.02,634.63,3.0,11.01,13.39,0.081,No,0
Online,33.0,35246.34,19540.59,,3.41,35.08,0.136,No,0
Transfer,40.0,41123.79,1354.8,6.0,7.29,26.02,0.663,No,0
POS,41.0,65775.21,5947.79,3.0,5.54,13.3,0.088,No,0
POS,30.0,36148.27,2242.28,1.0,8.48,20.41,0.184,No,0
POS,57.0,39512.88,3279.38,6.0,3.14,47.65,0.232,No,0
Online,41.0,58163.62,1922.27,4.0,8.31,0.24,0.044,No,0
POS,42.0,41149.18,5887.71,4.0,9.21,18.53,0.249,No,0
Online,55.0,74379.64,1766.44,6.0,9.33,20.91,0.166,No,0
Online,31.0,29751.65,1409.65,6.0,9.28,12.55,0.255,No,0
POS,35.0,26985.48,15327.25,2.0,5.57,5.42,0.365,No,0
POS,22.0,51611.55,2574.55,5.0,6.75,11.79,0.209,No,0
Online,34.0,53978.85,1272.01,4.0,3.74,10.04,0.218,No,0
Online,20.0,30490.97,563.27,2.0,0.1,21.35,0.34,Yes,0
Online,44.0,82374.87,16149.17,4.0,5.77,10.69,0.19,No,0
Online,41.0,107005.91,1439.6,8.0,4.52,20.45,0.556,No,0
POS,33.0,33924.18,,4.0,7.89,55.65,0.329,No,0
Online,35.0,87877.85,3725.29,5.0,7.59,8.21,0.125,No,1
Transfer,44.0,15405.17,2883.99,6.0,1.81,39.33,0.277,No,0
Online,24.0,73033.12,2962.8,2.0,12.02,17.3,0.123,Yes,0
Online,38.0,30589.88,22925.31,6.0,6.16,2.06,0.35,No,0
Transfer,,69818.23,279.17,2.0,1.15,37.35,0.193,No,0
Online,18.0,29197.65,3097.61,2.0,1.57,36.75,0.435,No,0
,44.0,,1917.62,2.0,0.1,8.08,0.197,Yes,0
Transfer,18.0,31252.85,2020.2,4.0,7.29,26.39,0.154,No,0
Transfer,35.0,40870.81,2902.59,3.0,3.42,16.79,0.132,No,0
ATM,23.0,102527.22,1915.61,6.0,2.48,22.85,0.325,No,0
Online,52.0,42866.49,3017.48,3.0,3.07,11.49,0.284,No,0
POS,,116314.56,2441.75,2.0,4.1,8.86,0.215,No,0
Transfer,18.0,37827.9,672.15,12.0,6.73,7.23,0.378,No,0
Transfer,37.0,88054.56,3660.71,2.0,0.1,44.43,0.283,Yes,0
Online,31.0,21652.06,5115.86,5.0,1.79,8.24,0.456,No,1
POS,19.0,39556.63,1453.86,,6.4,26.12,0.23,No,0
Online,42.0,35354.05,16186.65,9.0,3.22,8.44,0.051,Yes,0
Online,18.0,89893.89,9505.42,5.0,6.75,79.09,0.434,No,0
POS,25.0,48912.08,5813.85,3.0,3.51,8.22,0.362,No,0
Online,30.0,17584.63,,6.0,9.72,8.01,0.17,,0
Online,45.0,24955.75,2576.39,3.0,5.63,49.08,0.233,No,0
Online,50.0,28530.24,7827.65,4.0,8.68,15.72,0.076,No,0
POS,48.0,68510.37,12025.69,2.0,6.55,6.44,0.197,No,0
Online,34.0,64645.33,5608.68,3.0,6.73,18.25,0.112,No,0
POS,18.0,39310.15,1413.41,3.0,2.74,9.48,0.269,No,0
Online,40.0,35157.33,2402.74,,8.5,88.26,0.138,No,0
Transfer,52.0,62118.09,4436.92,,5.65,3.56,0.048,No,0
Online,50.0,27068.67,,3.0,2.14,30.5,0.316,No,0
POS,41.0,55291.19,2313.62,,0.1,50.27,0.288,No,0
Online,23.0,53212.62,1418.33,2.0,5.42,33.29,0.204,No,0
Online,30.0,39769.38,12188.56,5.0,9.52,11.08,0.192,Yes,0
Online,57.0,53818.52,855.53,4.0,2.28,40.59,0.033,No,0
Online,20.0,47115.64,,7.0,2.18,21.69,0.209,No,0
Online,23.0,56289.12,663.09,2.0,4.05,29.55,0.302,No,0
POS,46.0,24687.98,973.11,2.0,8.3,34.15,0.373,No,0
POS,31.0,59334.35,8702.72,5.0,0.1,7.81,0.154,No,0
Online,23.0,71423.94,8999.09,1.0,3.05,28.26,0.142,No,0
POS,53.0,51992.04,2321.57,3.0,1.98,32.59,0.153,No,0
POS,41.0,58980.66,4106.64,4.0,6.69,18.52,0.069,,0
Online,32.0,42828.29,2473.88,3.0,4.57,10.96,0.12,No,0
POS,23.0,67205.97,759.05,7.0,3.96,17.5,0.262,Yes,0
Online,59.0,46340.84,22974.79,4.0,4.46,60.68,0.129,No,0
Online,36.0,26845.25,9885.12,4.0,7.35,26.1,0.126,No,0
POS,51.0,65089.27,3563.38,3.0,8.36,19.87,0.055,No,1
Transfer,46.0,21569.85,1062.26,3.0,8.07,8.07,0.157,Yes,0
Transfer,30.0,51106.59,1996.42,3.0,6.73,40.06,0.428,Yes,0
Transfer,30.0,37854.97,1250.9,3.0,9.15,28.04,0.479,No,0
POS,52.0,36781.9,2756.26,1.0,2.21,13.83,0.128,No,0
Online,52.0,48621.09,3408.3,6.0,6.16,11.9,0.105,No,0
Online,18.0,32703.52,1777.42,4.0,12.05,6.95,0.107,Yes,0
Online,42.0,56664.91,,4.0,0.1,28.91,0.279,No,0
Online,35.0,46164.96,,3.0,3.4,3.29,0.093,No,0
Online,25.0,34085.78,3170.27,8.0,1.89,29.7,0.15,No,0
POS,39.0,82174.36,3946.71,6.0,5.87,3.58,0.215,No,0
Online,21.0,49343.93,1638.66,3.0,9.31,16.42,0.207,No,0
Online,31.0,59771.14,524.28,1.0,6.61,40.94,0.109,No,0
ATM,,85125.57,2300.19,4.0,4.35,2.61,0.262,No,0
POS,31.0,84499.26,1809.53,3.0,6.64,47.54,0.091,No,0
Transfer,35.0,58414.6,5082.61,2.0,4.13,11.65,0.055,No,0
Online,25.0,39270.21,6186.49,6.0,5.58,17.33,0.191,Yes,1
POS,53.0,23648.41,5372.64,3.0,6.86,11.68,0.469,Yes,0
Online,41.0,49386.31,6716.47,4.0,10.26,12.85,0.259,No,0
POS,,73642.73,15179.66,1.0,6.35,8.93,0.187,No,0
Online,34.0,52778.51,3691.9,4.0,5.65,38.33,0.369,No,0
Online,30.0,15000.0,7504.53,7.0,11.11,31.67,0.067,,0
POS,55.0,66565.77,4096.58,1.0,0.1,8.15,0.15,No,0
Online,30.0,68431.76,373.91,4.0,4.72,26.37,0.037,No,0
Online,34.0,39295.6,2142.07,6.0,2.78,22.39,0.385,Yes,0
Transfer,44.0,70205.4,1049.78,4.0,4.28,14.38,0.087,No,0
Online,22.0,59694.92,3151.01,4.0,6.81,27.58,0.208,No,0
POS,44.0,33055.38,1133.47,2.0,7.94,16.89,0.288,No,0
POS,42.0,79738.14,4581.25,9.0,3.44,35.03,0.336,Yes,0
Online,50.0,25439.37,6667.99,5.0,7.01,9.25,0.28,No,0
POS,46.0,43855.6,8329.98,,2.31,32.59,0.264,No,0
Online,50.0,,12623.4,2.0,1.16,3.25,0.271,No,1
ATM,35.0,31038.1,467.79,5.0,5.21,21.05,0.448,No,0
Online,27.0,51592.16,753.74,5.0,4.34,19.07,0.172,No,0
Online,59.0,81152.37,46716.9,6.0,9.47,9.64,0.058,No,0
Online,19.0,78897.25,6860.73,5.0,11.39,28.16,0.118,Yes,0
Transfer,20.0,62321.81,3129.08,8.0,3.17,29.98,0.39,No,0
ATM,42.0,20978.48,2581.39,6.0,0.1,11.5,0.214,Yes,0
Transfer,54.0,24667.44,2361.82,6.0,0.9,14.37,0.181,No,0
POS,38.0,48493.93,361.51,6.0,2.49,24.6,0.204,No,0
POS,47.0,44312.05,1154.84,2.0,5.62,4.21,0.069,No,0
POS,18.0,35964.29,2235.45,3.0,4.22,11.99,0.093,No,0
Transfer,31.0,106065.62,1221.93,7.0,1.22,12.74,0.103,No,0
POS,18.0,47195.55,1392.58,3.0,10.36,15.24,0.21,No,0
POS,45.0,57440.42,,5.0,6.99,33.56,0.182,Yes,0
POS,19.0,70190.62,1943.79,3.0,10.28,32.09,0.146,No,0
POS,22.0,46126.78,3301.61,8.0,0.1,8.93,0.066,Yes,0
Online,42.0,144407.69,3186.19,5.0,8.82,20.36,0.062,No,0
,48.0,29473.6,4507.53,6.0,4.55,23.73,0.117,No,0
Online,34.0,34258.35,1551.17,3.0,3.82,27.04,0.069,No,0
ATM,42.0,29441.08,,2.0,5.07,6.59,0.214,No,0
POS,42.0,90908.97,3895.62,4.0,2.9,1.89,0.323,Yes,0
ATM,34.0,64560.39,,3.0,4.57,66.43,0.14,No,0
POS,24.0,35226.34,2245.18,7.0,7.84,10.38,0.225,No,0
ATM,,30505.84,2104.64,2.0,0.1,17.97,0.2,Yes,0
Online,43.0,83919.94,2009.98,6.0,9.49,24.2,0.227,No,0
Transfer,46.0,52953.91,4160.3,3.0,6.18,17.47,0.307,Yes,0
POS,,84889.51,4716.26,6.0,4.67,18.47,0.245,No,0
Online,23.0,43798.31,4191.02,6.0,7.81,23.4,0.051,No,0
Online,44.0,56647.81,3508.56,2.0,6.09,9.73,0.219,Yes,0
Online,36.0,51509.43,2723.53,5.0,3.56,9.89,0.366,No,0
POS,31.0,33981.37,290.86,2.0,2.68,10.4,0.07,Yes,0
ATM,33.0,42173.73,5442.2,4.0,9.5,25.75,0.164,Yes,0
Transfer,28.0,,4074.08,7.0,0.56,30.28,0.218,No,0
POS,46.0,56205.27,933.82,4.0,4.41,8.84,0.143,No,0
POS,20.0,63384.82,3309.75,6.0,0.77,9.68,0.294,No,0
POS,25.0,70262.28,4778.99,3.0,6.46,28.04,0.228,No,0
ATM,32.0,60740.32,8065.03,2.0,4.71,33.64,0.348,No,0
ATM,54.0,42477.22,4164.48,3.0,1.25,36.62,0.281,No,0
Online,48.0,90472.8,3448.34,6.0,2.39,10.76,0.459,No,0
Transfer,18.0,67235.5,6443.44,5.0,5.13,26.21,0.14,No,0
POS,51.0,84058.11,1839.97,6.0,5.86,55.48,0.185,No,1
ATM,,86465.16,3774.6,1.0,0.1,12.85,0.209,Yes,0
Transfer,23.0,42527.15,1343.36,3.0,2.88,31.74,0.332,Yes,0
ATM,18.0,53581.74,7588.15,0.0,5.48,21.08,0.294,No,0
Online,35.0,63765.79,499.86,5.0,8.63,73.84,0.213,Yes,0
POS,48.0,26830.75,5657.76,5.0,7.52,2.08,0.175,No,0
Online,54.0,27099.75,2544.67,8.0,3.64,23.29,0.071,No,1
ATM,26.0,25077.53,6564.51,3.0,8.0,46.61,0.128,No,0
Online,55.0,42863.36,1145.39,5.0,4.05,8.3,0.143,No,0
POS,18.0,38732.14,2735.39,4.0,0.1,32.37,0.256,,0
Transfer,32.0,23585.0,,2.0,9.32,13.29,0.256,No,0
Online,31.0,48128.46,3858.1,3.0,6.37,3.56,0.335,No,0
POS,49.0,43104.78,876.98,3.0,5.56,12.95,0.2,No,0
POS,50.0,76605.63,4723.29,4.0,5.02,8.89,0.256,No,0
POS,,111330.48,394.71,5.0,5.91,39.34,0.385,No,0
Online,21.0,55260.87,1282.04,1.0,5.02,74.64,0.342,Yes,0
Online,45.0,32890.33,523.91,5.0,4.13,13.82,0.45,No,0
POS,42.0,60200.97,5723.1,2.0,3.04,13.04,0.259,No,0
POS,18.0,,3730.05,3.0,5.23,2.57,0.39,No,0
POS,18.0,40390.97,3944.53,7.0,2.36,36.91,0.138,Yes,0
Online,47.0,30537.09,10907.82,7.0,1.57,51.89,0.418,No,0
POS,34.0,36516.47,1822.75,8.0,5.81,28.42,0.238,No,0
POS,22.0,41539.99,,4.0,7.94,12.58,0.169,No,0
Online,34.0,64618.83,2670.63,2.0,2.61,24.1,0.313,No,0
ATM,40.0,56634.82,2293.45,8.0,3.13,36.02,0.43,No,0
Online,35.0,102326.81,9234.22,3.0,0.1,17.43,0.334,No,0
POS,19.0,60953.7,20048.82,2.0,1.05,30.32,0.555,No,0
Transfer,57.0,54467.01,1623.89,2.0,1.16,14.4,0.073,No,0
POS,47.0,39207.14,5754.66,8.0,7.92,5.8,0.388,No,0
POS,32.0,,3439.78,2.0,0.1,34.8,0.6,Yes,1
Online,33.0,34820.64,3481.29,2.0,6.38,21.84,0.338,No,0
Online,40.0,,3201.02,3.0,4.2,24.26,0.058,No,0
Online,24.0,15000.0,1791.79,5.0,6.82,38.32,0.065,No,0
ATM,40.0,28582.03,100.0,4.0,8.5,9.18,0.595,No,0
ATM,21.0,92541.47,11601.1,5.0,4.91,13.09,0.41,No,0
Online,35.0,53118.89,,6.0,8.4,51.26,0.222,No,0
Online,23.0,37986.35,1963.51,5.0,9.65,23.42,0.359,No,0
Online,24.0,53837.94,2005.71,,9.04,35.98,0.337,Yes,0
POS,54.0,18683.31,1141.66,5.0,2.98,20.06,0.243,No,1
POS,37.0,51090.9,3178.89,4.0,0.1,29.81,0.066,Yes,0
POS,38.0,79960.6,2391.64,5.0,4.63,30.68,0.118,No,0
Transfer,18.0,42613.04,1221.1,6.0,5.54,11.51,0.186,No,0
Online,29.0,20272.54,2902.56,4.0,0.1,78.36,0.442,No,0
POS,41.0,37352.1,2418.73,7.0,5.18,24.05,0.101,No,0
POS,38.0,80024.3,6322.59,3.0,0.1,4.43,0.147,No,0
Online,18.0,50554.19,654.36,5.0,9.64,5.53,0.362,,0
Transfer,38.0,23769.97,,0.0,6.43,13.67,0.183,No,0
Online,40.0,130594.31,5163.36,3.0,2.55,3.33,0.306,No,0
ATM,50.0,25596.32,1318.57,6.0,5.38,46.41,0.296,Yes,0
ATM,,40340.12,1012.97,4.0,5.75,11.74,0.055,No,1
Transfer,18.0,28214.58,1385.42,4.0,6.45,7.1,0.296,Yes,0
POS,25.0,28232.16,2259.88,4.0,5.21,25.2,0.815,No,0
Online,24.0,36715.33,2268.48,5.0,7.83,30.12,0.077,No,0
ATM,44.0,59915.19,2026.54,1.0,1.2,14.5,0.143,No,0
ATM,18.0,80431.16,893.8,1.0,4.61,30.43,0.413,Yes,0
POS,31.0,37821.84,5416.5,4.0,10.36,35.62,0.283,No,0
ATM,52.0,28562.59,9416.94,3.0,3.94,14.17,0.442,No,0
Online,36.0,55815.42,370.04,5.0,5.72,6.36,0.091,No,0
POS,46.0,56556.84,528.74,2.0,2.01,12.81,0.521,No,0
Transfer,18.0,50140.64,6815.15,4.0,11.47,16.53,0.306,No,0
Online,18.0,50944.94,12014.17,3.0,5.86,20.3,0.345,No,0
POS,52.0,42777.3,297.34,5.0,1.22,36.24,0.133,No,0
Transfer,37.0,47032.1,5650.41,4.0,8.27,17.0,0.167,No,0
ATM,37.0,41467.89,12860.63,3.0,1.78,10.15,0.338,No,0
Transfer,24.0,72840.5,1055.36,3.0,7.05,12.5,0.1,No,0
POS,37.0,122666.5,12133.36,6.0,8.09,22.86,0.17,No,1
Transfer,23.0,48789.07,2092.37,4.0,11.08,24.46,0.161,Yes,0
Online,49.0,44867.11,3424.41,4.0,5.67,57.84,0.113,No,0
POS,66.0,50491.25,1217.81,3.0,5.15,16.35,0.311,No,0
POS,41.0,33468.27,6802.7,3.0,0.1,10.21,0.153,No,0
ATM,29.0,63491.29,5758.88,3.0,3.63,2.28,0.274,No,0
Transfer,18.0,54882.35,14027.23,,2.86,3.68,0.296,,0
ATM,18.0,37242.51,10558.15,2.0,4.46,27.87,0.195,No,0
POS,53.0,67531.39,2477.23,3.0,3.44,11.98,0.004,No,0
POS,25.0,45386.19,50000.0,7.0,7.36,43.22,0.576,Yes,1
POS,32.0,29082.51,9651.21,7.0,3.32,3.03,0.158,No,0
POS,43.0,52714.18,4292.23,4.0,6.43,13.42,0.25,No,0
Online,52.0,50064.35,922.32,3.0,4.65,35.08,0.26,No,0
POS,34.0,69328.12,541.32,3.0,3.13,47.07,0.064,No,0
Transfer,32.0,65422.0,589.35,1.0,2.86,29.56,0.108,No,0
ATM,37.0,42841.64,982.78,,5.7,37.72,0.398,No,0
ATM,29.0,36387.43,9910.49,5.0,9.11,9.78,0.291,No,0
POS,30.0,45035.32,4068.93,4.0,2.81,15.42,0.049,Yes,0
POS,41.0,52992.56,1353.8,3.0,5.14,49.07,0.671,No,0
Online,,55944.04,2182.39,1.0,6.45,9.07,0.221,No,0
POS,59.0,51536.9,1931.98,1.0,4.94,19.77,0.185,No,0
POS,41.0,43199.1,5564.13,5.0,0.1,31.67,0.043,No,0
Online,49.0,70473.03,1038.2,2.0,6.44,44.86,0.066,No,0
Online,24.0,33222.48,3546.56,2.0,0.48,18.0,0.231,Yes,0
POS,42.0,137331.0,3374.94,2.0,0.52,14.87,0.064,No,0
POS,28.0,63436.8,1069.75,5.0,1.09,26.28,0.373,No,0
POS,40.0,27093.51,12234.95,2.0,4.51,60.43,0.236,No,0
Online,44.0,48911.65,1860.27,3.0,2.11,26.09,0.203,No,0
POS,,63711.82,926.39,3.0,0.69,26.95,0.279,No,0
POS,62.0,38453.37,5865.99,4.0,6.14,17.95,0.097,Yes,0
POS,52.0,22962.16,2640.02,4.0,4.92,9.63,0.378,No,0
POS,49.0,28193.28,3761.13,2.0,7.27,15.15,0.302,No,0
Online,44.0,57432.15,764.61,4.0,2.81,17.71,0.089,,0
Transfer,55.0,20431.65,5633.37,4.0,4.81,14.97,0.086,No,0
Online,20.0,23440.32,21948.95,3.0,7.4,19.3,0.257,No,0
POS,,57296.42,707.13,5.0,1.06,27.72,0.079,No,0
Online,25.0,40711.69,3562.63,6.0,3.02,12.1,0.108,Yes,0
POS,30.0,32902.92,1139.95,6.0,7.98,36.52,0.549,No,0
Online,42.0,36018.51,36814.68,2.0,5.06,26.3,0.196,No,1
Transfer,50.0,23214.95,8635.86,8.0,4.55,20.74,0.221,Yes,0
POS,23.0,55961.64,3314.8,5.0,4.88,16.8,0.319,No,0
POS,30.0,31303.12,732.29,3.0,8.67,9.11,0.211,No,0
Online,37.0,35359.74,932.61,2.0,4.93,28.0,0.139,No,0
Online,,52599.98,5272.82,3.0,5.14,78.96,0.352,No,0
POS,45.0,40092.13,640.05,3.0,4.95,45.94,0.494,No,0
POS,74.0,32771.8,660.46,1.0,0.15,30.68,0.053,No,0
POS,41.0,18382.8,2522.18,4.0,6.51,49.89,0.423,No,0
Transfer,28.0,53090.82,2856.82,6.0,2.54,12.94,0.385,No,0
ATM,22.0,46628.38,,4.0,1.21,10.85,0.159,Yes,0
Transfer,32.0,35653.17,1610.86,6.0,0.1,19.33,0.374,No,0
Online,26.0,28214.41,6274.15,4.0,0.38,20.26,0.247,No,0
,41.0,45259.18,,3.0,0.1,42.85,0.165,No,0
POS,41.0,55861.46,4678.3,2.0,1.92,35.83,0.222,No,0
,31.0,47023.81,3096.93,4.0,3.7,2.86,0.33,No,0
Transfer,58.0,94046.75,4558.25,3.0,8.18,36.45,0.136,No,0
POS,28.0,61794.29,,3.0,5.18,17.0,0.08,Yes,0
,35.0,42879.12,1585.59,2.0,5.76,25.15,0.451,No,0
ATM,43.0,62733.02,1290.74,0.0,8.84,18.5,0.281,Yes,0
Online,46.0,45996.28,462.04,8.0,0.1,11.94,0.3,No,0
POS,50.0,45924.52,331.97,6.0,6.17,24.97,0.215,No,0
POS,41.0,80642.53,2096.6,7.0,5.94,11.24,0.507,No,0
Transfer,,30040.2,2245.14,3.0,7.47,17.28,0.431,No,0
ATM,29.0,45474.5,843.84,1.0,0.1,9.74,0.414,No,0
Online,46.0,76863.57,1046.23,8.0,3.28,7.19,0.719,Yes,0
Online,46.0,51712.95,11470.11,4.0,2.21,76.26,0.209,No,0
Online,53.0,38114.27,6002.23,5.0,1.14,13.53,0.138,Yes,0
POS,18.0,20882.06,708.0,4.0,11.94,17.29,0.229,No,0
Online,26.0,16199.92,1606.31,1.0,3.3,45.43,0.268,Yes,0
ATM,45.0,114542.28,3752.02,,7.78,21.82,0.336,No,0
POS,18.0,,1336.21,4.0,7.12,9.37,0.144,Yes,0
ATM,41.0,34599.17,1113.6,7.0,0.68,9.46,0.27,No,0
Online,48.0,52663.26,1782.55,8.0,3.42,8.81,0.196,No,0
POS,30.0,29376.91,7440.6,6.0,5.18,60.07,0.353,No,0
Online,31.0,38769.04,8147.34,8.0,6.19,2.44,0.084,No,0
Transfer,24.0,29466.07,1198.23,8.0,5.99,7.84,0.059,No,0
Online,30.0,23823.9,3962.37,7.0,10.26,13.85,0.283,No,0
Online,31.0,17451.39,2484.02,3.0,7.73,13.79,0.207,Yes,0
Online,,21926.95,912.16,4.0,6.97,12.65,0.06,No,0
ATM,28.0,71253.36,1857.47,1.0,7.9,28.36,0.039,No,0
Online,33.0,28863.15,706.14,3.0,9.06,23.51,0.267,No,0
POS,33.0,57246.35,7999.24,,3.13,10.76,0.159,No,0
ATM,57.0,69210.59,11807.83,3.0,0.26,13.16,0.095,Yes,0
ATM,32.0,45336.99,1658.18,4.0,3.18,91.26,0.331,No,0
Online,40.0,39342.57,1306.32,6.0,0.88,24.22,0.142,Yes,0
Online,30.0,47775.97,7177.03,5.0,2.05,0.74,0.488,,0
POS,30.0,37307.09,8435.42,2.0,5.3,9.43,0.419,No,0
Online,18.0,77356.27,820.27,6.0,3.34,12.71,0.352,No,0
POS,19.0,104700.38,2155.98,4.0,6.94,75.01,0.367,No,0
POS,23.0,86407.79,2356.91,1.0,5.91,13.42,0.327,No,0
POS,38.0,17089.41,1156.63,6.0,6.09,14.24,0.349,No,0
Online,48.0,36966.07,3677.64,2.0,1.21,3.81,0.146,No,0
POS,18.0,45084.3,1241.53,4.0,2.37,20.07,0.491,,0
Online,30.0,55425.43,1456.49,6.0,0.1,33.61,0.299,No,0
POS,21.0,20684.22,2259.06,1.0,6.7,19.02,0.174,No,0
Online,33.0,20534.63,563.96,7.0,10.77,13.33,0.105,No,0
Transfer,48.0,81021.77,319.77,5.0,5.54,16.62,0.291,No,0
POS,31.0,34989.88,6262.4,3.0,5.8,32.54,0.407,No,0
Online,35.0,23042.25,,7.0,3.41,15.45,0.302,No,0
Online,52.0,27385.79,21139.74,2.0,4.35,15.69,0.341,No,1
Online,41.0,53644.35,17959.67,5.0,8.82,26.29,0.129,No,0
Online,28.0,31078.49,1506.53,6.0,5.27,11.47,0.438,No,0
Online,38.0,50168.84,25928.53,3.0,6.92,8.74,0.102,No,0
Transfer,27.0,28969.26,6384.45,3.0,8.9,4.02,0.388,No,0
POS,41.0,20527.64,1311.24,5.0,8.3,17.39,0.414,No,0
Online,42.0,85424.55,189.09,2.0,5.1,11.2,0.211,No,0
POS,21.0,53830.92,4975.1,4.0,5.32,36.48,0.249,No,0
Online,38.0,38724.58,,5.0,3.84,15.69,0.151,No,0
Transfer,35.0,35589.47,3848.38,1.0,6.5,33.47,0.382,No,0
Online,42.0,,,3.0,3.76,29.16,0.109,No,0
ATM,45.0,58724.15,796.47,,6.05,3.51,0.271,Yes,0
ATM,41.0,75394.05,1631.12,3.0,8.11,6.69,0.194,No,0
Online,33.0,34605.09,5067.91,1.0,0.1,63.46,0.289,No,0
Online,46.0,46037.78,1754.03,3.0,0.1,11.63,0.429,No,0
POS,26.0,53928.12,1743.46,5.0,4.87,24.84,0.382,No,1
Transfer,21.0,35132.67,547.11,5.0,7.01,17.22,0.126,No,0
POS,18.0,43106.47,2738.72,4.0,5.86,3.63,0.106,No,0
POS,35.0,34606.37,822.31,2.0,1.37,9.41,0.188,No,0
ATM,27.0,53851.98,6263.99,7.0,7.7,7.84,0.544,No,0
ATM,40.0,24829.57,1199.84,5.0,10.72,31.6,0.233,No,0
POS,18.0,58209.52,1860.02,3.0,2.39,9.36,0.032,No,0
POS,29.0,51753.05,21764.37,5.0,2.82,26.78,0.371,No,0
ATM,41.0,41065.72,1839.91,3.0,5.08,5.76,0.348,No,0
Online,25.0,55088.73,1609.17,9.0,4.62,1.28,0.182,No,0
Transfer,41.0,38184.87,4490.27,3.0,8.61,20.42,0.148,No,0
Online,30.0,,419.38,4.0,5.85,25.68,0.008,Yes,0
Online,36.0,57474.38,8732.92,1.0,4.13,13.82,0.202,No,0
ATM,43.0,58604.93,6754.65,5.0,3.23,19.71,0.117,No,0
Online,46.0,35815.86,4223.83,2.0,0.42,4.74,0.074,No,0
Online,37.0,34459.65,100.0,4.0,9.11,14.68,0.313,No,0
Online,27.0,41443.23,1928.76,5.0,6.88,36.5,0.37,No,0
POS,31.0,35102.06,700.07,3.0,4.73,64.92,0.119,No,0
ATM,43.0,89386.18,7693.67,7.0,5.33,17.82,0.297,No,0
Online,25.0,51887.43,7162.45,7.0,4.68,23.97,0.103,Yes,0
Online,34.0,45296.63,3685.11,5.0,0.1,37.31,0.443,No,0
POS,32.0,29575.2,750.65,4.0,0.74,20.94,0.219,Yes,0
Transfer,35.0,62753.09,11140.48,5.0,4.39,25.12,0.371,No,0
Online,25.0,34173.15,1923.28,3.0,4.34,51.61,0.252,No,0
Transfer,18.0,33546.29,,7.0,4.96,24.26,0.1,No,0
Transfer,42.0,63709.84,3259.84,1.0,10.09,14.2,0.241,No,0
Online,47.0,53568.31,4149.96,6.0,4.14,50.97,0.135,No,0
ATM,18.0,15000.0,1577.73,4.0,2.71,22.58,0.204,No,0
,40.0,41915.92,10208.76,4.0,5.16,6.34,0.314,No,0
POS,48.0,47614.93,4593.88,3.0,0.81,15.55,0.069,No,0
POS,43.0,38622.86,10582.3,3.0,5.47,70.13,0.179,No,0
ATM,31.0,48367.41,,3.0,2.83,39.31,0.244,Yes,0
ATM,26.0,,2385.13,4.0,5.68,11.87,0.154,No,0
ATM,37.0,15000.0,4533.17,4.0,4.46,42.85,0.406,No,0
Transfer,39.0,29011.78,10578.58,4.0,4.58,15.42,0.414,No,0
POS,37.0,51094.34,6910.38,2.0,6.88,9.64,0.05,No,0
ATM,34.0,15000.0,2870.58,4.0,7.2,37.07,0.389,No,0
Transfer,24.0,30786.21,390.27,0.0,11.1,6.62,0.094,Yes,0
Online,41.0,18942.73,5621.94,4.0,7.08,9.83,0.288,Yes,0
Online,41.0,40345.57,593.09,7.0,4.27,20.64,0.462,No,0
POS,38.0,108604.97,2589.06,4.0,3.1,23.4,0.423,No,0
Transfer,37.0,40810.25,,6.0,6.04,33.15,0.081,No,0
Online,54.0,,605.64,4.0,9.38,8.03,0.093,No,0
ATM,29.0,65648.61,3628.41,3.0,7.57,20.93,0.424,No,0
Online,50.0,45433.53,21555.01,6.0,2.86,1.9,0.1,No,0
POS,28.0,40850.38,1828.85,,6.36,2.44,0.228,No,0
POS,48.0,68282.48,5377.21,7.0,5.67,10.26,0.23,No,0
Online,50.0,,26363.5,1.0,8.15,33.12,0.261,Yes,0
Transfer,33.0,51241.21,5923.36,2.0,5.9,27.51,0.235,No,0
Online,54.0,42275.66,1311.86,2.0,5.79,15.36,0.332,No,0
Transfer,41.0,38510.59,3168.65,2.0,1.46,3.32,0.287,No,0
Online,26.0,67991.95,4043.34,7.0,7.38,23.2,0.456,No,0
Transfer,,38677.36,10486.66,2.0,0.83,104.26,0.16,No,0
POS,48.0,78313.99,8417.74,4.0,5.27,18.56,0.172,No,0
Online,46.0,28090.93,156.67,7.0,3.35,6.65,0.139,No,0
Online,24.0,85786.81,1061.93,,3.17,17.46,0.263,No,0
Online,34.0,55649.91,2330.92,3.0,6.75,4.04,0.083,,0
POS,38.0,29102.43,905.75,6.0,4.99,11.77,0.159,No,0
ATM,30.0,56582.68,100.0,4.0,0.1,31.28,0.568,No,0
POS,62.0,33583.21,1210.06,3.0,4.41,48.5,0.036,No,0
POS,39.0,45682.04,2490.99,3.0,3.84,14.51,0.368,No,0
POS,35.0,36150.12,1478.47,4.0,8.77,5.52,0.228,No,0
POS,49.0,,922.51,5.0,1.27,32.72,0.143,No,0
POS,32.0,68738.29,2605.84,6.0,10.75,22.32,0.203,,0
POS,47.0,56825.93,3523.23,3.0,7.57,17.19,0.115,No,0
ATM,18.0,27119.37,1564.7,5.0,4.17,19.92,0.421,No,0
Transfer,31.0,27827.34,9855.55,4.0,3.74,15.04,0.183,No,0
POS,48.0,50831.26,2648.53,4.0,3.09,18.52,0.336,No,0
Online,53.0,52514.89,1045.79,7.0,5.96,21.26,0.325,No,0
Online,27.0,,812.01,3.0,2.64,22.94,0.022,No,0
POS,26.0,92088.9,2020.45,2.0,4.65,19.61,0.124,No,0
Online,42.0,64892.7,7611.89,4.0,1.74,8.81,0.491,Yes,0
Transfer,29.0,33958.97,1097.03,7.0,7.14,62.46,0.038,No,0
POS,33.0,32513.25,4536.57,2.0,5.51,17.84,0.123,No,0
POS,46.0,40615.37,2747.93,4.0,3.6,3.08,0.32,No,0
,30.0,38757.64,18348.06,0.0,4.27,15.68,0.239,No,0
Online,18.0,79196.6,3693.38,2.0,2.92,16.44,0.207,No,0
ATM,22.0,70084.23,1243.67,7.0,5.94,9.77,0.277,No,0
Online,36.0,45715.79,5220.85,7.0,1.23,7.17,0.019,No,0
POS,18.0,61051.64,5399.53,8.0,7.71,21.2,0.045,No,0
Transfer,33.0,65170.14,1680.82,3.0,5.52,20.99,0.124,No,0
ATM,21.0,46195.38,780.59,7.0,3.65,6.36,0.05,No,0
Transfer,54.0,53938.31,4273.04,2.0,6.76,21.41,0.314,No,0
POS,60.0,58794.42,2663.94,4.0,6.17,25.55,0.312,No,0
ATM,24.0,56041.08,548.67,5.0,1.86,5.73,0.349,No,0
POS,39.0,31696.33,3224.61,7.0,8.92,15.18,0.057,No,0
POS,,33171.57,1322.2,1.0,0.1,61.94,0.538,Yes,0
Online,33.0,39519.53,549.19,2.0,8.27,29.74,0.475,No,0
Online,56.0,32742.16,1758.0,4.0,4.51,29.82,0.345,No,0
POS,31.0,23191.07,9017.88,5.0,7.97,30.14,0.174,No,0
Online,33.0,60997.99,8367.48,4.0,9.32,41.7,0.125,No,0
ATM,26.0,52591.06,6443.31,4.0,3.72,10.05,0.215,No,0
ATM,49.0,24629.56,3272.4,2.0,3.86,3.67,0.358,No,0
Transfer,18.0,40376.58,4536.19,8.0,5.94,14.87,0.046,Yes,0
Online,31.0,41418.76,2759.18,2.0,1.6,12.21,0.186,No,0
Transfer,35.0,48839.41,827.99,5.0,4.0,13.33,0.46,No,0
Online,29.0,27654.75,1010.85,2.0,3.75,31.5,0.251,No,0
POS,45.0,24467.97,1362.21,2.0,1.44,10.32,0.232,No,0
ATM,49.0,56856.95,10151.79,5.0,3.59,63.98,0.197,No,0
Online,20.0,22564.54,7337.38,2.0,7.26,2.61,0.225,No,0
Online,59.0,40526.82,849.09,4.0,7.04,44.52,0.415,No,0
Online,20.0,38858.54,2637.11,5.0,4.47,4.49,0.182,No,0
POS,50.0,42571.48,1671.44,3.0,5.19,30.57,0.235,No,0
ATM,38.0,50419.87,2140.82,4.0,4.09,29.34,0.117,No,0
Online,30.0,92390.05,1462.65,4.0,0.1,15.27,0.196,Yes,0
Online,,21908.86,10195.87,3.0,1.95,32.98,0.36,No,0
POS,36.0,66761.34,2453.18,2.0,7.88,9.33,0.133,No,0
Online,38.0,15000.0,3103.24,5.0,8.59,7.89,0.089,No,0
ATM,26.0,84253.7,3128.49,5.0,2.43,31.05,0.327,No,0
Transfer,33.0,17946.07,894.51,1.0,8.36,12.32,0.143,Yes,0
ATM,28.0,134698.65,2786.66,2.0,1.4,59.03,0.193,No,0
Transfer,23.0,37760.63,7232.66,8.0,3.45,31.02,0.037,,0
POS,27.0,80425.79,10902.39,5.0,4.64,24.35,0.178,Yes,0
ATM,23.0,73297.95,793.32,6.0,4.18,13.19,0.101,No,1
Online,31.0,36975.01,547.55,3.0,2.92,6.49,0.347,No,0
Online,41.0,38274.17,2660.26,5.0,5.38,39.1,0.586,No,0
POS,37.0,30874.82,7579.74,2.0,7.33,38.79,0.173,No,0
Online,58.0,64134.28,3581.88,7.0,0.64,10.28,0.079,No,0
Transfer,18.0,37192.3,4936.16,3.0,5.38,5.55,0.496,Yes,0
POS,41.0,31128.38,641.49,6.0,7.89,20.06,0.309,Yes,0
Transfer,36.0,57307.8,1411.01,3.0,3.76,19.09,0.609,No,0
Online,45.0,30052.12,278.09,2.0,3.36,34.68,0.14,No,0
POS,44.0,38807.77,2167.99,7.0,2.45,15.22,0.333,No,0
ATM,34.0,47222.01,287.1,3.0,11.0,54.17,0.095,No,0
,38.0,33702.41,9477.8,3.0,9.48,27.3,0.133,Yes,0
POS,28.0,36070.15,11835.6,4.0,4.12,60.27,0.055,No,1
POS,43.0,89783.83,2877.54,8.0,8.54,5.31,0.282,,0
Transfer,18.0,41048.6,550.86,4.0,3.42,21.63,0.351,No,0
ATM,,38276.28,3640.07,8.0,4.53,51.02,0.14,Yes,0
Online,36.0,41589.85,16045.42,4.0,1.82,5.96,0.353,No,0
POS,31.0,,4022.99,4.0,0.1,36.87,0.222,No,0
POS,33.0,28259.33,8176.59,1.0,3.26,3.53,0.036,No,0
Online,34.0,54538.64,1538.99,6.0,3.72,6.46,0.128,No,0
POS,50.0,50490.32,1046.11,2.0,6.28,5.67,0.149,No,0
Online,72.0,20121.07,2328.98,4.0,6.96,6.96,0.36,No,0
Online,49.0,100894.71,364.07,1.0,4.63,33.31,0.095,Yes,0
POS,30.0,86836.63,24055.88,3.0,2.03,14.99,0.196,No,0
Online,43.0,31387.48,2874.68,3.0,3.03,17.98,0.332,No,0
POS,43.0,27155.25,5948.05,1.0,9.77,9.32,0.249,,0
Online,26.0,49863.32,1575.83,4.0,6.89,19.29,0.382,No,0
ATM,22.0,23689.31,534.3,2.0,9.27,49.57,0.437,No,0
Online,35.0,83145.31,10403.12,2.0,10.33,6.08,0.111,Yes,0
Transfer,45.0,,812.36,3.0,3.03,143.05,0.386,No,0
Online,18.0,93361.18,3543.55,3.0,7.46,16.27,0.278,No,0
POS,28.0,31052.55,3893.76,7.0,2.29,8.69,0.5,No,0
Online,42.0,42784.31,2691.89,6.0,8.1,5.6,0.107,No,0
Online,36.0,79591.57,1140.77,2.0,7.48,25.17,0.218,No,0
POS,52.0,38908.19,2152.56,2.0,0.1,22.63,0.164,No,0
ATM,20.0,50861.37,966.8,5.0,6.21,6.78,0.107,No,0
Transfer,,73578.95,,1.0,2.43,43.45,0.26,No,0
Online,19.0,35038.28,4427.51,6.0,3.98,28.33,0.14,No,0
Online,18.0,25505.14,2447.06,7.0,3.02,41.92,0.143,No,0
ATM,35.0,23341.73,1416.15,5.0,7.72,46.45,0.292,No,0
POS,24.0,58510.56,20565.37,8.0,2.95,5.5,0.455,Yes,0
Online,36.0,53603.41,679.92,3.0,1.16,46.15,0.44,Yes,0
ATM,35.0,72559.79,533.49,1.0,2.58,31.55,0.163,Yes,0
POS,34.0,39779.13,2303.17,2.0,4.36,27.91,0.14,No,0
POS,27.0,23637.41,1931.4,5.0,6.23,15.73,0.256,No,0
POS,41.0,15610.19,7492.28,8.0,8.59,44.3,0.298,No,0
POS,33.0,163570.75,4770.29,2.0,6.54,49.15,0.15,Yes,0
Online,48.0,57041.43,2574.91,3.0,6.75,26.37,0.236,Yes,0
ATM,34.0,47857.07,4123.2,1.0,7.22,28.0,0.415,No,0
Online,25.0,51011.46,4048.95,4.0,7.45,75.32,0.243,No,0
ATM,18.0,23631.01,20488.17,6.0,8.1,0.79,0.198,No,0
ATM,34.0,31467.97,3220.88,2.0,12.52,52.99,0.575,No,0
ATM,22.0,98608.85,1265.18,5.0,7.4,20.07,0.339,Yes,0
Online,21.0,60516.66,3048.93,5.0,5.86,56.19,0.294,Yes,0
Online,42.0,31913.96,182.25,0.0,3.6,9.02,0.085,No,0
POS,18.0,25909.13,2419.7,4.0,5.93,25.83,0.195,No,0
POS,52.0,35680.35,7457.9,3.0,8.46,25.42,0.435,Yes,0
Transfer,38.0,39045.15,4565.26,3.0,1.35,30.0,0.008,No,0
POS,36.0,113157.22,,1.0,8.78,16.38,0.277,No,0
Transfer,25.0,41344.61,4785.21,1.0,3.72,12.75,0.336,No,0
Online,44.0,26347.26,7534.91,,4.3,29.94,0.301,No,0
POS,36.0,43828.81,10397.07,4.0,6.57,32.68,0.196,No,0
Online,28.0,50684.23,3910.82,6.0,3.42,18.44,0.286,No,1
ATM,38.0,25290.19,1822.45,2.0,6.38,28.85,0.389,Yes,0
Online,18.0,53927.31,247.28,0.0,1.54,62.97,0.123,No,0
Online,18.0,77530.75,6648.98,10.0,7.63,21.24,0.309,Yes,1
ATM,24.0,47897.56,4184.94,3.0,5.59,2.18,0.396,No,0
POS,40.0,31436.93,2912.32,3.0,4.99,26.66,0.299,Yes,0
Online,36.0,35469.42,1256.39,6.0,5.82,6.49,0.302,No,0
Online,48.0,21331.53,6562.97,10.0,4.94,24.62,0.12,No,0
POS,26.0,42369.83,1932.96,6.0,6.32,38.8,0.596,No,0
Online,42.0,51754.61,2415.41,5.0,4.38,17.78,0.211,No,0
Online,35.0,,2363.87,7.0,4.13,35.63,0.054,No,0
POS,26.0,107719.17,3920.2,3.0,0.1,36.39,0.422,No,0
Online,40.0,64276.13,792.68,1.0,9.09,46.76,0.044,No,0
POS,35.0,20083.78,4387.86,5.0,1.51,69.73,0.136,No,0
POS,29.0,20270.05,1215.8,1.0,9.85,56.42,0.555,No,0
Online,36.0,,1259.21,3.0,4.27,1.43,0.142,No,0
Online,35.0,91340.65,6058.92,1.0,8.65,12.35,0.243,No,0
Online,34.0,67193.55,924.28,5.0,8.13,8.75,0.231,No,1
Online,31.0,93441.26,6048.03,5.0,7.89,31.79,0.357,No,0
Online,22.0,45207.21,2766.71,2.0,5.14,17.94,0.206,No,0
Transfer,37.0,40951.66,480.95,1.0,1.42,9.99,0.211,No,0
ATM,27.0,25668.98,9784.18,4.0,4.45,12.63,0.068,No,0
,25.0,52668.64,3409.43,5.0,4.06,14.11,0.526,No,0
POS,33.0,41197.88,3707.72,3.0,4.69,35.5,0.482,No,0
POS,44.0,40490.2,6845.1,4.0,1.32,4.05,0.13,No,0
ATM,38.0,93203.51,11195.5,6.0,4.14,10.03,0.097,,0
Online,30.0,42512.87,3056.64,1.0,0.1,0.95,0.32,No,0
Online,30.0,81908.61,4634.73,6.0,4.1,35.13,0.375,No,0
Online,43.0,22021.71,3623.63,6.0,5.38,43.78,0.323,No,0
Online,18.0,150854.08,1774.33,8.0,2.65,28.52,0.334,No,0
Online,45.0,38042.0,513.17,6.0,4.19,31.85,0.142,No,0
Transfer,,61861.33,3099.41,3.0,5.49,23.49,0.168,Yes,0
Transfer,20.0,66452.36,9926.7,3.0,8.04,28.22,0.21,No,0
Online,30.0,35976.0,4480.0,2.0,8.16,2.75,0.272,Yes,0
POS,60.0,65054.54,859.73,0.0,5.92,27.43,0.099,No,0
POS,54.0,66593.96,7491.82,8.0,4.91,9.25,0.12,No,0
POS,44.0,32646.82,1834.59,6.0,6.07,32.06,0.308,No,0
POS,40.0,32821.29,308.59,7.0,10.4,16.7,0.176,No,0
Online,18.0,45926.88,6918.47,5.0,6.5,52.02,0.343,Yes,0
ATM,38.0,42720.98,971.33,3.0,5.78,24.33,0.368,No,0
Transfer,30.0,84231.67,14835.44,4.0,8.22,8.48,0.252,No,0
POS,27.0,61735.75,7877.92,4.0,5.14,5.95,0.132,No,0
POS,38.0,43596.28,1990.71,6.0,2.44,9.42,0.246,No,0
,31.0,59109.85,3957.65,3.0,6.38,19.47,0.218,No,1
Online,46.0,17915.54,28225.03,0.0,5.51,49.51,0.128,No,0
Online,18.0,,6795.75,4.0,4.34,13.69,0.416,No,0
POS,,51222.66,3172.41,7.0,6.63,26.64,0.312,Yes,1
Online,26.0,74334.63,44945.23,7.0,0.1,5.49,0.297,No,0
ATM,31.0,49232.73,2811.93,7.0,3.38,31.4,0.235,No,1
POS,39.0,,4473.21,3.0,2.36,17.4,0.227,No,0
POS,24.0,66502.23,980.27,1.0,2.68,26.36,0.38,Yes,0
,38.0,36122.44,468.4,2.0,4.54,55.15,0.051,No,0
Transfer,34.0,42251.87,90049.49,6.0,2.27,21.5,0.284,No,0
Online,,54079.34,2597.89,5.0,10.03,6.26,0.306,No,0
Online,31.0,36773.46,3474.86,3.0,6.35,22.82,0.39,No,0
Online,34.0,89634.75,604.42,3.0,2.62,22.19,0.078,No,0
POS,28.0,27323.19,4840.24,2.0,0.1,35.66,0.018,No,0
Transfer,36.0,51878.81,,2.0,3.25,21.27,0.529,No,0
Online,33.0,62653.12,4595.26,8.0,4.01,53.49,0.237,No,0
Transfer,29.0,39080.02,6367.57,4.0,3.1,36.84,0.335,No,0
Online,53.0,35311.29,1683.34,2.0,12.63,21.67,0.148,No,0
POS,41.0,43485.43,953.58,2.0,0.1,19.67,0.326,No,0
Online,32.0,64849.02,,3.0,5.15,7.59,0.151,No,0
POS,38.0,35935.69,5984.68,5.0,4.61,14.89,0.272,No,0
POS,25.0,27817.02,2910.33,7.0,4.25,4.2,0.384,No,0
POS,31.0,75522.12,10856.01,4.0,0.1,17.75,0.236,No,0
Online,32.0,53857.73,2717.07,2.0,4.87,3.21,0.128,No,0
ATM,22.0,70824.03,110299.38,4.0,5.54,22.08,0.394,No,0
Transfer,40.0,63330.17,918.13,2.0,7.13,6.95,0.22,No,0
POS,30.0,120014.51,2244.52,1.0,6.45,26.99,0.302,No,0
POS,32.0,74321.47,5408.71,4.0,8.65,20.7,0.006,No,0
ATM,30.0,32486.57,10034.71,4.0,0.1,12.69,0.359,No,0
Online,69.0,55605.55,2559.47,4.0,4.3,5.2,0.201,No,0
Transfer,29.0,35015.56,8409.95,4.0,12.51,19.35,0.104,No,0
Online,18.0,36682.72,2017.83,6.0,8.18,18.17,0.132,No,0
ATM,18.0,23832.19,1144.19,6.0,0.64,67.27,0.14,No,0
Online,44.0,39563.68,677.04,3.0,5.26,14.25,0.096,No,0
Online,51.0,57508.22,1506.89,2.0,1.86,33.93,0.163,No,0
POS,29.0,43682.73,703.02,4.0,3.71,10.78,0.091,Yes,0
POS,50.0,27438.49,18649.18,3.0,11.0,8.16,0.05,No,0
Transfer,44.0,22675.93,3879.04,4.0,7.88,28.82,0.227,No,0
Transfer,34.0,116395.42,2272.03,3.0,0.44,13.54,0.093,No,0
Online,33.0,52090.62,13989.3,6.0,2.7,18.94,0.332,Yes,0
Online,,31057.22,679.79,3.0,5.0,1.4,0.103,No,0
POS,46.0,55393.65,2179.61,3.0,4.21,11.24,0.241,No,0
POS,40.0,120517.65,18466.62,1.0,5.94,12.59,0.212,No,0
POS,29.0,59493.71,2164.63,2.0,2.68,7.33,0.497,No,0
Transfer,34.0,,28878.71,2.0,3.9,14.76,0.257,No,0
ATM,58.0,148441.92,5484.33,3.0,2.64,3.66,0.188,Yes,0
Online,,19579.86,9227.76,,3.9,22.08,0.523,No,0
POS,46.0,,9498.99,3.0,7.11,14.81,0.18,No,0
POS,42.0,27021.44,2504.01,6.0,5.89,13.96,0.303,No,0
POS,39.0,32254.63,,3.0,2.9,29.01,0.014,No,0
Online,37.0,51144.09,2227.43,3.0,8.4,7.63,0.083,Yes,0
POS,46.0,17720.14,931.8,2.0,8.19,54.94,0.049,No,0
POS,44.0,43209.14,2340.41,6.0,5.0,7.41,0.299,No,0
Online,,75412.01,2489.01,6.0,4.23,37.4,0.245,No,0
ATM,28.0,30790.44,13538.34,9.0,10.29,49.27,0.483,No,1
Online,40.0,24071.64,4524.77,5.0,9.82,2.53,0.094,No,0
POS,,42265.67,26546.78,7.0,0.46,10.13,0.237,No,0
POS,,38644.67,288.44,3.0,8.58,5.42,0.064,Yes,0
Transfer,65.0,34425.93,,5.0,10.17,28.31,0.023,No,0
Online,19.0,26361.56,1752.33,3.0,6.97,11.42,0.125,Yes,0
Online,47.0,56843.14,11120.44,0.0,3.6,7.86,0.242,No,1
Online,27.0,58822.89,2240.53,6.0,3.96,16.54,0.164,No,0
POS,37.0,27858.04,576.06,7.0,10.13,19.5,0.307,Yes,0
Online,64.0,29648.11,1956.52,3.0,7.51,44.68,0.525,No,1
ATM,25.0,47850.61,754.8,4.0,6.64,44.78,0.329,Yes,0
Online,28.0,29149.14,620.43,5.0,12.0,9.86,0.255,No,0
Online,36.0,48767.32,,4.0,1.98,4.31,0.064,No,0
POS,27.0,87119.73,1758.89,3.0,4.73,25.46,0.076,Yes,0
ATM,46.0,43804.75,2972.62,4.0,5.57,16.02,0.263,No,0
Transfer,30.0,26063.48,2278.08,2.0,4.37,47.18,0.094,No,0
ATM,43.0,53683.68,1944.09,4.0,0.1,48.25,0.274,No,0
POS,21.0,41542.54,1078.56,3.0,8.01,26.67,0.171,No,0
ATM,,42059.78,1832.45,8.0,2.75,21.49,0.4,No,1
POS,,55732.18,3502.67,1.0,2.69,23.16,0.155,No,0
Online,,61413.48,,4.0,3.92,21.13,0.52,No,0
POS,53.0,45724.69,6447.72,4.0,4.31,22.8,0.079,No,0
ATM,19.0,43787.85,738.76,2.0,4.64,12.73,0.139,No,0
Online,25.0,113892.63,6718.22,2.0,7.89,11.56,0.174,No,0
POS,,77239.56,4021.8,0.0,8.51,13.68,0.134,No,0
POS,30.0,65480.88,1338.53,5.0,4.22,64.41,0.238,No,0
POS,19.0,47736.92,100111.0,4.0,3.21,1.46,0.468,No,0
Online,,28619.21,4430.79,4.0,4.61,11.5,0.078,No,0
POS,25.0,74737.83,2620.44,5.0,2.32,13.49,0.21,No,0
Transfer,34.0,,4041.17,7.0,4.91,25.47,0.273,Yes,1
Online,34.0,34706.83,1054.79,2.0,2.16,10.91,0.292,No,0
POS,44.0,40336.2,18340.7,4.0,11.38,50.32,0.317,Yes,0
Online,41.0,29133.26,363.13,4.0,5.38,42.28,0.445,No,1
Online,27.0,72418.41,4455.51,2.0,3.39,52.2,0.049,No,0
Transfer,32.0,61192.78,3607.64,4.0,7.12,21.78,0.037,No,0
POS,34.0,48832.55,4755.18,2.0,1.3,47.63,0.597,No,0
POS,44.0,44141.88,1231.12,3.0,2.87,9.85,0.29,No,0
Online,23.0,33127.43,8048.52,1.0,6.27,19.29,0.138,No,0
Transfer,58.0,17255.48,2244.11,2.0,5.41,2.72,0.046,Yes,0
Online,28.0,23827.62,763.44,4.0,8.15,28.07,0.435,No,0
ATM,36.0,32216.29,836.51,2.0,0.1,27.7,0.33,,0
Online,23.0,30109.11,2832.04,5.0,7.45,21.98,0.182,Yes,0
Online,,51258.16,506.5,5.0,3.37,15.77,0.351,No,0
POS,26.0,64834.29,,4.0,1.49,34.97,0.331,Yes,1
Online,25.0,42472.84,,2.0,0.1,46.25,0.536,No,0
,31.0,84832.19,15535.61,3.0,3.33,66.46,0.083,No,0
Online,25.0,31637.99,13981.21,9.0,9.77,26.98,0.3,No,0
ATM,44.0,42337.4,1758.36,5.0,7.91,18.32,0.377,No,0
ATM,27.0,43979.26,1048.08,3.0,9.9,12.52,0.211,Yes,0
ATM,26.0,73563.31,171.79,4.0,4.66,29.72,0.284,Yes,0
Online,32.0,47196.12,1665.39,8.0,5.32,9.78,0.385,No,0
,47.0,47787.71,14613.47,,0.26,28.3,0.681,No,0
,38.0,21369.89,1092.47,1.0,0.26,10.09,0.259,Yes,0
Online,35.0,30015.22,2026.62,7.0,4.56,18.94,0.289,No,0
Online,20.0,73688.08,1435.8,3.0,0.87,8.85,0.252,No,1
,23.0,17685.74,3637.46,,2.43,13.45,0.648,No,0
Online,22.0,82352.53,9046.48,6.0,5.13,26.26,0.412,No,1
,50.0,56346.01,536.38,5.0,8.82,38.26,0.227,No,0
ATM,42.0,32145.67,649.54,9.0,5.03,15.22,0.103,No,0
Online,27.0,30945.9,11055.31,2.0,0.92,1.6,0.32,No,0
POS,30.0,105619.43,5203.64,4.0,0.1,3.28,0.153,,0
POS,27.0,84927.26,1928.82,2.0,5.36,3.41,0.157,No,0
Online,26.0,42645.18,13782.14,2.0,3.11,48.62,0.254,No,1
Transfer,41.0,47809.71,638.43,4.0,5.35,92.84,0.388,No,0
Online,33.0,33645.55,6343.97,2.0,4.39,18.02,0.02,No,0
POS,59.0,47813.85,2335.1,2.0,4.79,3.65,0.143,No,0
ATM,50.0,33228.43,4585.2,6.0,8.6,8.08,0.245,No,0
Online,50.0,43437.28,229.73,,8.16,7.24,0.093,No,0
ATM,43.0,101627.15,1926.27,2.0,6.11,47.0,0.294,Yes,0
,31.0,43104.88,5223.08,5.0,2.31,13.81,0.107,No,0
POS,43.0,28079.86,2346.58,3.0,3.35,137.01,0.325,No,0
Online,32.0,24332.07,8772.21,3.0,7.29,7.04,0.331,No,0
POS,54.0,,8483.27,,8.9,7.77,0.522,No,0
ATM,40.0,31952.8,958.61,5.0,1.18,13.75,0.18,No,0
ATM,39.0,50281.33,5698.96,5.0,9.58,12.5,0.115,No,0
Transfer,37.0,21712.46,926.47,4.0,2.66,41.81,0.161,No,0
POS,55.0,61391.72,2638.75,4.0,7.01,20.44,0.498,No,0
ATM,20.0,27926.84,4818.29,2.0,13.4,31.26,0.305,No,0
POS,56.0,45947.35,1084.38,3.0,0.23,24.63,0.31,No,0
Transfer,34.0,38645.33,5491.58,6.0,6.52,24.61,0.034,Yes,0
POS,21.0,97508.3,1508.23,3.0,4.06,16.65,0.347,No,0
Transfer,28.0,48610.16,1398.77,3.0,6.34,44.05,0.386,No,0
Online,18.0,107999.31,5067.98,1.0,3.14,37.67,0.221,,0
POS,43.0,,,1.0,0.1,9.68,0.572,No,0
ATM,25.0,85463.99,1029.89,2.0,2.74,14.05,0.254,Yes,0
Online,38.0,40964.4,7081.22,8.0,6.04,8.72,0.239,No,0
Online,48.0,52569.65,2786.67,6.0,9.05,21.22,0.194,Yes,0
Transfer,29.0,77870.88,584.01,5.0,6.22,26.51,0.28,Yes,0
POS,33.0,,5882.21,1.0,9.42,12.61,0.233,No,0
Online,22.0,57146.0,1664.77,3.0,3.52,14.27,0.199,No,0
Online,32.0,38826.07,614.64,3.0,3.28,9.59,0.481,No,0
,64.0,41896.95,203.72,4.0,6.03,7.94,0.439,No,0
POS,45.0,75084.22,6170.04,3.0,3.87,13.82,0.489,No,0
Transfer,33.0,82460.76,1057.99,3.0,8.37,17.01,0.258,No,0
Transfer,29.0,34462.59,720.68,1.0,0.78,9.46,0.053,No,0
POS,36.0,32200.14,4738.37,4.0,7.59,7.44,0.509,No,0
POS,37.0,29958.18,5596.17,3.0,8.62,77.35,0.078,No,0
Online,31.0,65367.67,1137.9,3.0,6.1,13.08,0.366,No,0
Transfer,42.0,29618.49,6227.23,3.0,7.74,22.7,0.108,No,0
Online,26.0,65012.79,19515.0,3.0,3.05,29.95,0.478,No,0
Online,25.0,57525.2,9611.44,7.0,2.51,24.61,0.253,No,0
Transfer,40.0,35211.44,8226.39,4.0,6.06,32.31,0.2,No,1
Transfer,23.0,90958.12,3422.67,3.0,2.83,21.41,0.088,No,0
Online,44.0,23304.49,1604.12,7.0,5.9,4.49,0.273,No,0
POS,36.0,94959.66,2364.12,6.0,5.9,22.26,0.253,No,0
POS,18.0,51943.74,3884.65,2.0,4.8,15.13,0.119,No,0
Online,37.0,17700.67,710.9,5.0,5.85,9.1,0.335,No,0
Online,18.0,92112.29,1158.25,4.0,6.9,62.62,0.272,No,0
Online,44.0,69697.06,599.62,3.0,4.7,3.22,0.355,Yes,0
POS,33.0,37113.0,3162.86,3.0,3.57,27.47,0.23,No,0
POS,56.0,29152.43,2716.5,1.0,7.47,26.35,0.268,No,0
POS,48.0,22210.88,1301.58,2.0,5.82,52.56,0.298,No,0
Online,24.0,133434.84,,0.0,6.35,24.14,0.077,No,1
Transfer,18.0,29699.81,879.58,9.0,6.75,12.08,0.274,No,0
POS,28.0,25483.92,1254.15,4.0,5.45,2.96,0.321,No,0
Transfer,23.0,50765.96,5456.55,5.0,3.97,3.6,0.413,No,0
Online,56.0,21533.51,6328.77,4.0,3.15,13.28,0.198,No,0
POS,36.0,28932.51,1128.13,5.0,4.73,46.86,0.345,Yes,0
ATM,46.0,70414.46,3152.93,8.0,6.45,4.29,0.507,No,0
Online,33.0,55454.19,1147.38,5.0,6.59,21.81,0.074,No,0
Online,34.0,37818.41,2052.28,1.0,5.43,43.73,0.226,No,0
Online,36.0,45372.24,2886.74,5.0,6.06,59.22,0.219,No,0
Online,48.0,36875.62,4378.28,3.0,1.69,15.99,0.12,Yes,0
POS,39.0,43761.9,3434.43,3.0,3.61,39.64,0.244,,1
Online,24.0,31939.62,3285.28,6.0,7.01,13.21,0.336,No,0
Online,54.0,,850.26,5.0,2.5,28.04,0.148,No,0
POS,33.0,34187.41,3686.09,2.0,5.42,28.64,0.347,No,0
Online,31.0,32460.54,4337.75,3.0,5.15,8.64,0.35,No,0
Online,18.0,71982.46,4978.98,10.0,4.66,1.07,0.442,No,0
POS,43.0,,1217.46,,7.04,21.32,0.215,Yes,0
Online,37.0,29580.02,6245.59,2.0,5.68,35.05,0.578,No,0
Online,37.0,26289.91,669.69,5.0,1.41,41.42,0.078,Yes,0
Online,32.0,41925.24,1624.94,4.0,6.55,25.57,0.256,No,0
Online,30.0,118693.19,1897.94,1.0,3.48,33.46,0.157,Yes,0
POS,32.0,28337.76,707.43,4.0,0.91,10.36,0.396,No,0
Online,41.0,41850.83,1869.33,1.0,7.23,43.84,0.023,No,0
Online,43.0,46832.93,3119.81,5.0,1.44,37.1,0.409,No,0
Transfer,33.0,42852.91,402.73,7.0,3.94,30.18,0.168,No,0
Transfer,46.0,36615.37,1684.73,2.0,5.88,11.12,0.154,No,0
Online,35.0,75675.05,435.13,3.0,4.78,19.94,0.526,No,0
Online,30.0,55211.37,19256.13,4.0,3.13,14.96,0.47,No,0
POS,38.0,65843.12,101641.39,2.0,2.02,15.96,0.116,No,0
ATM,21.0,58667.36,2835.22,5.0,2.72,32.17,0.287,,0
ATM,39.0,67285.13,3153.03,4.0,1.77,30.16,0.122,No,0
Online,19.0,91803.01,4575.94,5.0,4.62,2.26,0.228,No,0
Online,25.0,81910.92,6648.86,2.0,3.36,10.92,0.247,No,0
POS,18.0,128101.67,523.48,3.0,0.86,26.33,0.193,No,0
Transfer,34.0,77825.26,9267.08,4.0,4.13,16.34,0.144,No,0
Transfer,54.0,33295.14,8689.51,4.0,3.07,6.62,0.522,No,0
Online,35.0,65887.77,2339.52,4.0,5.8,40.48,0.246,Yes,0
POS,43.0,61951.9,2220.12,3.0,6.09,137.9,0.263,No,0
Online,62.0,,112.31,7.0,9.03,6.6,0.227,Yes,0
POS,40.0,29120.46,720.58,1.0,6.94,2.51,0.125,Yes,0
Transfer,28.0,57843.46,4200.23,5.0,1.74,56.61,0.226,No,0
,29.0,33121.44,8305.42,5.0,0.1,9.6,0.095,No,0
Online,36.0,56673.56,5181.67,2.0,0.44,33.72,0.372,No,0
POS,29.0,40854.89,2317.7,3.0,3.49,9.41,0.162,No,0
POS,30.0,55836.26,17152.83,1.0,0.18,65.18,0.504,No,0
ATM,47.0,23855.39,6830.97,5.0,3.15,35.85,0.241,No,0
Online,47.0,64303.52,1686.18,6.0,5.1,9.52,0.184,No,0
Transfer,18.0,49372.29,22162.49,2.0,3.31,8.15,0.113,No,0
Online,27.0,48189.89,835.37,13.0,5.84,8.95,0.285,No,0
Online,31.0,108230.72,,5.0,3.17,13.28,0.425,No,0
Online,43.0,37884.61,1640.8,4.0,2.71,41.76,0.211,No,0
Online,49.0,52493.11,1170.76,2.0,10.12,2.94,0.692,No,0
Online,66.0,47076.99,1735.61,2.0,4.9,10.92,0.117,No,0
POS,31.0,49194.42,5553.24,6.0,5.34,36.41,0.046,No,1
,31.0,122299.66,2416.48,6.0,7.53,37.17,0.075,No,0
Online,42.0,46310.82,2479.34,3.0,7.63,44.9,0.485,No,0
Online,28.0,34861.62,2651.45,4.0,3.9,5.04,0.603,No,0
Online,34.0,104435.41,247.58,3.0,8.14,15.59,0.212,No,0
Transfer,31.0,39181.42,549.38,4.0,3.65,10.28,0.481,No,0
Transfer,18.0,21852.87,1700.6,3.0,8.05,60.24,0.264,No,0
Online,37.0,32242.42,1076.12,3.0,1.3,21.46,0.575,No,0
ATM,34.0,25679.63,1982.79,4.0,4.08,8.28,0.555,No,0
ATM,50.0,20018.92,10179.94,4.0,5.67,57.76,0.282,No,0
Transfer,36.0,38217.97,2320.64,3.0,6.08,17.2,0.12,No,0
,22.0,43600.36,666.39,3.0,2.47,21.06,0.622,No,0
Online,33.0,76546.63,1131.1,0.0,0.1,67.28,0.29,No,0
POS,18.0,59733.51,13830.37,6.0,6.38,22.24,0.39,No,0
Transfer,23.0,58521.13,11574.27,4.0,4.38,47.87,0.035,,0
ATM,43.0,30105.8,4536.56,6.0,3.83,13.49,0.137,No,0
POS,33.0,67012.72,524.04,6.0,9.96,34.93,0.111,No,0
Online,46.0,84159.79,3397.69,3.0,4.12,23.52,0.024,No,0
ATM,18.0,53743.32,3669.25,4.0,3.45,39.66,0.145,No,0
Transfer,33.0,54423.46,2564.67,6.0,0.1,21.4,0.079,Yes,0
POS,31.0,25471.27,1413.8,4.0,1.75,20.91,0.209,No,0
POS,47.0,72324.19,1739.61,5.0,7.63,46.15,0.544,No,0
POS,43.0,100287.02,1318.61,6.0,2.82,10.8,0.086,No,0
POS,43.0,52038.88,795.5,1.0,6.89,11.99,0.153,Yes,0
POS,53.0,34439.42,9798.98,5.0,1.12,74.75,0.109,No,0
ATM,32.0,41836.32,6041.21,3.0,2.39,10.23,0.129,Yes,0
Transfer,51.0,37243.34,1880.17,3.0,2.32,13.99,0.043,No,0
POS,25.0,38262.11,3555.41,5.0,6.43,10.31,0.393,Yes,0
Online,24.0,60235.08,3691.35,6.0,4.36,12.38,0.193,No,0
POS,44.0,51030.39,26028.04,8.0,1.67,4.69,0.088,No,0
Online,19.0,70699.18,,,7.14,29.99,0.201,Yes,0
Online,42.0,53173.95,5760.71,3.0,6.48,34.02,0.222,Yes,0
Online,37.0,30502.93,2596.78,7.0,6.02,1.8,0.322,No,0
POS,48.0,35922.04,1619.09,3.0,5.89,14.73,0.378,No,0
Online,35.0,34931.33,9964.22,3.0,2.44,14.41,0.213,No,0
Online,37.0,41378.07,4799.75,8.0,8.78,6.87,0.566,Yes,0
ATM,42.0,100915.51,1090.62,3.0,4.7,6.66,0.501,Yes,0
Online,29.0,108458.47,3935.97,3.0,5.8,14.17,0.417,Yes,0
POS,28.0,65570.97,5775.8,6.0,6.15,45.63,0.363,Yes,0
Transfer,41.0,47470.39,307.42,2.0,2.17,24.22,0.032,No,1
POS,36.0,24383.8,993.92,0.0,10.69,24.89,0.395,No,0
Online,32.0,49683.17,3593.24,5.0,4.92,11.54,0.483,Yes,0
Online,35.0,31536.93,364.89,5.0,5.1,6.96,0.269,No,0
POS,54.0,93728.03,427.48,3.0,3.76,67.2,0.357,Yes,0
POS,31.0,21843.75,1907.57,1.0,8.45,44.17,0.092,No,0
Online,31.0,53499.94,4087.1,6.0,8.58,42.26,0.072,No,0
POS,18.0,30363.91,4280.52,4.0,5.47,25.11,0.303,No,0
POS,36.0,,12166.55,3.0,0.6,39.16,0.09,No,0
Online,43.0,60727.29,2714.36,1.0,4.51,32.01,0.182,,0
POS,45.0,71275.2,1722.26,4.0,4.81,8.29,0.115,No,0
Online,37.0,43787.65,676.33,4.0,3.65,68.6,0.547,No,0
Online,47.0,,1701.76,4.0,2.05,39.63,0.12,No,0
ATM,44.0,33399.83,5072.43,2.0,0.34,17.28,0.246,No,0
Online,48.0,50257.25,5306.93,5.0,9.41,6.22,0.735,No,0
POS,47.0,70644.19,3257.34,4.0,7.22,6.65,0.145,No,0
POS,53.0,52253.52,4320.65,3.0,5.1,25.16,0.227,No,0
Online,34.0,35461.86,8959.14,5.0,3.05,18.35,0.214,No,0
Transfer,21.0,39689.77,2695.44,5.0,6.08,12.28,0.136,No,0
Online,43.0,71073.01,9812.03,4.0,5.61,24.51,0.325,No,0
Online,45.0,27531.54,1208.82,2.0,3.8,20.02,0.188,No,0
Transfer,53.0,29421.35,2323.33,4.0,6.17,16.51,0.63,No,1
,50.0,58990.56,1545.67,3.0,6.54,7.1,0.252,Yes,0
POS,57.0,36930.87,5523.41,5.0,7.06,19.98,0.125,No,0
Online,43.0,23401.18,906.47,3.0,2.34,50.35,0.262,No,0
Online,39.0,82643.06,1812.17,3.0,6.29,6.39,0.064,No,0
POS,21.0,27435.63,389.31,3.0,8.53,47.94,0.438,No,0
,39.0,41137.45,4529.75,4.0,5.89,49.38,0.161,No,0
Online,30.0,34051.64,8697.89,2.0,11.62,23.29,0.217,No,0
ATM,38.0,39358.22,6215.2,5.0,4.46,23.32,0.367,No,0
Online,37.0,30222.41,5634.56,6.0,0.1,21.46,0.287,Yes,0
Online,41.0,62059.16,5787.45,4.0,2.45,27.08,0.241,No,0
Online,35.0,47301.08,5032.84,4.0,2.99,14.67,0.226,No,0
POS,46.0,70056.82,4621.35,5.0,6.68,31.27,0.109,No,0
POS,18.0,34210.64,4929.34,6.0,7.5,2.41,0.542,No,0
Transfer,38.0,117509.86,1297.72,5.0,5.41,83.2,0.291,No,0
Online,49.0,19097.75,2046.43,2.0,5.88,35.61,0.096,No,0
Online,57.0,22050.86,,8.0,10.75,24.58,0.176,No,0
POS,44.0,99042.66,86474.84,2.0,2.51,34.73,0.503,No,0
POS,55.0,55700.06,522.04,3.0,4.78,21.58,0.398,No,0
POS,38.0,52472.34,727.08,6.0,3.64,32.95,0.089,No,0
Transfer,36.0,54638.37,3146.42,3.0,1.48,21.55,0.112,No,0
POS,42.0,,6184.63,,0.1,15.02,0.118,No,0
POS,36.0,51498.77,2523.46,4.0,8.89,28.85,0.261,Yes,0
Transfer,27.0,,39690.53,6.0,2.71,24.91,0.114,No,0
Online,30.0,65029.98,996.53,5.0,4.25,30.79,0.324,No,0
Transfer,24.0,60580.17,3901.0,2.0,6.29,13.13,0.119,No,0
POS,42.0,85580.42,9092.9,4.0,1.43,3.5,0.14,No,0
POS,36.0,99541.13,7257.01,9.0,2.5,23.71,0.263,No,0
Transfer,32.0,52215.36,4813.18,5.0,4.93,34.27,0.258,No,0
POS,30.0,25900.58,7290.3,1.0,3.69,68.34,0.156,No,0
POS,42.0,99912.8,2642.39,1.0,1.17,28.31,0.225,Yes,0
Online,45.0,28459.87,13186.22,4.0,6.82,9.42,0.084,No,1
POS,24.0,52391.61,9020.05,3.0,3.61,46.17,0.1,No,0
POS,22.0,40090.21,1066.16,2.0,5.41,22.42,0.246,No,0
Online,46.0,37072.71,,7.0,5.17,46.56,0.281,No,0
ATM,21.0,63471.92,532.06,7.0,7.91,12.73,0.193,No,0
POS,42.0,50232.86,11451.03,0.0,6.06,18.68,0.268,No,0
POS,54.0,56691.32,3128.4,4.0,2.41,36.0,0.644,Yes,0
Online,54.0,31174.6,9631.74,5.0,8.49,39.18,0.336,No,0
POS,44.0,41609.51,2241.02,1.0,3.58,26.62,0.098,Yes,1
Online,44.0,31828.81,390.64,4.0,2.56,30.25,0.098,No,0
Online,61.0,,34940.91,2.0,2.11,38.45,0.255,No,0
POS,18.0,42658.2,2850.17,5.0,0.1,20.41,0.336,No,0
Online,31.0,103192.83,919.51,5.0,3.17,22.6,0.18,No,0
Online,45.0,40042.35,7862.09,8.0,6.19,67.21,0.393,No,1
POS,32.0,17290.26,19147.04,4.0,0.91,13.06,0.336,Yes,0
Online,50.0,84306.05,2041.84,5.0,10.13,5.35,0.63,No,0
Transfer,36.0,55082.34,2263.81,3.0,0.1,22.73,0.124,No,0
Transfer,37.0,42423.73,3171.92,5.0,2.65,22.28,0.09,No,0
POS,33.0,36962.93,823.1,0.0,0.54,7.14,0.248,No,0
Transfer,30.0,29386.81,1253.1,3.0,7.75,21.21,0.536,Yes,0
Transfer,30.0,107639.12,14853.22,7.0,6.96,5.39,0.208,No,0
Online,39.0,46062.2,2190.4,4.0,4.2,12.2,0.2,No,0
ATM,27.0,20587.3,1081.92,7.0,0.73,28.09,0.13,No,0
Online,,,1590.82,3.0,1.4,5.71,0.436,No,0
POS,43.0,77435.07,7309.06,1.0,5.75,16.87,0.159,Yes,0
POS,48.0,48281.96,346.59,4.0,2.97,2.37,0.316,No,0
Online,24.0,29992.44,3225.02,5.0,3.31,13.26,0.447,No,0
Online,18.0,28808.75,29327.03,5.0,4.78,46.07,0.281,No,0
Transfer,36.0,29780.95,19055.45,4.0,3.76,87.82,0.167,No,0
,68.0,89247.07,4434.85,4.0,0.1,18.36,0.423,No,0
Online,50.0,43571.95,9325.32,3.0,1.01,27.2,0.397,No,0
Online,30.0,21141.47,9236.08,1.0,1.08,7.46,0.194,Yes,0
POS,41.0,53491.5,2204.36,4.0,2.82,26.06,0.058,No,0
ATM,44.0,47948.57,6303.37,4.0,5.27,51.62,0.256,No,0
ATM,21.0,36769.16,14952.43,3.0,5.15,21.25,0.141,No,0
POS,,28430.98,706.47,2.0,8.56,42.18,0.274,Yes,0
Online,34.0,27880.01,4450.17,4.0,0.78,12.2,0.224,No,0
Online,35.0,73379.73,3588.61,1.0,5.92,3.67,0.384,No,0
POS,36.0,50301.92,2771.68,,2.64,15.57,0.127,Yes,0
ATM,49.0,55815.53,2536.85,5.0,10.93,11.87,0.126,No,0
ATM,28.0,50239.62,3151.76,3.0,4.68,40.26,0.225,No,0
POS,18.0,52149.91,3427.61,2.0,3.32,40.72,0.196,No,0
POS,40.0,36447.94,7651.53,4.0,5.82,6.97,0.258,No,0
POS,18.0,41019.16,4026.13,5.0,5.59,29.11,0.203,,0
POS,33.0,76010.6,,7.0,3.86,35.26,0.448,No,0
POS,49.0,85049.04,1079.36,4.0,6.78,13.73,0.052,Yes,0
POS,42.0,25964.26,1558.69,4.0,9.53,22.7,0.324,No,0
POS,47.0,40974.34,3246.11,5.0,7.75,32.36,0.291,No,0
Transfer,43.0,65650.22,1233.95,4.0,4.55,43.54,0.313,Yes,0
POS,63.0,104962.0,6437.68,5.0,10.33,23.13,0.224,No,0
Online,30.0,100337.98,3843.36,5.0,6.45,27.78,0.307,Yes,0
Online,40.0,31455.43,7844.54,1.0,1.71,34.96,0.36,No,0
POS,,79872.63,1319.79,4.0,5.16,6.99,0.117,No,0
POS,47.0,46203.19,1088.96,4.0,4.35,1.7,0.312,No,0
POS,35.0,71998.84,7786.16,3.0,3.38,31.67,0.199,No,0
ATM,55.0,64160.51,2846.94,2.0,5.94,23.63,0.317,No,0
Online,30.0,25479.61,2041.68,6.0,0.1,6.36,0.402,Yes,0
POS,51.0,57636.2,5027.64,7.0,9.81,33.26,0.3,No,0
ATM,43.0,70755.19,4844.0,3.0,6.84,6.21,0.278,Yes,0
POS,36.0,44593.7,712.15,4.0,0.1,22.19,0.222,No,0
POS,42.0,40278.59,9983.52,4.0,6.8,32.12,0.139,No,0
Online,39.0,22184.94,1658.45,,6.33,40.71,0.468,Yes,1
POS,40.0,61208.76,13685.12,3.0,9.4,15.59,0.549,No,0
ATM,,49432.06,658.85,4.0,10.17,38.8,0.071,No,0
Transfer,28.0,29715.82,3433.88,4.0,10.68,17.35,0.1,No,0
POS,32.0,38862.68,2076.47,9.0,4.17,9.36,0.333,Yes,0
Online,18.0,48240.02,346.82,6.0,6.62,12.17,0.133,No,0
POS,45.0,34997.49,4828.32,5.0,3.56,13.92,0.3,No,0
ATM,22.0,45054.24,365.08,5.0,7.94,0.55,0.404,Yes,1
Online,34.0,20474.76,1867.54,2.0,0.1,34.74,0.064,No,0
ATM,43.0,82591.13,7542.59,0.0,1.17,27.08,0.59,Yes,0
Online,45.0,45323.32,1471.46,8.0,3.7,12.31,0.316,No,0
Online,18.0,27438.67,1012.64,4.0,4.82,28.67,0.095,No,0
Online,35.0,15000.0,5565.84,5.0,5.49,6.1,0.158,No,0
Online,,71505.42,1947.94,3.0,8.82,29.56,0.132,,0
Transfer,37.0,57847.12,1667.34,4.0,3.05,33.62,0.113,No,0
POS,51.0,49475.18,115282.44,6.0,1.12,5.09,0.294,Yes,0
Online,27.0,66373.91,778.03,6.0,3.84,36.6,0.259,No,0
POS,18.0,66291.84,1578.83,2.0,3.18,17.52,0.146,No,0
POS,45.0,49114.76,5946.11,6.0,6.66,17.59,0.254,No,0
Online,30.0,40135.7,729.31,5.0,9.58,5.14,0.279,No,0
Online,18.0,37298.34,14755.82,5.0,9.31,41.34,0.24,No,0
POS,34.0,54384.89,2012.63,4.0,8.27,41.56,0.159,Yes,0
,50.0,84379.68,5994.35,3.0,3.29,56.34,0.15,Yes,0
ATM,22.0,42963.72,121108.09,5.0,4.51,44.55,0.24,No,0
Online,62.0,87450.89,2146.85,3.0,6.27,23.44,0.101,Yes,0
ATM,27.0,53227.82,1548.49,3.0,2.69,25.77,0.147,No,0
ATM,37.0,53408.69,2394.86,3.0,2.97,1.83,0.063,No,0
Online,23.0,132815.61,5098.65,6.0,6.12,1.38,0.415,No,0
Online,36.0,94667.21,932.27,3.0,0.91,18.57,0.21,No,0
Transfer,35.0,95778.35,750.54,12.0,8.28,18.08,0.431,No,0
,20.0,31429.17,11028.62,3.0,3.8,8.96,0.073,No,0
POS,67.0,120680.27,1198.94,,6.62,19.16,0.202,No,0
Online,31.0,43365.53,3562.19,5.0,5.62,10.51,0.305,No,0
Online,31.0,40621.26,2042.32,6.0,8.76,41.75,0.379,No,0
POS,47.0,17030.41,2134.91,6.0,0.1,21.8,0.302,No,0
Transfer,56.0,52117.11,10450.82,4.0,8.78,11.67,0.186,No,0
Online,48.0,27636.94,2295.89,3.0,8.71,41.71,0.176,No,0
ATM,23.0,54075.26,1749.74,1.0,5.84,6.02,0.445,No,0
POS,38.0,26681.17,1908.99,3.0,6.56,72.66,0.209,Yes,1
Online,18.0,101051.21,1511.09,4.0,6.79,24.12,0.537,No,0
Online,46.0,57677.71,1279.16,3.0,2.3,18.25,0.217,No,0
Online,18.0,125537.52,1517.17,4.0,5.16,3.95,0.161,No,0
POS,27.0,,13190.55,4.0,7.67,20.17,0.26,No,0
POS,36.0,90359.23,5092.55,4.0,0.1,16.98,0.278,Yes,0
POS,41.0,,1770.2,6.0,6.41,31.66,0.015,No,1
Online,33.0,49417.1,6672.18,1.0,5.26,18.11,0.165,No,0
POS,53.0,33866.7,511.25,3.0,6.88,6.29,0.113,No,0
POS,44.0,36784.7,9894.4,4.0,1.18,16.08,0.165,No,0
POS,43.0,35667.47,9128.91,5.0,2.77,10.57,0.079,No,0
POS,22.0,29815.85,23397.4,7.0,0.81,5.98,0.336,No,0
Online,55.0,,6874.66,7.0,0.78,46.37,0.207,Yes,0
POS,27.0,36876.35,3871.05,3.0,7.49,3.21,0.124,No,0
POS,55.0,47412.0,9092.33,4.0,3.23,42.6,0.255,No,1
POS,58.0,75968.97,1337.07,4.0,3.01,20.93,0.093,,0
Online,42.0,51396.5,1683.5,5.0,8.27,33.71,0.552,No,0
POS,47.0,76066.32,2344.44,6.0,3.97,49.1,0.092,No,0
POS,18.0,23138.15,9827.38,7.0,7.89,11.82,0.013,No,0
Online,34.0,37033.62,1062.27,4.0,1.85,21.84,0.097,No,0
Transfer,48.0,61967.79,955.26,4.0,3.96,12.77,0.124,No,0
ATM,46.0,52514.97,3167.14,4.0,2.28,17.09,0.021,No,0
Online,23.0,30542.94,5123.42,4.0,6.64,32.01,0.4,No,0
POS,33.0,,1237.64,2.0,4.38,19.34,0.454,No,0
POS,18.0,35431.09,4887.64,6.0,7.19,21.59,0.344,Yes,0
Transfer,41.0,31716.88,9822.64,5.0,5.46,8.5,0.262,No,0
Online,18.0,56024.49,8304.13,6.0,0.1,18.52,0.064,No,0
Online,48.0,45125.1,3559.37,6.0,4.21,13.79,0.201,Yes,0
POS,49.0,35564.64,2283.46,3.0,0.39,20.44,0.265,No,0
Online,31.0,35025.33,14181.16,4.0,6.04,7.86,0.285,No,1
POS,42.0,27806.06,2538.81,4.0,6.67,11.91,0.42,No,0
POS,34.0,37659.14,6402.22,6.0,6.98,24.47,0.15,No,0
Online,39.0,73822.73,17717.84,6.0,4.63,30.67,0.393,No,0
POS,23.0,50234.91,5763.58,7.0,0.1,22.76,0.349,No,0
Transfer,,69271.24,922.38,2.0,5.63,15.81,0.096,No,0
ATM,18.0,56763.49,724.17,3.0,6.22,11.34,0.251,No,0
POS,18.0,34163.29,1856.44,4.0,4.45,2.97,0.18,No,0
Online,35.0,21424.8,5082.43,4.0,5.26,47.39,0.267,No,0
Online,34.0,29653.44,3900.39,5.0,0.1,40.44,0.549,No,0
Transfer,39.0,33268.35,22722.89,2.0,5.2,52.14,0.117,No,0
ATM,29.0,32130.32,3862.63,1.0,4.67,51.14,0.211,Yes,0
POS,57.0,69973.84,1801.91,4.0,1.36,25.28,0.059,No,0
Transfer,38.0,69646.14,804.89,5.0,6.58,83.53,0.23,No,0
Online,39.0,121754.7,8139.49,8.0,3.52,17.43,0.33,No,0
POS,38.0,31912.19,2484.89,5.0,5.69,21.87,0.3,Yes,0
Online,47.0,92343.4,554.41,1.0,6.46,11.6,0.402,No,0
Online,42.0,92086.9,2556.28,4.0,5.99,5.72,0.181,Yes,0
POS,,40534.11,923.63,4.0,0.98,13.61,0.1,No,0
POS,44.0,55687.87,1633.38,8.0,3.85,12.93,0.246,No,0
Transfer,18.0,78648.81,2515.53,4.0,11.39,33.78,0.323,No,0
Online,18.0,43822.46,1011.17,5.0,9.19,23.44,0.125,No,0
ATM,35.0,42321.12,,4.0,7.5,28.34,0.283,Yes,0
ATM,34.0,33932.07,1187.88,0.0,5.82,25.31,0.223,Yes,0
POS,42.0,15559.09,1220.18,5.0,2.04,25.86,0.317,No,0
Transfer,36.0,,912.35,2.0,4.51,11.94,0.273,No,0
POS,42.0,32694.97,1542.69,5.0,3.73,24.75,0.009,No,0
POS,22.0,27736.68,1021.83,6.0,4.75,35.4,0.221,,0
Online,36.0,54415.48,4494.59,2.0,0.66,45.63,0.296,No,0
Online,21.0,23419.57,3055.95,5.0,7.86,40.12,0.509,Yes,0
Transfer,40.0,64676.53,8256.54,3.0,0.1,31.43,0.546,No,0
POS,18.0,55940.14,16493.96,3.0,7.57,23.15,0.4,No,0
Online,40.0,37583.89,4921.51,4.0,7.63,14.53,0.15,Yes,0
Online,20.0,43736.06,3919.16,3.0,11.98,25.83,0.287,No,0
POS,32.0,26339.32,5241.61,6.0,4.25,53.68,0.336,No,0
ATM,46.0,63074.39,3986.36,6.0,3.44,16.37,0.26,No,0
Online,39.0,48958.67,2628.7,3.0,5.36,62.0,0.396,Yes,0
ATM,18.0,50627.5,2427.75,3.0,6.68,26.61,0.131,No,0
POS,29.0,56402.48,899.98,3.0,4.73,47.17,0.276,Yes,0
ATM,19.0,33702.62,5784.66,4.0,1.45,12.75,0.115,No,0
Online,18.0,22716.38,2422.97,2.0,6.68,11.54,0.277,No,0
POS,37.0,69231.49,10652.66,7.0,5.0,6.31,0.436,Yes,0
Online,42.0,61349.42,6242.79,5.0,1.98,53.29,0.379,No,0
POS,41.0,35366.0,1336.88,3.0,0.13,26.52,0.218,No,0
ATM,43.0,54096.1,8697.03,5.0,12.41,35.08,0.016,No,0
POS,36.0,79261.34,193.12,5.0,7.5,21.87,0.358,No,0
Online,33.0,75119.33,17227.66,4.0,6.68,23.32,0.147,No,0
Transfer,24.0,34904.33,655.63,5.0,4.66,5.41,0.637,No,0
Online,31.0,23028.21,4101.71,5.0,7.07,26.87,0.571,No,0
POS,21.0,24876.3,3833.23,2.0,1.84,37.84,0.053,Yes,0
Transfer,27.0,,7690.67,5.0,5.6,2.46,0.369,Yes,0
POS,37.0,86895.41,1799.65,4.0,5.73,14.67,0.349,No,0
ATM,35.0,32422.81,292.52,4.0,1.92,10.48,0.307,No,0
POS,70.0,34408.89,1802.19,5.0,4.69,31.02,0.086,No,0
ATM,21.0,34091.65,2007.98,,3.76,29.82,0.121,No,0
POS,35.0,35423.79,322.1,1.0,2.71,34.93,0.085,No,0
POS,20.0,44773.23,2616.04,5.0,3.38,22.14,0.177,No,0
Online,32.0,25295.84,852.52,5.0,0.1,3.33,0.061,No,0
,32.0,73304.68,4784.47,5.0,8.19,25.69,0.127,,0
Online,45.0,42160.89,1954.65,5.0,9.69,5.7,0.255,No,1
Transfer,31.0,137314.38,17767.76,0.0,2.22,29.42,0.377,Yes,0
Online,34.0,26537.41,1935.01,7.0,8.33,5.91,0.057,No,0
Online,31.0,92028.86,3844.65,4.0,4.9,8.55,0.278,Yes,0
Transfer,21.0,84164.05,2020.25,5.0,4.97,43.89,0.106,No,0
Online,29.0,37390.05,493.13,4.0,1.11,18.77,0.066,,0
POS,,37670.8,2037.2,3.0,3.33,19.3,0.482,No,0
ATM,37.0,29727.68,5310.6,2.0,6.6,8.32,0.137,No,0
Online,42.0,29881.6,113983.19,4.0,2.07,40.75,0.157,No,0
Online,33.0,44987.73,1864.56,1.0,2.77,26.78,0.322,No,0
POS,,,582.48,4.0,3.48,25.35,0.141,No,1
Online,18.0,21880.65,4762.39,6.0,0.1,7.16,0.043,No,0
Online,42.0,126310.09,3802.95,4.0,5.98,22.04,0.286,Yes,0
Online,,40040.04,5810.7,4.0,6.91,92.54,0.225,Yes,0
POS,44.0,46348.46,1900.62,4.0,6.09,11.38,0.095,No,0
Online,50.0,33948.87,463.9,4.0,7.83,43.01,0.309,No,0
Online,34.0,39905.26,4263.33,4.0,3.67,1.95,0.169,No,1
POS,25.0,38306.41,2477.25,2.0,10.43,34.29,0.194,No,0
POS,36.0,44940.7,10054.04,3.0,2.47,27.66,0.087,No,0
Online,40.0,44705.52,2572.87,7.0,4.33,17.32,0.364,Yes,0
Online,33.0,64641.22,2388.88,8.0,4.03,26.58,0.447,No,0
Transfer,30.0,,3794.47,3.0,5.56,27.07,0.162,No,0
POS,42.0,61780.63,1376.25,5.0,4.28,26.91,0.317,Yes,0
POS,41.0,44801.77,1311.48,5.0,4.69,14.93,0.312,No,0
POS,32.0,49935.2,2266.86,2.0,2.96,13.52,0.47,Yes,0
Online,18.0,40369.52,995.89,0.0,3.68,10.19,0.184,No,0
ATM,41.0,70672.94,1988.13,7.0,0.1,4.77,0.455,Yes,0
Transfer,28.0,52031.15,17389.25,1.0,7.41,19.11,0.107,Yes,0
Transfer,38.0,41910.18,7091.7,2.0,1.93,39.11,0.358,Yes,0
Online,38.0,,3401.88,8.0,3.53,12.99,0.277,Yes,0
Online,18.0,42841.39,11798.45,3.0,1.82,7.17,0.164,No,0
Online,37.0,45620.73,,2.0,6.71,10.42,0.144,Yes,0
Online,42.0,43873.04,30166.46,4.0,3.37,21.58,0.092,No,0
Online,43.0,34994.25,1577.42,3.0,0.1,21.55,0.131,No,0
POS,,63489.07,,5.0,5.84,9.47,0.122,No,0
Online,18.0,65319.9,18461.62,3.0,2.76,19.4,0.173,No,0
Transfer,50.0,,433.03,6.0,4.93,17.0,0.09,No,0
Online,41.0,34296.01,10841.52,4.0,7.5,29.29,0.122,No,0
Online,23.0,60737.42,1882.09,5.0,2.04,50.3,0.263,No,0
Transfer,27.0,19059.21,1416.69,4.0,4.85,12.64,0.152,No,0
ATM,39.0,65348.33,4224.62,5.0,2.69,11.05,0.083,No,0
POS,43.0,23364.1,912.45,2.0,7.96,21.35,0.056,No,0
POS,31.0,28896.3,4130.04,4.0,5.24,24.64,0.575,No,0
Online,45.0,52256.48,975.79,3.0,4.93,30.42,0.258,No,0
Online,18.0,34021.34,2984.31,6.0,1.28,3.98,0.073,No,0
POS,25.0,,,1.0,7.25,70.09,0.13,No,0
POS,18.0,36179.59,3679.62,2.0,7.63,15.6,0.156,No,0
POS,26.0,,1744.55,4.0,2.7,11.62,0.111,No,0
